URS0000002059	CRW	CRW:d.16.c.P.palmata	2822	rRNA	
URS000000EA87	CRW	CRW:d.16.b.A.tumefaciens	358	rRNA	
URS000001653C	CRW	CRW:b.16.e.E.granulosus	6210	rRNA	
URS0000019328	CRW	CRW:d.233.b.L.lactis	1358	rRNA	
URS0000019328	CRW	CRW:d.235.b.L.lactis	1358	rRNA	
URS00000193A0	CRW	CRW:d.16.b.M.leprae	1769	rRNA	
URS000001A816	CRW	CRW:d.5.e.L.usitatissimum	4006	rRNA	
URS000001F88D	CRW	CRW:d.16.m.R.unicornis	9809	ncRNA	
URS000001F8E3	CRW	CRW:d.233.b.L.monocytogenes.1	1639	rRNA	
URS000001F8E3	CRW	CRW:d.235.b.L.monocytogenes.1	1639	rRNA	
URS00000232BC	CRW	CRW:d.5.e.H.oculata	6058	rRNA	
URS00000295B7	CRW	CRW:d.16.e.N.spodopterae	231490	rRNA	
URS000002B0D5	CRW	CRW:d.5.e.B.taurus	9913	rRNA	
URS0000040D5D	CRW	CRW:d.16.b.P.pacificensis	112002	rRNA	
URS0000043C49	CRW	CRW:d.16.m.N.robinsoni	58079	ncRNA	
URS000004760B	CRW	CRW:d.5.e.L.edodes	5353	rRNA	
URS0000049E57	CRW	CRW:d.5.b.E.coli	562	rRNA	
URS0000049E57	CRW	CRW:d.5.b.E.coli.03	562	rRNA	
URS0000049E57	CRW	CRW:h.5.b.E.coli.hlxnum	562	rRNA	
URS0000049E57	CRW	CRW:s.5.b.E.coli.schem	562	rRNA	
URS000004AC5B	CRW	CRW:d.5.e.N.dofleini	6150	rRNA	
URS000004C2F7	CRW	CRW:d.5.e.P.coxalis	63229	rRNA	
URS000004FAFF	CRW	CRW:d.16.b.C.trachomatis.L2	813	rRNA	
URS000004FEEF	CRW	CRW:d.16.e.G.steinii	99926	rRNA	
URS0000056B7A	CRW	CRW:d.16.m.M.putorius	9668	ncRNA	
URS0000057391	CRW	CRW:d.16.b.S.nodosus	40318	rRNA	
URS00000592DE	CRW	CRW:d.16.b.R.felis.URRWXCal2	315456	rRNA	
URS000005A223	CRW	CRW:d.16.m.H.lar.2	9580	ncRNA	
URS000005A223	CRW	CRW:d.16.m.H.lar.geno	9580	ncRNA	
URS000005B7EF	CRW	CRW:d.5.e.C.quinquecirrha	6148	rRNA	
URS0000066AC5	CRW	CRW:d.16.e.E.aediculatus	5940	rRNA	
URS00000729D7	CRW	CRW:d.16.e.G.max	3847	rRNA	
URS0000072C07	CRW	CRW:d.16.e.S.mytilus	5950	rRNA	
URS000007D6C1	CRW	CRW:d.5.a.P.occultum	2309	rRNA	
URS000007E1BE	CRW	CRW:d.233.b.P.aeruginosa	287	rRNA	
URS000007E1BE	CRW	CRW:d.235.b.P.aeruginosa	287	rRNA	
URS000008172F	CRW	CRW:d.16.e.A.thaliana	3702	rRNA	
URS0000081CD5	CRW	CRW:d.16.b.Anabaena.sp	1167	rRNA	
URS0000084077	CRW	CRW:d.5.e.Phytomonas.sp	134003	rRNA	
URS000008DAFB	CRW	CRW:d.16.e.P.anserina	5145	rRNA	
URS000009465E	CRW	CRW:d.5.e.A.magnoliae	7030	rRNA	
URS0000096D6E	CRW	CRW:b.16.m.S.cereale	4550	ncRNA	
URS000009E6CA	CRW	CRW:d.16.m.M.musculus	10090	ncRNA	
URS000009F94F	CRW	CRW:d.16.e.E.cuniculi	6035	rRNA	
URS00000A5B41	CRW	CRW:b.16.m.B.musculus	9771	ncRNA	
URS00000A8257	CRW	CRW:d.16.b.T.maritima.GEN	2336	rRNA	
URS00000A85C5	CRW	CRW:d.5.e.C.edule	55710	rRNA	
URS00000A952C	CRW	CRW:d.5.e.I.illecebrosus	6629	rRNA	
URS00000ABFE9	CRW	CRW:d.16.b.E.coli	562	rRNA	
URS00000ABFE9	CRW	CRW:h.16.b.E.coli.hlxnum	562	rRNA	
URS00000ABFE9	CRW	CRW:m.16.b.E.coli.mhg	562	rRNA	
URS00000ABFE9	CRW	CRW:s.16.b.E.coli.schem	562	rRNA	
URS00000AFBC2	CRW	CRW:d.5.e.D.mauritiana	7226	rRNA	
URS00000B50C7	CRW	CRW:d.16.c.C.fragile	3133	rRNA	
URS00000B8ACC	CRW	CRW:d.5.e.L.luteus	3873	rRNA	
URS00000BCEFF	CRW	CRW:d.16.b.L.interrogans	173	rRNA	
URS00000C4B19	CRW	CRW:d.16.b.D.radiodurans.GEN	1299	rRNA	
URS00000C930E	CRW	CRW:d.16.m.R.norvegicus	10116	ncRNA	
URS00000CBA81	CRW	CRW:b.16.m.P.chrysogenum	5076	rRNA	
URS00000CEE95	CRW	CRW:d.16.m.A.cahirinus	10068	ncRNA	
URS00000D7A78	CRW	CRW:d.5.a.M.vacuolata	2215	rRNA	
URS00000D8904	CRW	CRW:d.5.b.P.damselae	85581	rRNA	
URS00000E55B9	CRW	CRW:d.5.a.S.acidocaldarius.1	2285	rRNA	
URS00000EEEF5	CRW	CRW:d.16.b.M.gallisepticum	2096	rRNA	
URS00000F17B5	CRW	CRW:b.16.m.P.troglodytes	9598	ncRNA	
URS00000F9D45	CRW	CRW:d.5.e.H.sapiens.2	9606	rRNA	
URS00000F9D45	CRW	CRW:d.5.e.H.sapiens.3	9606	rRNA	
URS00000F9D45	CRW	CRW:d.5.e.H.sapiens.4	9606	rRNA	
URS00000F9D45	CRW	CRW:d.5.e.H.sapiens.5	9606	rRNA	
URS00000F9D45	CRW	CRW:d.5.e.H.sapiens.6	9606	rRNA	
URS00000F9D45	CRW	CRW:d.5.e.M.auratus	10036	rRNA	
URS00000F9D45	CRW	CRW:d.5.e.M.musculus	10090	rRNA	
URS00000F9D45	CRW	CRW:d.5.e.R.norvegicus.1	10116	rRNA	
URS00000F9D45	CRW	CRW:d.5.e.R.norvegicus.2	10116	rRNA	
URS00000F9D45	CRW	CRW:d.5.e.R.norvegicus.3	10116	rRNA	
URS00000FA6FA	CRW	CRW:b.16.m.A.platyrhynchos	8839	ncRNA	
URS00000FC547	CRW	CRW:d.5.e.B.vorax	5982	rRNA	
URS0000101CA3	CRW	CRW:d.5.e.S.kowalevskii	10224	rRNA	
URS0000112D7E	CRW	CRW:d.16.b.H.influenzae	501279	rRNA	
URS0000128B34	CRW	CRW:d.16.b.S.scabiei	1930	rRNA	
URS000012A006	CRW	CRW:d.16.b.B.burgdorferi.GEN	139	rRNA	
URS000012A62B	CRW	CRW:a.16.e.M.edulis	6550	rRNA	
URS000012D168	CRW	CRW:d.5.e.M.salmoides	27706	rRNA	
URS000012E9F0	CRW	CRW:d.16.e.E.histolytica	5759	rRNA	
URS000012ED8F	CRW	CRW:d.5.e.F.hygrometrica	29583	rRNA	
URS00001314C2	CRW	CRW:d.16.c.E.gracilis	3039	rRNA	
URS0000132155	CRW	CRW:d.5.b.P.angustum	661	rRNA	
URS000013886F	CRW	CRW:d.5.e.M.glyptostroboides	3371	rRNA	
URS000013FC35	CRW	CRW:d.16.e.N.ceranae.1	40302	rRNA	
URS000014084B	CRW	CRW:d.233.b.R.amylophilus	867	rRNA	
URS000014084B	CRW	CRW:d.235.b.R.amylophilus	867	rRNA	
URS000014128F	CRW	CRW:d.5.e.O.sativa.1	4530	rRNA	
URS0000145FF6	CRW	CRW:d.5.b.A.tumefaciens	358	rRNA	
URS0000146716	CRW	CRW:d.5.a.S.solfataricus	2287	rRNA	
URS000014D892	CRW	CRW:d.16.m.L.catta	9447	ncRNA	
URS0000153CE2	CRW	CRW:d.16.b.S.neyagawaensis	42238	rRNA	
URS000015960A	CRW	CRW:d.16.e.O.cuniculus	9986	rRNA	
URS000015AB71	CRW	CRW:d.233.b.C.botulinum.b	36827	rRNA	
URS000015AB71	CRW	CRW:d.235.b.C.botulinum.b	36827	rRNA	
URS000015BD86	CRW	CRW:b.16.m.S.cerevisiae	4932	ncRNA	
URS000015D6E2	CRW	CRW:d.5.b.B.alba	1022	rRNA	
URS0000160ECD	CRW	CRW:b.16.m.L.crassicaudata	38620	ncRNA	
URS0000163105	CRW	CRW:d.233.b.B.mallei	13373	rRNA	
URS0000163105	CRW	CRW:d.235.b.B.mallei	13373	rRNA	
URS000016432F	CRW	CRW:d.5.e.D.melanogaster.1	7227	rRNA	
URS000016B1F1	CRW	CRW:d.5.e.A.equina	6106	rRNA	
URS000016BB7F	CRW	CRW:d.16.e.P.lepisma	99922	rRNA	
URS0000170579	CRW	CRW:d.5.e.C.elegans.1	6239	rRNA	
URS0000170579	CRW	CRW:d.5.e.C.elegans.2	6239	rRNA	
URS000017099D	CRW	CRW:b.16.m.C.parallelus.NOR	37639	ncRNA	
URS0000176F98	CRW	CRW:d.16.b.E.coli.EDL.GEN	155864	rRNA	
URS000017B3D1	CRW	CRW:d.5.e.G.biloba	3311	rRNA	
URS000017F8DF	CRW	CRW:d.5.e.S.cynthia.XBM	116777	rRNA	
URS00001819FD	CRW	CRW:d.16.e.C.lunata	70534	rRNA	
URS0000182ADE	CRW	CRW:d.5.b.A.vinelandii	354	rRNA	
URS000019C8BA	CRW	CRW:d.16.e.O.colligata	174685	rRNA	
URS000019D911	CRW	CRW:d.16.m.S.scrofa	9823	ncRNA	
URS00001A3E5D	CRW	CRW:d.5.e.S.officinalis	6610	rRNA	
URS00001AD653	CRW	CRW:d.16.b.S.diastatochromogenes	42236	rRNA	
URS00001AFFA6	CRW	CRW:d.5.a.P.woesei	2262	rRNA	
URS00001B5161	CRW	CRW:d.5.b.L.pelagia	28169	rRNA	
URS00001B5B97	CRW	CRW:d.5.e.F.neoformans.1	5207	rRNA	
URS00001BD8D0	CRW	CRW:d.5.e.A.aquaticus	92525	rRNA	
URS00001BDAB7	CRW	CRW:d.233.m.P.maximus	6579	rRNA	
URS00001BDAB7	CRW	CRW:d.235.m.P.maximus	6579	rRNA	
URS00001BF190	CRW	CRW:d.5.e.B.napus	3708	rRNA	
URS00001BF190	CRW	CRW:d.5.e.B.vulgaris	161934	rRNA	
URS00001C0ED1	CRW	CRW:d.16.e.H.sapiens	9606	rRNA	
URS00001C2191	CRW	CRW:d.5.e.S.canicula	7830	rRNA	
URS00001C3329	CRW	CRW:d.233.b.S.aureus	1280	rRNA	
URS00001C3329	CRW	CRW:d.235.b.S.aureus	1280	rRNA	
URS00001C3330	CRW	CRW:d.16.e.L.acerinae	103443	rRNA	
URS00001CB29B	CRW	CRW:d.16.b.R.acidophilus	1074	rRNA	
URS00001CE96B	CRW	CRW:d.16.b.C.innocuum	1522	rRNA	
URS00001D0EC9	CRW	CRW:d.5.b.A.thiooxidans	930	rRNA	
URS00001D4C01	CRW	CRW:d.233.y.C.paradoxa	2762	rRNA	
URS00001D4C01	CRW	CRW:d.235.y.C.paradoxa	2762	rRNA	
URS00001D4EEB	CRW	CRW:d.5.a.T.celer.1	2264	rRNA	
URS00001D87BD	CRW	CRW:d.16.b.F.nucleatum	76856	rRNA	
URS00001D99B3	CRW	CRW:d.16.e.P.palmata	2822	rRNA	
URS00001DA82B	CRW	CRW:d.16.e.B.moritziana	103713	rRNA	
URS00001DABB1	CRW	CRW:d.16.a.S.solfataricus.2	2287	rRNA	
URS00001E4A0D	CRW	CRW:d.16.e.E.mobilis	99915	rRNA	
URS00001F2AE4	CRW	CRW:d.16.m.N.typhlops	37699	ncRNA	
URS00001F6EA0	CRW	CRW:d.16.b.S.bottropensis	42235	rRNA	
URS00001FAC46	CRW	CRW:d.5.e.P.radiata	3347	rRNA	
URS00001FC6A6	CRW	CRW:d.16.m.S.aquaticus	71119	ncRNA	
URS000020D0F3	CRW	CRW:d.16.m.H.amphibius	9833	ncRNA	
URS000020D8ED	CRW	CRW:d.5.e.E.eurystomus	5941	rRNA	
URS000020E000	CRW	CRW:d.16.e.Encephalitozoon.sp	31283	rRNA	
URS0000210128	CRW	CRW:d.5.e.S.aggregatum	4773	rRNA	
URS000021759E	CRW	CRW:d.5.b.G.stearothermophilus.2	1422	rRNA	
URS000021954A	CRW	CRW:d.16.e.T.thermophila	5911	rRNA	
URS000021B9CC	CRW	CRW:d.16.e.A.plicata	28023	rRNA	
URS0000225BDA	CRW	CRW:d.233.m.E.herklotsi	58912	rRNA	
URS0000225BDA	CRW	CRW:d.235.m.E.herklotsi	58912	rRNA	
URS00002270C9	CRW	CRW:d.5.e.C.vicina	7373	rRNA	
URS0000229091	CRW	CRW:d.233.b.B.subtilis	1423	rRNA	
URS0000229091	CRW	CRW:d.235.b.B.subtilis	1423	rRNA	
URS000022930C	CRW	CRW:d.16.e.C.crispus	2769	rRNA	
URS0000243AB6	CRW	CRW:d.16.m.P.polycephalum	5791	ncRNA	
URS00002456E0	CRW	CRW:d.16.m.O.virginianus	9874	ncRNA	
URS00002478FB	CRW	CRW:a.16.e.Hexamita.sp	28003	rRNA	
URS0000257E47	CRW	CRW:d.5.b.T.aquaticus	271	rRNA	
URS000025C51C	CRW	CRW:d.233.b.C.botulinum.E	36830	rRNA	
URS000025C51C	CRW	CRW:d.235.b.C.botulinum.E	36830	rRNA	
URS000025DE39	CRW	CRW:d.16.m.D.virilis	7244	ncRNA	
URS0000260B1A	CRW	CRW:d.5.e.H.japonica	6062	rRNA	
URS0000261FC0	CRW	CRW:d.5.b.P.aeruginosa.2	287	rRNA	
URS000026632E	CRW	CRW:d.16.b.S.tendae	1932	rRNA	
URS000026D6C6	CRW	CRW:a.16.m.C.fasciculata	5656	ncRNA	
URS0000281D96	CRW	CRW:d.16.e.C.albicans	5476	rRNA	
URS0000286022	CRW	CRW:d.5.e.A.immersus.1	5191	rRNA	
URS00002891E3	CRW	CRW:d.233.b.A.hydrophila	644	rRNA	
URS00002891E3	CRW	CRW:d.235.b.A.hydrophila	644	rRNA	
URS000028DC86	CRW	CRW:d.5.e.S.cerevisiae	4932	rRNA	
URS0000292A80	CRW	CRW:d.233.b.B.pseudomallei	28450	rRNA	
URS0000292A80	CRW	CRW:d.235.b.B.pseudomallei	28450	rRNA	
URS0000296528	CRW	CRW:d.233.b.B.burgdorferi	139	rRNA	
URS0000296528	CRW	CRW:d.235.b.B.burgdorferi	139	rRNA	
URS0000299C92	CRW	CRW:b.16.m.C.coturnix	9091	ncRNA	
URS000029BA69	CRW	CRW:d.16.c.N.olivacea	31312	rRNA	
URS00002A46F4	CRW	CRW:d.16.m.S.aestuans	84648	ncRNA	
URS00002A65D1	CRW	CRW:d.233.m.M.edulis	6550	rRNA	
URS00002A65D1	CRW	CRW:d.235.m.M.edulis	6550	rRNA	
URS00002A7E38	CRW	CRW:d.5.e.P.gouldii	6442	rRNA	
URS00002AD0AC	CRW	CRW:b.16.m.M.avellanarius	39082	ncRNA	
URS00002AE028	CRW	CRW:d.233.b.L.monocytogenes.2	1639	rRNA	
URS00002AE028	CRW	CRW:d.235.b.L.monocytogenes.2	1639	rRNA	
URS00002AE529	CRW	CRW:d.16.e.P.hippoglossoideos	73785	rRNA	
URS00002B2B8C	CRW	CRW:d.5.a.P.aerophilum	13773	rRNA	
URS00002B4C62	CRW	CRW:d.5.e.C.revoluta	3396	rRNA	
URS00002B8B82	CRW	CRW:d.5.e.A.domesticus	6997	rRNA	
URS00002B9123	CRW	CRW:d.5.a.M.formicicum	2162	rRNA	
URS00002BC1A1	CRW	CRW:d.233.b.M.pneumoniae	2104	rRNA	
URS00002BC1A1	CRW	CRW:d.235.b.M.pneumoniae	2104	rRNA	
URS00002C0A67	CRW	CRW:d.16.b.M.tuberculosis.GEN	1773	rRNA	
URS00002C220B	CRW	CRW:d.5.a.H.salinarum.1	2242	rRNA	
URS00002C3E7A	CRW	CRW:b.16.m.C.lacustre	7980	ncRNA	
URS00002C7721	CRW	CRW:d.16.b.S.aureus.GEN	158879	rRNA	
URS00002CB315	CRW	CRW:d.16.m.E.rufescens	42151	ncRNA	
URS00002D687E	CRW	CRW:d.16.m.D.geoffroii	63143	ncRNA	
URS00002DAF64	CRW	CRW:d.5.e.M.fossilis	7984	rRNA	
URS00002DF2CC	CRW	CRW:d.16.e.H.plana	42021	rRNA	
URS00002E157E	CRW	CRW:d.233.b.C.botulinum.a	36826	rRNA	
URS00002E157E	CRW	CRW:d.235.b.C.botulinum.a	36826	rRNA	
URS00002E1BA1	CRW	CRW:b.16.e.A.salina	85549	rRNA	
URS00002E6F16	CRW	CRW:d.16.a.Halobacterium.sp	64091	rRNA	
URS00002EC9AB	CRW	CRW:d.16.e.N.oulemae	40303	rRNA	
URS00002F149F	CRW	CRW:d.16.e.O.operophterae	148817	rRNA	
URS00002F6041	CRW	CRW:d.16.e.E.hellem	27973	rRNA	
URS00002FFDEE	CRW	CRW:d.16.b.P.staleyi	125	rRNA	
URS0000300DCF	CRW	CRW:d.16.b.N.gonorrhoeae	485	rRNA	
URS0000305C1A	CRW	CRW:d.5.a.H.mediterranei.1	2252	rRNA	
URS000030AF9A	CRW	CRW:d.16.e.D.melanogaster	7227	rRNA	
URS000030B4D3	CRW	CRW:d.16.b.M.xanthus	34	rRNA	
URS000030D626	CRW	CRW:d.233.b.S.carnosus	1281	rRNA	
URS000030D626	CRW	CRW:d.235.b.S.carnosus	1281	rRNA	
URS000030E3A5	CRW	CRW:d.233.b.K.pneumoniae	573	rRNA	
URS000030E3A5	CRW	CRW:d.235.b.K.pneumoniae	573	rRNA	
URS0000310AFA	CRW	CRW:d.5.b.L.anguillarum	55601	rRNA	
URS0000314D2B	CRW	CRW:d.5.e.S.pombe.1	4896	rRNA	
URS0000314E11	CRW	CRW:d.16.e.N.furnacalis	40301	rRNA	
URS00003181F7	CRW	CRW:d.5.b.G.stearothermophilus.4	1422	rRNA	
URS000031D40E	CRW	CRW:d.233.b.E.rhusiopathiae	1648	rRNA	
URS000031D40E	CRW	CRW:d.235.b.E.rhusiopathiae	1648	rRNA	
URS000031F0DF	CRW	CRW:d.5.e.E.gracilis.1	3039	rRNA	
URS0000329952	CRW	CRW:d.233.m.S.sinuspaulianus	5381	rRNA	
URS0000329952	CRW	CRW:d.235.m.S.sinuspaulianus	5381	rRNA	
URS000032B670	CRW	CRW:b.16.m.C.coscoroba	8863	ncRNA	
URS000032C300	CRW	CRW:d.16.e.A.fundyense	2932	rRNA	
URS000033DC10	CRW	CRW:d.233.m.K.tunicata	34587	rRNA	
URS000033DC10	CRW	CRW:d.235.m.K.tunicata	34587	rRNA	
URS0000342AF5	CRW	CRW:d.16.b.B.burgdorferi	139	rRNA	
URS0000343F54	CRW	CRW:d.5.e.E.kokanica	3388	rRNA	
URS0000346E51	CRW	CRW:d.16.e.P.vivax.A	5855	rRNA	
URS000034D46C	CRW	CRW:d.233.c.P.falciparum	5833	rRNA	
URS000034D46C	CRW	CRW:d.235.c.P.falciparum	5833	rRNA	
URS000034E375	CRW	CRW:d.5.e.P.reticulata	6168	rRNA	
URS0000352EC5	CRW	CRW:d.5.e.E.woodruffi	5942	rRNA	
URS00003592C7	CRW	CRW:d.5.a.H.marismortui	2238	rRNA	
URS000035A748	CRW	CRW:d.5.e.G.riobambae	8420	rRNA	
URS000035B3BC	CRW	CRW:d.16.e.N.apis	35231	rRNA	
URS000035C97B	CRW	CRW:d.16.m.B.taurus	9913	ncRNA	
URS0000364FE4	CRW	CRW:d.16.c.N.tabacum	4097	rRNA	
URS0000367BCB	CRW	CRW:d.5.a.H.volcanii	2246	rRNA	
URS000036AB4A	CRW	CRW:b.16.m.C.crispus	2769	ncRNA	
URS00003736F3	CRW	CRW:d.5.b.E.shaposhnikovii	1054	rRNA	
URS00003759CD	CRW	CRW:d.5.b.Photobacterium.sp	660	rRNA	
URS0000387D29	CRW	CRW:d.5.e.G.arboreum	29729	rRNA	
URS000038D3A5	CRW	CRW:d.16.e.O.granulifera.2	5947	rRNA	
URS0000394B43	CRW	CRW:d.5.e.Hemicentrotus.sp	7651	rRNA	
URS000039F6AF	CRW	CRW:d.233.b.M.luteus	1270	rRNA	
URS000039F6AF	CRW	CRW:d.235.b.M.luteus	1270	rRNA	
URS00003A2E9F	CRW	CRW:d.233.b.N.meningitidis	487	rRNA	
URS00003A2E9F	CRW	CRW:d.235.b.N.meningitidis	487	rRNA	
URS00003A524E	CRW	CRW:d.5.e.O.cervicalis	35522	rRNA	
URS00003A9E0C	CRW	CRW:a.16.e.G.ardeae	5743	rRNA	
URS00003AC7A6	CRW	CRW:d.16.e.P.anophelis	33690	rRNA	
URS00003B1757	CRW	CRW:d.16.c.M.polymorpha	3197	rRNA	
URS00003B2837	CRW	CRW:d.5.a.N.magadii	13769	rRNA	
URS00003B2D5B	CRW	CRW:d.233.b.M.leprae	1769	rRNA	
URS00003B2D5B	CRW	CRW:d.235.b.M.leprae	1769	rRNA	
URS00003B54E2	CRW	CRW:d.16.c.S.oleracea	3562	rRNA	
URS00003B68E3	CRW	CRW:d.5.b.A.madurae	1993	rRNA	
URS00003BDDB9	CRW	CRW:d.5.a.Sulfolobus.sp.B12	2288	rRNA	
URS00003BFC6D	CRW	CRW:d.233.b.B.cepacia	292	rRNA	
URS00003BFC6D	CRW	CRW:d.235.b.B.cepacia	292	rRNA	
URS00003C0B2E	CRW	CRW:d.5.b.A.faecalis.1	511	rRNA	
URS00003C5159	CRW	CRW:d.16.b.M.genitalium	2097	rRNA	
URS00003C70B3	CRW	CRW:d.5.e.E.gracile.1	6230	rRNA	
URS00003C861F	CRW	CRW:d.16.b.T.maritima	2336	rRNA	
URS00003CB387	CRW	CRW:d.16.e.Pleistophora.sp.LS	103448	rRNA	
URS00003D808C	CRW	CRW:d.5.e.I.iguana	8517	rRNA	
URS00003DAA9A	CRW	CRW:d.16.m.H.auropunctatus	48418	ncRNA	
URS00003DDB3B	CRW	CRW:d.16.e.A.verticilliflorum	29819	rRNA	
URS00003DFD18	CRW	CRW:d.16.m.M.auratus	10036	ncRNA	
URS00003EB67D	CRW	CRW:b.16.e.O.utahensis	30160	rRNA	
URS00003EF257	CRW	CRW:d.16.b.S.griseus	1911	rRNA	
URS00003F8A8E	CRW	CRW:d.16.m.O.anatinus	9258	ncRNA	
URS00003FF808	CRW	CRW:d.5.a.M.thermautotrophicus.1	145262	rRNA	
URS0000400CFB	CRW	CRW:d.233.b.H.pylori	210	rRNA	
URS0000400CFB	CRW	CRW:d.235.b.H.pylori	210	rRNA	
URS0000403DBD	CRW	CRW:d.5.e.S.oshimae	7693	rRNA	
URS0000405B42	CRW	CRW:b.16.m.D.discoideum	44689	rRNA	
URS000040F7AF	CRW	CRW:b.16.m.C.carpio	7962	ncRNA	
URS0000410274	CRW	CRW:d.16.m.B.brevicauda	9387	ncRNA	
URS00004149DE	CRW	CRW:d.16.b.P.aeruginosa.GEN	287	rRNA	
URS00004194F7	CRW	CRW:d.16.e.S.lemnae	5949	rRNA	
URS000041D0CE	CRW	CRW:d.5.a.H.salinarum.2	2242	rRNA	
URS0000420396	CRW	CRW:d.5.b.D.radiodurans.rrnA	1299	rRNA	
URS0000420396	CRW	CRW:d.5.b.D.radiodurans.rrnB	1299	rRNA	
URS0000420396	CRW	CRW:d.5.b.D.radiodurans.rrnC	1299	rRNA	
URS00004268D4	CRW	CRW:d.16.e.S.tuberosum	4113	rRNA	
URS0000427C9D	CRW	CRW:d.5.e.O.mykiss	8022	rRNA	
URS000042A862	CRW	CRW:b.16.m.G.gallus	9031	ncRNA	
URS0000436BFE	CRW	CRW:d.16.e.N.bombycis.02	27978	rRNA	
URS000043749A	CRW	CRW:d.5.a.T.acidophilum	2303	rRNA	
URS000043D0C7	CRW	CRW:d.233.b.N.gonorrhoeae	485	rRNA	
URS000043D0C7	CRW	CRW:d.235.b.N.gonorrhoeae	485	rRNA	
URS000043E3A2	CRW	CRW:d.5.e.B.neritina	10212	rRNA	
URS000043FFE1	CRW	CRW:d.5.a.M.thermolithotrophicus.2	2186	rRNA	
URS0000447A6A	CRW	CRW:d.233.b.L.interrogans	173	rRNA	
URS0000447A6A	CRW	CRW:d.235.b.L.interrogans	173	rRNA	
URS0000449BBA	CRW	CRW:d.5.e.E.gracilis.2	3039	rRNA	
URS00004556CB	CRW	CRW:d.233.b.T.maritima	2336	rRNA	
URS00004556CB	CRW	CRW:d.235.b.T.maritima	2336	rRNA	
URS00004576B2	CRW	CRW:b.16.m.P.dolloi	27779	ncRNA	
URS0000459F8F	CRW	CRW:d.16.e.C.citrina	99924	rRNA	
URS000045ECEA	CRW	CRW:d.16.e.Microsporidium.sp.DP119	174678	rRNA	
URS000046A226	CRW	CRW:d.16.e.N.gruberi	5762	rRNA	
URS000046C57C	CRW	CRW:d.16.b.T.roseum	500	rRNA	
URS000046D540	CRW	CRW:d.233.c.E.gracilis	3039	rRNA	
URS000046D540	CRW	CRW:d.235.c.E.gracilis	3039	rRNA	
URS0000473162	CRW	CRW:d.5.e.Q.petraea	38865	rRNA	
URS000047798F	CRW	CRW:d.233.b.B.anthracis	1392	rRNA	
URS000047798F	CRW	CRW:d.235.b.B.anthracis	1392	rRNA	
URS0000479724	CRW	CRW:d.5.e.N.viridescens	8316	rRNA	
URS000047E7AE	CRW	CRW:d.16.m.O.aries	9940	ncRNA	
URS00004819AC	CRW	CRW:a.16.c.E.huxleyi	2903	rRNA	
URS000048254B	CRW	CRW:d.16.m.G.gorilla	9593	ncRNA	
URS000048264A	CRW	CRW:d.16.e.E.bieneusi	31281	rRNA	
URS000048B28D	CRW	CRW:d.16.m.H.sapiens.geno	9606	ncRNA	
URS000048BDFB	CRW	CRW:d.5.a.M.jannaschii.rrnA	2190	rRNA	
URS00004AA4A5	CRW	CRW:d.233.b.H.influenzae	501279	rRNA	
URS00004AA4A5	CRW	CRW:d.235.b.H.influenzae	501279	rRNA	
URS00004B0F34	CRW	CRW:d.233.b.E.coli	562	rRNA	
URS00004B0F34	CRW	CRW:d.235.b.E.coli	562	rRNA	
URS00004B0F34	CRW	CRW:h.233.b.E.coli.hlxnum	562	rRNA	
URS00004B0F34	CRW	CRW:h.235.b.E.coli.hlxnum	562	rRNA	
URS00004B0F34	CRW	CRW:s.233.b.E.coli.schem	562	rRNA	
URS00004B0F34	CRW	CRW:s.235.b.E.coli.schem	562	rRNA	
URS00004BA20B	CRW	CRW:d.5.b.P.shigelloides	703	rRNA	
URS00004BA80E	CRW	CRW:d.5.b.A.ferrooxidans.1	920	rRNA	
URS00004C04A7	CRW	CRW:d.16.m.A.americana	9891	ncRNA	
URS00004C1CAA	CRW	CRW:d.16.e.S.alba	3728	rRNA	
URS00004CCDFD	CRW	CRW:d.233.b.C.botulinum.2b	36827	rRNA	
URS00004CCDFD	CRW	CRW:d.235.b.C.botulinum.2b	36827	rRNA	
URS00004CD3CC	CRW	CRW:d.16.e.M.racemosus	4841	rRNA	
URS00004CD586	CRW	CRW:d.5.a.M.jannaschii.rrnB	2190	rRNA	
URS00004D00CE	CRW	CRW:d.16.e.M.musculus	10090	rRNA	
URS00004D6D57	CRW	CRW:d.233.m.A.caerulea	42349	rRNA	
URS00004D6D57	CRW	CRW:d.235.m.A.caerulea	42349	rRNA	
URS00004DE73E	CRW	CRW:d.16.m.O.cuniculus	9986	ncRNA	
URS00004E57A7	CRW	CRW:d.16.e.R.leptophylla	105598	rRNA	
URS00004EC802	CRW	CRW:d.5.b.E.brevis	247	rRNA	
URS00004ECF4A	CRW	CRW:d.16.b.A.globiformis	1665	rRNA	
URS00004F9D6C	CRW	CRW:d.16.b.E.coli.0157G.GEN	83334	rRNA	
URS00004FD46D	CRW	CRW:d.16.b.S.sampsonii	42239	rRNA	
URS0000500708	CRW	CRW:d.5.b.G.stearothermophilus.3	1422	rRNA	
URS0000503877	CRW	CRW:d.16.e.A.macrogynus	28583	rRNA	
URS00005145B8	CRW	CRW:b.16.m.A.franciscana	6661	ncRNA	
URS000051BB66	CRW	CRW:d.16.b.Streptomyces.sp	1931	rRNA	
URS0000523EBE	CRW	CRW:b.16.m.N.olivacea	31312	rRNA	
URS000052E2DB	CRW	CRW:a.16.e.P.balamuthi	108607	rRNA	
URS0000538ECE	CRW	CRW:d.16.m.Manis.sp	49127	ncRNA	
URS000053CF30	CRW	CRW:d.16.y.C.paradoxa	2762	rRNA	
URS000053F658	CRW	CRW:d.16.m.D.dugon	29137	ncRNA	
URS0000541D32	CRW	CRW:b.16.m.C.melancoryphus	41691	ncRNA	
URS000054985A	CRW	CRW:d.233.b.A.calcoaceticus	471	rRNA	
URS000054985A	CRW	CRW:d.235.b.A.calcoaceticus	471	rRNA	
URS000054B932	CRW	CRW:d.16.b.B.bronchiseptica2	518	rRNA	
URS000054CA81	CRW	CRW:d.233.a.T.celer	2264	rRNA	
URS000054CA81	CRW	CRW:d.235.a.T.celer	2264	rRNA	
URS0000550719	CRW	CRW:b.16.m.M.giganteus	9317	ncRNA	
URS0000563442	CRW	CRW:d.233.m.C.lacertina	95942	rRNA	
URS0000563442	CRW	CRW:d.235.m.C.lacertina	95942	rRNA	
URS00005647C4	CRW	CRW:d.5.e.K.microsticta	5423	rRNA	
URS0000565EF4	CRW	CRW:b.16.m.R.catesbeiana	8400	ncRNA	
URS00005660EB	CRW	CRW:d.5.a.H.saccharovorum	2248	rRNA	
URS000056C6BA	CRW	CRW:d.16.c.P.minor	3159	rRNA	
URS000056D30C	CRW	CRW:d.5.b.P.vulgaris	585	rRNA	
URS000056EC27	CRW	CRW:b.16.m.P.littoralis	2885	rRNA	
URS000057187E	CRW	CRW:d.5.a.M.barkeri	2208	rRNA	
URS0000574488	CRW	CRW:d.5.e.P.brevicirris	6356	rRNA	
URS0000575432	CRW	CRW:d.16.b.S.eurythermus	42237	rRNA	
URS00005763FD	CRW	CRW:d.16.b.S.acidiscabies	42234	rRNA	
URS0000577167	CRW	CRW:d.16.b.B.japonicum	375	rRNA	
URS000057A4D1	CRW	CRW:d.5.e.T.thermophila.2	5911	rRNA	
URS000057C162	CRW	CRW:d.16.m.A.fulgens	9649	ncRNA	
URS0000586BD0	CRW	CRW:d.5.b.S.colwelliana	23	rRNA	
URS000058D76D	CRW	CRW:d.5.a.M.tindarius.1	2221	rRNA	
URS0000592425	CRW	CRW:d.16.b.Synechocystis.PCC6803.GEN	1148	rRNA	
URS0000592F5C	CRW	CRW:d.5.b.M.capricolum	2095	rRNA	
URS000059460B	CRW	CRW:d.16.b.H.aurantiacus	65	rRNA	
URS0000595A9D	CRW	CRW:d.233.m.C.elegans	6239	rRNA	
URS0000595A9D	CRW	CRW:d.235.m.C.elegans	6239	rRNA	
URS0000597EAD	CRW	CRW:d.5.b.G.hollisae	673	rRNA	
URS00005A0BE9	CRW	CRW:d.5.e.L.decidua	71402	rRNA	
URS00005A1046	CRW	CRW:d.5.e.A.salina	85549	rRNA	
URS00005A5D36	CRW	CRW:d.16.e.P.sol	216908	rRNA	
URS00005A7805	CRW	CRW:d.16.e.B.emersonii	4808	rRNA	
URS00005ACE34	CRW	CRW:d.5.b.P.aeruginosa.1	287	rRNA	
URS00005B2691	CRW	CRW:d.16.e.O.sativa	4530	rRNA	
URS00005B5D05	CRW	CRW:d.5.e.P.tetraurelia	5888	rRNA	
URS00005B64B5	CRW	CRW:d.16.e.A.hermannii	31360	rRNA	
URS00005B9862	CRW	CRW:b.16.m.A.hottentotus	9391	ncRNA	
URS00005BA24D	CRW	CRW:d.16.m.C.elegans	6239	ncRNA	
URS00005BA36D	CRW	CRW:d.5.e.A.pernyi	7119	rRNA	
URS00005BED75	CRW	CRW:d.16.b.D.desulfuricans	876	rRNA	
URS00005C55DF	CRW	CRW:b.16.m.P.minor	3159	rRNA	
URS00005C8CED	CRW	CRW:b.16.m.O.mykiss	8022	ncRNA	
URS00005CE30A	CRW	CRW:d.16.e.F.x.ananassa	3747	rRNA	
URS00005CED22	CRW	CRW:d.16.e.P.pulvinata	35206	rRNA	
URS00005D0F94	CRW	CRW:d.5.b.P.fluorescens	294	rRNA	
URS00005D6376	CRW	CRW:d.5.b.S.putrefaciens	24	rRNA	
URS00005D8E76	CRW	CRW:d.233.b.S.ambofaciens	1889	rRNA	
URS00005D8E76	CRW	CRW:d.235.b.S.ambofaciens	1889	rRNA	
URS00005D9627	CRW	CRW:d.5.e.G.gnemon	3382	rRNA	
URS00005DACF5	CRW	CRW:d.16.c.P.littoralis	2885	rRNA	
URS00005DB190	CRW	CRW:d.16.b.M.hyopneumoniae	2099	rRNA	
URS00005DC7FA	CRW	CRW:d.16.m.D.novemcinctus	9361	ncRNA	
URS00005DC9A9	CRW	CRW:d.16.b.S.aureus	1280	rRNA	
URS00005E5B20	CRW	CRW:d.16.c.C.caldarium	2771	rRNA	
URS00005E9700	CRW	CRW:b.16.e.C.koreana	36140	rRNA	
URS00005EBFCD	CRW	CRW:d.16.e.Ple.lanceolata	57511	rRNA	
URS00005EC57E	CRW	CRW:d.16.e.P.weissei	99909	rRNA	
URS00005ED723	CRW	CRW:d.233.b.B.bacilliformis	774	rRNA	
URS00005ED723	CRW	CRW:d.235.b.B.bacilliformis	774	rRNA	
URS00005F0FA0	CRW	CRW:d.5.e.D.melanogaster.2	7227	rRNA	
URS00005F1B9B	CRW	CRW:b.16.m.C.parallelus.ESC	37639	ncRNA	
URS00005F2C2D	CRW	CRW:d.16.e.S.cerevisiae	4932	rRNA	
URS00005F7230	CRW	CRW:d.16.b.Frankia.sp	1855	rRNA	
URS00005FAC84	CRW	CRW:d.16.e.N.necatrix	35230	rRNA	
URS000060276C	CRW	CRW:d.16.m.P.cinereus	38626	ncRNA	
URS000060FDB7	CRW	CRW:d.16.b.C.testosteroni	285	rRNA	
URS0000611AA3	CRW	CRW:d.5.b.A.ferrooxidans.2	920	rRNA	
URS00006146E8	CRW	CRW:d.5.b.H.halophila	1053	rRNA	
URS00006157CB	CRW	CRW:d.5.e.B.plicatilis	10195	rRNA	
URS0000617E39	CRW	CRW:d.16.e.P.vivax.S	5855	rRNA	
URS0000618FF0	CRW	CRW:d.5.b.S.hanedai	25	rRNA	
URS00006205B8	CRW	CRW:d.5.e.O.sativa.2	4530	rRNA	
URS0000620E36	CRW	CRW:d.16.e.Ichthyosporidium.sp	42181	rRNA	
URS00006215B1	CRW	CRW:d.16.e.B.gelatinosum	69143	rRNA	
URS0000633CC1	CRW	CRW:d.16.e.N.crassa	5141	rRNA	
URS000063866F	CRW	CRW:d.16.e.P.falciparum.A	5833	rRNA	
URS0000642879	CRW	CRW:d.16.b.C.psittaci	83554	rRNA	
URS000067D4F7	CRW	CRW:d.16.b.P.multocida.GEN	747	rRNA	
URS000068B35F	CRW	CRW:d.16.b.P.vulgaris	585	rRNA	
URS00006B632D	CRW	CRW:b.16.e.A.australis	6858	rRNA	
URS00006BF1BA	CRW	CRW:d.16.e.P.cristatellae	202247	rRNA	
URS00006BF571	CRW	CRW:d.16.b.C.pneumoniae	83558	rRNA	
URS00006C26AC	CRW	CRW:d.16.e.O.granulifera.1	5947	rRNA	
URS00006EB39D	CRW	CRW:d.16.e.C.neoformans	40410	rRNA	
URS00006FD30A	CRW	CRW:d.5.e.H.sapiens.1	9606	rRNA	
URS000070AC55	CRW	CRW:d.16.e.O.quadricornutus	6028	rRNA	
URS000075DFE5	CRW	CRW:d.16.b.N.meningitidis.MD58.GEN	487	rRNA	
URS000089DB0A	CRW	CRW:d.16.b.N.meningitidis.Z2491.GEN	487	rRNA	
URS00008C8AC3	CRW	CRW:d.16.b.B.fragilis	817	rRNA	
URS00008CD12B	CRW	CRW:d.16.b.C.vibrioforme	1098	rRNA	
URS000092DDBD	CRW	CRW:d.16.e.S.lophii	51541	rRNA	
URS000093B363	CRW	CRW:d.16.e.R.norvegicus	10116	rRNA	
URS0000974E77	CRW	CRW:d.16.e.H.anguillarum	184033	rRNA	
URS0000C02B24	CRW	CRW:d.233.b.C.jejuni	197	rRNA	
URS0000C02B24	CRW	CRW:d.235.b.C.jejuni	197	rRNA	
URS0000EFFFAA	CRW	CRW:d.5.b.P.hydrocarbonoxydans	76726	rRNA	
URS0000F00673	CRW	CRW:d.5.e.P.waltl	8319	rRNA	
URS0002349D69	CRW	CRW:a.I1.e.P.spiralis.D.C1.SSU.1506	31350	ncRNA	
URS0002349D6A	CRW	CRW:a.I1.b.Bacteriophage.SP01.A2.DP.g31	10685	ncRNA	
URS0002349D6B	CRW	CRW:d.16.e.B.ostreae	126728	rRNA	
URS0002349D6C	CRW	CRW:d.16.e.P.vivax.O	5855	rRNA	
URS0002349D6D	CRW	CRW:a.I2.m.P.littoralis.B.LSU.1787	2885	ncRNA	
URS0002349D6E	CRW	CRW:a.I1.e.C.saccatum.C1.SSU.1512	3094	ncRNA	
URS0002349D6F	CRW	CRW:d.16.e.L.borealis	49255	rRNA	
URS0002349D70	CRW	CRW:d.16.b.L.pneumophila.2	446	rRNA	
URS0002349D71	CRW	CRW:d.16.e.P.whitei	235220	rRNA	
URS0002349D72	CRW	CRW:d.5.e.C.carpio	7962	rRNA	
URS0002349D73	CRW	CRW:d.16.b.P.putida	303	rRNA	
URS0002349D74	CRW	CRW:d.16.b.H.chlorum	2698	rRNA	
URS0002349D75	CRW	CRW:d.16.b.A.hydrophila	644	rRNA	
URS0002349D76	CRW	CRW:d.5.b.R.capsulatus	1061	rRNA	
URS0002349D77	CRW	CRW:d.16.c.C.paradoxa	2762	rRNA	
URS0002349D78	CRW	CRW:d.233.b.P.shigelloides	703	rRNA	
URS0002349D78	CRW	CRW:d.235.b.P.shigelloides	703	rRNA	
URS0002349D79	CRW	CRW:d.16.b.A.vinosum	1049	rRNA	
URS0002349D7A	CRW	CRW:d.16.m.H.sapiens.5	9606	rRNA	
URS0002349D7B	CRW	CRW:d.233.b.D.radiodurans.rrnC	1299	rRNA	
URS0002349D7B	CRW	CRW:d.235.b.D.radiodurans.rrnC	1299	rRNA	
URS0002349D7C	CRW	CRW:d.16.b.E.tarda	636	rRNA	
URS0002349D7D	CRW	CRW:d.16.b.S.marcescens	615	rRNA	
URS0002349D7E	CRW	CRW:d.16.e.Bangia.sp.NWT	101920	rRNA	
URS0002349D7F	CRW	CRW:a.I1.e.P.yezoensis.C1.SSU.516	2788	ncRNA	
URS0002349D80	CRW	CRW:d.16.c.R.communis	3988	rRNA	
URS0002349D81	CRW	CRW:d.16.b.D.thermophilus	53573	rRNA	
URS0002349D82	CRW	CRW:a.I1.e.A.capsulatus.G184B.C1.SSU	5037	ncRNA	
URS0002349D82	CRW	CRW:a.I1.e.A.capsulatus.G186B.C1.SSU	5037	ncRNA	
URS0002349D83	CRW	CRW:d.16.b.H.pylori.J99.GEN	85963	rRNA	
URS0002349D84	CRW	CRW:d.5.e.A.aurita.2	6145	rRNA	
URS0002349D85	CRW	CRW:a.I2.c.N.tabacum.A.trnA.i1	4097	ncRNA	
URS0002349D86	CRW	CRW:a.I2.m.C.parasitica.B.SSU.952	5116	ncRNA	
URS0002349D87	CRW	CRW:d.16.b.B.cereus.1	1396	rRNA	
URS0002349D88	CRW	CRW:d.16.b.R.orientis	34017	rRNA	
URS0002349D89	CRW	CRW:d.16.a.P.furiosus	2261	rRNA	
URS0002349D8A	CRW	CRW:a.I1.m.A.aegerita.C2.SSU	5400	ncRNA	
URS0002349D8B	CRW	CRW:a.I1.e.S.paniceum.UNK.SSU.1052	48274	ncRNA	
URS0002349D8C	CRW	CRW:a.I1.c.G.prostrata.C3.tLEU	49951	ncRNA	
URS0002349D8D	CRW	CRW:d.16.e.A.ferocious	191597	rRNA	
URS0002349D8E	CRW	CRW:d.16.e.B.rodhaini	5870	rRNA	
URS0002349D8F	CRW	CRW:d.16.b.B.hermsii	140	rRNA	
URS0002349D90	CRW	CRW:d.16.a.P.horikoshii	53953	rRNA	
URS0002349D91	CRW	CRW:a.I1.m.P.anserina.D.CYTB	5145	ncRNA	
URS0002349D92	CRW	CRW:a.I1.e.D.parva.C1.SSU.943	3048	ncRNA	
URS0002349D93	CRW	CRW:a.I2.m.P.littoralis.B.LSU.2509	2885	ncRNA	
URS0002349D94	CRW	CRW:d.16.a.M.formicicum	2162	rRNA	
URS0002349D95	CRW	CRW:d.16.b.Beggiatoa.sp	41216	rRNA	
URS0002349D96	CRW	CRW:b.16.m.H.ardens	59408	rRNA	
URS0002349D97	CRW	CRW:d.16.b.D.nodosus	870	rRNA	
URS0002349D98	CRW	CRW:d.16.b.S.bluensis	33897	rRNA	
URS0002349D99	CRW	CRW:d.16.e.A.bracteata	191599	rRNA	
URS0002349D9A	CRW	CRW:d.16.e.T.antarctica	160265	rRNA	
URS0002349D9B	CRW	CRW:d.16.b.M.leprae.GEN	1769	rRNA	
URS0002349D9C	CRW	CRW:a.I1.m.M.senile.B2.ND5	6116	ncRNA	
URS0002349D9D	CRW	CRW:d.16.e.J.libera	143017	rRNA	
URS0002349D9E	CRW	CRW:d.16.e.A.khaliulini	191589	rRNA	
URS0002349D9F	CRW	CRW:d.16.b.A.caulinodans	7	rRNA	
URS0002349DA0	CRW	CRW:d.16.a.T.tenax	2271	rRNA	
URS0002349DA1	CRW	CRW:a.I1.e.A.capsulatus.CBS213.53.C1.SSU.943	5037	ncRNA	
URS0002349DA2	CRW	CRW:d.16.e.S.fastuosa	216755	rRNA	
URS0002349DA3	CRW	CRW:d.16.b.S.aurantia	147	rRNA	
URS0002349DA4	CRW	CRW:d.16.b.C.tetani	1513	rRNA	
URS0002349DA5	CRW	CRW:d.5.b.G.stearothermophilus.1	1422	rRNA	
URS0002349DA6	CRW	CRW:a.I1.m.S.luteus.B2.LSU.1974	5384	ncRNA	
URS0002349DA7	CRW	CRW:d.16.m.F.catus	9685	rRNA	
URS0002349DA8	CRW	CRW:d.5.b.S.aureus	1280	rRNA	
URS0002349DA9	CRW	CRW:d.16.a.T.acidophilum	2303	rRNA	
URS0002349DAA	CRW	CRW:d.16.b.S.putrefaciens	24	rRNA	
URS0002349DAB	CRW	CRW:a.I1.e.B.yamatoana.JCM2896.C1.SSU.1506	4996	ncRNA	
URS0002349DAC	CRW	CRW:d.5.b.A.globiformis.1	1665	rRNA	
URS0002349DAD	CRW	CRW:d.16.a.A.pernix.K1	56636	rRNA	
URS0002349DAE	CRW	CRW:d.16.e.A.capitellata	216748	rRNA	
URS0002349DAF	CRW	CRW:d.16.b.M.pneumoniae	2104	rRNA	
URS0002349DB0	CRW	CRW:a.I1.e.P.carinii.Pc3.C1.LSU.1921	4754	ncRNA	
URS0002349DB1	CRW	CRW:d.5.b.Synechococcus.sp	269084	rRNA	
URS0002349DB2	CRW	CRW:d.16.e.G.spirotaenia	31316	rRNA	
URS0002349DB3	CRW	CRW:d.16.b.M.capsulatus	414	rRNA	
URS0002349DB4	CRW	CRW:d.16.b.S.macrosporus	44032	rRNA	
URS0002349DB5	CRW	CRW:d.16.e.D.brightwellii	49249	rRNA	
URS0002349DB6	CRW	CRW:d.16.b.Burkholderia.sp	36773	rRNA	
URS0002349DB7	CRW	CRW:a.I1.c.N.tabacum.C3.tLEU	4097	ncRNA	
URS0002349DB8	CRW	CRW:a.I1.e.D.parva.C1.SSU.1512	3048	ncRNA	
URS0002349DB9	CRW	CRW:d.16.e.B.microti.4	5868	rRNA	
URS0002349DBA	CRW	CRW:d.16.b.S.espinosus	1965	rRNA	
URS0002349DBB	CRW	CRW:a.I1.b.Phormidium.sp.N182.C3.tLEU	1199	ncRNA	
URS0002349DBC	CRW	CRW:d.16.a.S.solfataricus	2287	rRNA	
URS0002349DBD	CRW	CRW:d.16.b.S.bikiniensis	1896	rRNA	
URS0002349DBE	CRW	CRW:a.I1.e.P.pachydermus.C1.SSU.1506	48148	ncRNA	
URS0002349DBF	CRW	CRW:d.16.e.M.prosopium	96063	rRNA	
URS0002349DC0	CRW	CRW:d.16.b.M.loti	381	rRNA	
URS0002349DC1	CRW	CRW:d.16.e.P.aerugineum.1	2792	rRNA	
URS0002349DC2	CRW	CRW:a.I1.b.coliphage.T4.A2.NRDD	10665	ncRNA	
URS0002349DC3	CRW	CRW:d.16.e.O.occidentalis	200899	rRNA	
URS0002349DC4	CRW	CRW:d.16.b.R.bellii	33990	rRNA	
URS0002349DC5	CRW	CRW:d.16.e.Dermocystidium.sp	39437	rRNA	
URS0002349DC6	CRW	CRW:a.I1.e.C.merochlorophea.UNK.SSU.1516	5200	ncRNA	
URS0002349DC7	CRW	CRW:a.I1.c.S.alterniflora.C3.tLEU	29706	ncRNA	
URS0002349DC7	CRW	CRW:a.I1.c.S.anglica.C3.tLEU	49785	ncRNA	
URS0002349DC7	CRW	CRW:a.I1.c.S.x.townsendii.C3.tLEU	198504	ncRNA	
URS0002349DC8	CRW	CRW:d.16.b.B.bacilliformis	774	rRNA	
URS0002349DC9	CRW	CRW:d.16.b.C.pneumoniae.AR39	115711	rRNA	
URS0002349DCA	CRW	CRW:d.233.b.C.freundii	546	rRNA	
URS0002349DCA	CRW	CRW:d.235.b.C.freundii	546	rRNA	
URS0002349DCB	CRW	CRW:d.16.b.C.trachomatis.GEN	813	rRNA	
URS0002349DCC	CRW	CRW:a.I1.c.C.pallidostigmatica.B4.LSU.1931	52035	ncRNA	
URS0002349DCD	CRW	CRW:d.16.b.G.liquefaciens	89584	rRNA	
URS0002349DCE	CRW	CRW:d.16.e.L.undulatum	59812	rRNA	
URS0002349DCF	CRW	CRW:d.16.b.P.marina	314230	rRNA	
URS0002349DD0	CRW	CRW:d.16.b.C.jejuni	197	rRNA	
URS0002349DD1	CRW	CRW:a.I1.e.C.mirabilis.C1.SSU.1506	3083	ncRNA	
URS0002349DD2	CRW	CRW:d.16.e.Hazardia.sp	191606	rRNA	
URS0002349DD3	CRW	CRW:a.I1.e.P.macrosporus.C1.SSU.943	48147	ncRNA	
URS0002349DD4	CRW	CRW:d.233.e.G.intestinalis	5741	rRNA	
URS0002349DD4	CRW	CRW:d.235.e.G.intestinalis	5741	rRNA	
URS0002349DD5	CRW	CRW:d.16.e.Pleistophora.sp	35234	rRNA	
URS0002349DD6	CRW	CRW:d.16.b.H.foetida	35839	rRNA	
URS0002349DD7	CRW	CRW:d.16.b.C.jejuni.GEN	197	rRNA	
URS0002349DD8	CRW	CRW:a.I2.m.P.hybrida.A.OX2.i1	4102	ncRNA	
URS0002349DD9	CRW	CRW:d.16.b.S.galbus	33898	rRNA	
URS0002349DDA	CRW	CRW:d.16.c.P.wickerhamii	3111	rRNA	
URS0002349DDB	CRW	CRW:d.5.a.H.morrhuae.2	2250	rRNA	
URS0002349DDC	CRW	CRW:d.16.b.S.mashuensis	33904	rRNA	
URS0002349DDD	CRW	CRW:d.16.e.S.costatum	2843	rRNA	
URS0002349DDE	CRW	CRW:a.I1.m.S.luteus.B4.LSU.1923	5384	ncRNA	
URS0002349DDF	CRW	CRW:d.16.b.S.megasporus	44060	rRNA	
URS0002349DE0	CRW	CRW:d.16.b.L.lactis.GEN	1360	rRNA	
URS0002349DE1	CRW	CRW:d.16.b.C.difficile	1496	rRNA	
URS0002349DE2	CRW	CRW:a.I1.m.S.luteus.A1.LSU.2449	5384	ncRNA	
URS0002349DE3	CRW	CRW:d.16.b.D.radiodurans.1	1299	rRNA	
URS0002349DE4	CRW	CRW:d.16.b.C.sputorum	206	rRNA	
URS0002349DE5	CRW	CRW:a.I2.m.M.polymorpha.B.trnS.i1	3197	ncRNA	
URS0002349DE6	CRW	CRW:d.233.a.H.marismortui.2	500795	rRNA	
URS0002349DE6	CRW	CRW:d.235.a.H.marismortui.2	500795	rRNA	
URS0002349DE7	CRW	CRW:d.16.b.C.botulinum.F	36831	rRNA	
URS0002349DE8	CRW	CRW:b.16.m.S.canicula	7830	rRNA	
URS0002349DE9	CRW	CRW:d.16.a.T.celer	2264	rRNA	
URS0002349DEA	CRW	CRW:a.I1.m.P.anserina.B2.ND1.i4	5145	ncRNA	
URS0002349DEB	CRW	CRW:d.16.e.B.investiens	111861	rRNA	
URS0002349DEC	CRW	CRW:d.16.e.S.nipponica	218683	rRNA	
URS0002349DED	CRW	CRW:d.16.b.B.melitensis	29459	rRNA	
URS0002349DEE	CRW	CRW:a.16.c.G.wittrockiana	38269	rRNA	
URS0002349DEF	CRW	CRW:a.I2.c.N.tabacum.A.trnI.i1	4097	ncRNA	
URS0002349DF0	CRW	CRW:a.I1.e.M.caldariorum.C1.SSU.1506	31321	ncRNA	
URS0002349DF1	CRW	CRW:a.I1.e.A.stipitatus.C1.SSU.1046	3109	ncRNA	
URS0002349DF2	CRW	CRW:d.233.m.D.melanogaster	7227	rRNA	
URS0002349DF2	CRW	CRW:d.235.m.D.melanogaster	7227	rRNA	
URS0002349DF3	CRW	CRW:d.5.b.P.stutzeri.2	316	rRNA	
URS0002349DF4	CRW	CRW:d.16.e.C.immitis	5501	rRNA	
URS0002349DF5	CRW	CRW:d.16.e.G.atherinae	36737	rRNA	
URS0002349DF6	CRW	CRW:a.I1.e.P.carinii.Pc1.C1.LSU.1921	4754	ncRNA	
URS0002349DF7	CRW	CRW:d.16.e.Staurastrum.sp.M752	31318	rRNA	
URS0002349DF8	CRW	CRW:d.233.m.L.terrestris	6398	rRNA	
URS0002349DF8	CRW	CRW:d.235.m.L.terrestris	6398	rRNA	
URS0002349DF9	CRW	CRW:d.16.e.B.mediterranea	91991	rRNA	
URS0002349DFA	CRW	CRW:a.I1.e.P.polycephalum.C1.LSU.1925	5791	ncRNA	
URS0002349DFB	CRW	CRW:d.16.b.R.rickettsii	783	rRNA	
URS0002349DFC	CRW	CRW:d.16.b.F.tularensis	263	rRNA	
URS0002349DFD	CRW	CRW:d.16.m.H.moschatus	65631	rRNA	
URS0002349DFE	CRW	CRW:a.I1.e.T.malaccensis.C1.LSU.1925	5901	ncRNA	
URS0002349DFF	CRW	CRW:a.I1.e.S.sclerotiorum_1837.C1.LSU.798	5180	ncRNA	
URS0002349E00	CRW	CRW:a.I1.m.S.sclerotiorum.C2.SSU.570	5180	ncRNA	
URS0002349E01	CRW	CRW:d.5.b.M.luteus	1270	rRNA	
URS0002349E02	CRW	CRW:d.16.e.G.wittrockiana	38269	rRNA	
URS0002349E03	CRW	CRW:d.233.e.P.falciparum.S	5833	rRNA	
URS0002349E03	CRW	CRW:d.235.e.P.falciparum.S	5833	rRNA	
URS0002349E04	CRW	CRW:d.16.a.M.hungatei	2203	rRNA	
URS0002349E05	CRW	CRW:d.16.b.G.subterranea	28235	rRNA	
URS0002349E06	CRW	CRW:d.16.b.S.pyogenes.GEN	160490	rRNA	
URS0002349E07	CRW	CRW:d.16.e.Pla.lanceolata	39414	rRNA	
URS0002349E08	CRW	CRW:a.I1.e.S.paniceum.UNK.SSU.287	48274	ncRNA	
URS0002349E09	CRW	CRW:d.16.e.R.oryzae	64495	rRNA	
URS0002349E0A	CRW	CRW:d.16.b.E.brachy	35517	rRNA	
URS0002349E0B	CRW	CRW:d.16.b.Synechococcus.sp	269084	rRNA	
URS0002349E0C	CRW	CRW:d.16.e.A.majus	4151	rRNA	
URS0002349E0D	CRW	CRW:d.16.b.Epulopiscium.sp	2384	rRNA	
URS0002349E0E	CRW	CRW:d.16.b.H.halodenitrificans	28252	rRNA	
URS0002349E0F	CRW	CRW:d.16.e.I.barri	145415	rRNA	
URS0002349E10	CRW	CRW:d.16.b.S.rimosus	1927	rRNA	
URS0002349E11	CRW	CRW:a.I1.e.L.dispersa.UNK.SSU.516	39935	ncRNA	
URS0002349E12	CRW	CRW:a.I1.e.D.salina.C1.SSU.943	3046	ncRNA	
URS0002349E13	CRW	CRW:d.16.e.C.radiatus	33642	rRNA	
URS0002349E14	CRW	CRW:d.16.e.L.major	5664	rRNA	
URS0002349E15	CRW	CRW:d.16.b.Methylobacterium.sp	409	rRNA	
URS0002349E16	CRW	CRW:d.16.b.B.andersonii	34097	rRNA	
URS0002349E17	CRW	CRW:b.I1.e.B.fuscopurpurea.8.C1.SSU.516	101920	ncRNA	
URS0002349E18	CRW	CRW:d.16.e.B.titiana	210447	rRNA	
URS0002349E19	CRW	CRW:d.16.e.Glomus.sp.W3349	144532	rRNA	
URS0002349E1A	CRW	CRW:d.16.b.M.tuberculosis.3	1773	rRNA	
URS0002349E1B	CRW	CRW:d.16.e.H.milleri	191605	rRNA	
URS0002349E1C	CRW	CRW:a.I1.e.M.fructicola.C1.SSU.943	38448	ncRNA	
URS0002349E1D	CRW	CRW:a.I2.c.N.tabacum.A.S12.i2	4097	ncRNA	
URS0002349E1E	CRW	CRW:d.16.e.B.hamifera	31369	rRNA	
URS0002349E1F	CRW	CRW:d.233.b.M.genitalium	2097	rRNA	
URS0002349E1F	CRW	CRW:d.235.b.M.genitalium	2097	rRNA	
URS0002349E20	CRW	CRW:a.I1.m.P.anserina.C1.ND4L.i1	5145	ncRNA	
URS0002349E21	CRW	CRW:d.5.e.P.hybrida.1	4102	rRNA	
URS0002349E22	CRW	CRW:d.16.e.N.shawii	202686	rRNA	
URS0002349E23	CRW	CRW:a.I1.m.N.crassa.C1.ND4L	5141	ncRNA	
URS0002349E24	CRW	CRW:d.16.e.E.triangulatum	216747	rRNA	
URS0002349E25	CRW	CRW:a.I1.e.P.pachydermus.C1.SSU.943	48148	ncRNA	
URS0002349E26	CRW	CRW:a.I1.m.S.luteus.C2.LSU.1685	5384	ncRNA	
URS0002349E27	CRW	CRW:b.I1.e.T.thermophila.C1.LSU.1925	5911	ncRNA	
URS0002349E27	CRW	CRW:s.I1.e.T.thermophila.C1.LSU.1925.schem	600401	ncRNA	
URS0002349E28	CRW	CRW:d.16.b.E.rhusiopathiae	1648	rRNA	
URS0002349E29	CRW	CRW:a.I1.e.T.pigmentosa.C1.LSU.1925	5907	ncRNA	
URS0002349E2A	CRW	CRW:b.I1.e.C.hypophloia.E.SSU.989	64883	ncRNA	
URS0002349E2B	CRW	CRW:d.16.b.P.aeruginosa	287	rRNA	
URS0002349E2C	CRW	CRW:b.16.m.N.crassa	5141	rRNA	
URS0002349E2D	CRW	CRW:b.16.m.M.polymorpha	3197	rRNA	
URS0002349E2E	CRW	CRW:d.16.e.Endoreticulatus.sp	133530	rRNA	
URS0002349E2F	CRW	CRW:d.16.e.S.cerradensis	121125	rRNA	
URS0002349E30	CRW	CRW:d.16.e.Amblyospora.sp	33688	rRNA	
URS0002349E31	CRW	CRW:d.16.b.S.subrutilus	36818	rRNA	
URS0002349E32	CRW	CRW:a.I1.m.P.anserina.C1.ND4L.i2	5145	ncRNA	
URS0002349E33	CRW	CRW:b.I1.e.C.saccharophila.C1.SSU.156	3082	ncRNA	
URS0002349E34	CRW	CRW:d.16.b.M.aeruginosa	1126	rRNA	
URS0002349E35	CRW	CRW:b.16.m.E.nidulans	162425	rRNA	
URS0002349E36	CRW	CRW:d.16.e.D.grandis	28014	rRNA	
URS0002349E37	CRW	CRW:d.16.b.O.agardhii	1160	rRNA	
URS0002349E38	CRW	CRW:a.I1.b.Synechococcus.sp2.C3.tLEU	269084	ncRNA	
URS0002349E39	CRW	CRW:a.I2.c.N.tabacum.B.ND1.i1	4097	ncRNA	
URS0002349E3A	CRW	CRW:d.16.b.H.pylori.26695.GEN	85962	rRNA	
URS0002349E3B	CRW	CRW:a.I1.m.S.luteus.B4.LSU.2500	5384	ncRNA	
URS0002349E3C	CRW	CRW:a.I1.e.L.dispersa.UNK.SSU.114	39935	ncRNA	
URS0002349E3D	CRW	CRW:d.233.b.C.psittaci	83554	rRNA	
URS0002349E3D	CRW	CRW:d.235.b.C.psittaci	83554	rRNA	
URS0002349E3E	CRW	CRW:a.I1.e.B.ciliata.JCM6865.C1.SSU.1506	4989	ncRNA	
URS0002349E3F	CRW	CRW:d.5.b.P.stutzeri	316	rRNA	
URS0002349E40	CRW	CRW:d.16.c.P.parkeae	36894	rRNA	
URS0002349E41	CRW	CRW:d.16.e.E.rotunda	39714	rRNA	
URS0002349E42	CRW	CRW:a.I1.c.S.maritima.C3.tLEU	49786	ncRNA	
URS0002349E43	CRW	CRW:d.16.e.T.contejeani	164912	rRNA	
URS0002349E44	CRW	CRW:d.5.a.H.morrhuae.1	2250	rRNA	
URS0002349E45	CRW	CRW:d.16.b.L.illini	183	rRNA	
URS0002349E46	CRW	CRW:d.16.e.N.bombycis.27	27978	rRNA	
URS0002349E47	CRW	CRW:a.I2.b.E.coli.A.TBD.i1	562	ncRNA	
URS0002349E48	CRW	CRW:d.16.b.G.obscuriglobus.1	114	rRNA	
URS0002349E49	CRW	CRW:a.I2.b.C.sp.B.TBD.i5	1187	ncRNA	
URS0002349E4A	CRW	CRW:d.16.e.B.bovis	5865	rRNA	
URS0002349E4B	CRW	CRW:d.16.e.C.coeruleus	31354	rRNA	
URS0002349E4C	CRW	CRW:d.16.m.O.afer	9818	rRNA	
URS0002349E4D	CRW	CRW:d.16.a.H.marismortui.rrnA	500795	rRNA	
URS0002349E4E	CRW	CRW:d.16.b.B.henselae	38323	rRNA	
URS0002349E4F	CRW	CRW:a.I1.e.C.grayi.UNK.SSU.1046	27339	ncRNA	
URS0002349E50	CRW	CRW:d.16.e.A.flavus	5059	rRNA	
URS0002349E51	CRW	CRW:b.I1.e.A.griffini.1.C1.SSU.516	29195	ncRNA	
URS0002349E52	CRW	CRW:d.16.c.C.vulgaris	3077	rRNA	
URS0002349E53	CRW	CRW:d.16.e.C.paradoxa	2762	rRNA	
URS0002349E54	CRW	CRW:d.16.e.T.eccentrica	49261	rRNA	
URS0002349E55	CRW	CRW:d.16.b.S.thermovulgaris.2	1934	rRNA	
URS0002349E56	CRW	CRW:d.16.b.H.influenzae6	727	rRNA	
URS0002349E57	CRW	CRW:d.16.c.P.uvella	40532	rRNA	
URS0002349E58	CRW	CRW:a.I1.m.M.senile.B1.OX1	6116	ncRNA	
URS0002349E59	CRW	CRW:d.16.b.S.dysenteriae.2	622	rRNA	
URS0002349E5A	CRW	CRW:d.16.e.A.baicalensis	202469	rRNA	
URS0002349E5B	CRW	CRW:b.I1.e.Bangia.sp.C1.SSU.516	76713	ncRNA	
URS0002349E5C	CRW	CRW:d.16.b.P.shigelloides	703	rRNA	
URS0002349E5D	CRW	CRW:d.16.m.S.sinuspaulianus	5381	rRNA	
URS0002349E5E	CRW	CRW:d.16.a.M.thermautotrophicus.2	145262	rRNA	
URS0002349E5F	CRW	CRW:d.16.e.B.gibsoni	33632	rRNA	
URS0002349E60	CRW	CRW:d.16.e.B.hominis	12968	rRNA	
URS0002349E61	CRW	CRW:a.I1.m.N.crassa.B2.ND1	5141	ncRNA	
URS0002349E62	CRW	CRW:d.233.m.A.turrita	27820	rRNA	
URS0002349E62	CRW	CRW:d.235.m.A.turrita	27820	rRNA	
URS0002349E63	CRW	CRW:d.16.e.C.luteoviridis	31301	rRNA	
URS0002349E64	CRW	CRW:d.16.b.B.halodurans	86665	rRNA	
URS0002349E65	CRW	CRW:b.16.m.P.anserina	5145	rRNA	
URS0002349E66	CRW	CRW:d.16.e.Nosema.sp.05	40300	rRNA	
URS0002349E67	CRW	CRW:d.16.b.L.pneumophila.1	446	rRNA	
URS0002349E68	CRW	CRW:d.16.a.N.innermongoliae	61609	rRNA	
URS0002349E69	CRW	CRW:a.I2.c.N.tabacum.B.pB.i1	4097	ncRNA	
URS0002349E6A	CRW	CRW:a.I1.e.L.dispersa.UNK.SSU.789	39935	ncRNA	
URS0002349E6B	CRW	CRW:a.I1.e.C.parasitica.E.SSU.1199	5116	ncRNA	
URS0002349E6C	CRW	CRW:a.I1.e.T.cosmopolitanis.C1.LSU.1925	5921	ncRNA	
URS0002349E6C	CRW	CRW:a.I1.e.T.hyperangularis.C1.LSU.1925	5899	ncRNA	
URS0002349E6D	CRW	CRW:d.5.b.P.brasiliensis	119	rRNA	
URS0002349E6E	CRW	CRW:d.16.e.C.rubrum	35157	rRNA	
URS0002349E6F	CRW	CRW:a.I2.b.L.lactis.A.LtrB.i1	1358	ncRNA	
URS0002349E70	CRW	CRW:d.16.a.A.fulgidus	2234	rRNA	
URS0002349E71	CRW	CRW:d.16.e.R.belgicae	33647	rRNA	
URS0002349E72	CRW	CRW:b.I1.e.A.lagunensis.C1.SSU.516	44058	ncRNA	
URS0002349E73	CRW	CRW:a.I1.e.A.capsulatus.FLs1.C1.SSU	5037	ncRNA	
URS0002349E74	CRW	CRW:d.16.e.C.belgica	49246	rRNA	
URS0002349E75	CRW	CRW:d.16.b.M.capricolum	2095	rRNA	
URS0002349E76	CRW	CRW:d.16.e.Babesia.sp.OKD	113246	rRNA	
URS0002349E77	CRW	CRW:b.16.m.T.pyriformis	5908	rRNA	
URS0002349E78	CRW	CRW:d.233.e.S.cerevisiae	4932	rRNA	
URS0002349E78	CRW	CRW:d.235.e.S.cerevisiae	4932	rRNA	
URS0002349E79	CRW	CRW:d.16.e.M.varians	49256	rRNA	
URS0002349E7A	CRW	CRW:a.I1.e.C.merochlorophea.UNK.SSU.1389	5200	ncRNA	
URS0002349E7B	CRW	CRW:d.16.b.Pleurocapsa.7516	44475	rRNA	
URS0002349E7C	CRW	CRW:a.I1.e.C.merochlorophea.UNK.SSU.1046	5200	ncRNA	
URS0002349E7D	CRW	CRW:a.I2.c.N.tabacum.B.trnG.i1	4097	ncRNA	
URS0002349E7E	CRW	CRW:d.16.c.H.akashiwo	2829	rRNA	
URS0002349E7F	CRW	CRW:a.I2.m.P.littoralis.B.LSU.2451	2885	ncRNA	
URS0002349E80	CRW	CRW:d.5.b.M.genitalium	2097	rRNA	
URS0002349E81	CRW	CRW:a.I1.e.G.planctonica.C1.SSU.943	34157	ncRNA	
URS0002349E82	CRW	CRW:d.16.b.C.perfringens	1502	rRNA	
URS0002349E83	CRW	CRW:d.16.a.S.acidocaldarius	2285	rRNA	
URS0002349E84	CRW	CRW:a.I1.e.P.inouyei.C1.SSU.943	27332	ncRNA	
URS0002349E85	CRW	CRW:a.I2.c.N.tabacum.A.A6.i1	4097	ncRNA	
URS0002349E86	CRW	CRW:d.5.e.A.tabira	78079	rRNA	
URS0002349E87	CRW	CRW:a.I1.e.A.brochopaga.C1.SSU.1506	47238	ncRNA	
URS0002349E88	CRW	CRW:d.16.e.T.pseudonana	35128	rRNA	
URS0002349E89	CRW	CRW:a.I1.m.S.pombe.B1.OX1	4896	ncRNA	
URS0002349E8A	CRW	CRW:d.16.b.R.prowazekii.GEN	782	rRNA	
URS0002349E8B	CRW	CRW:d.16.b.S.thermodiastaticus	44061	rRNA	
URS0002349E8C	CRW	CRW:d.16.c.Cryptomonas.sp	3031	rRNA	
URS0002349E8D	CRW	CRW:a.I2.m.S.cerevisiae.A.OX1.i1	4932	ncRNA	
URS0002349E8D	CRW	CRW:h.I2.m.S.cerevisiae.A.OX1.i1.hlxnum	4932	ncRNA	
URS0002349E8D	CRW	CRW:s.I2.m.S.cerevisiae.A.OX1.i1.schem	4932	ncRNA	
URS0002349E8E	CRW	CRW:d.16.e.B.microti.5	5868	rRNA	
URS0002349E8F	CRW	CRW:d.16.b.I.pallida	128	rRNA	
URS0002349E90	CRW	CRW:d.16.e.P.chromatophora	39717	rRNA	
URS0002349E91	CRW	CRW:d.16.b.A.aeolicus	63363	rRNA	
URS0002349E92	CRW	CRW:a.I1.m.S.luteus.C2.LSU.1949	5384	ncRNA	
URS0002349E93	CRW	CRW:d.16.b.S.ornatus	33901	rRNA	
URS0002349E94	CRW	CRW:d.16.b.M.pneumoniae.GEN	2104	rRNA	
URS0002349E95	CRW	CRW:a.I1.c.S.bicolor.C3.tLEU	4558	ncRNA	
URS0002349E96	CRW	CRW:d.16.a.P.occultum	2309	rRNA	
URS0002349E97	CRW	CRW:d.16.b.Pseudomonas.sp	306	rRNA	
URS0002349E98	CRW	CRW:d.16.c.C.reinhardtii	3055	rRNA	
URS0002349E99	CRW	CRW:d.16.c.P.falciparum	5833	rRNA	
URS0002349E9A	CRW	CRW:a.I2.c.N.tabacum.A.L2.i1	4097	ncRNA	
URS0002349E9B	CRW	CRW:a.I1.b.coliphage.T4.A2.TD	10665	ncRNA	
URS0002349E9C	CRW	CRW:d.16.b.B.subtilis.GEN	224308	rRNA	
URS0002349E9D	CRW	CRW:d.233.b.R.prowazekii	782	rRNA	
URS0002349E9D	CRW	CRW:d.235.b.R.prowazekii	782	rRNA	
URS0002349E9E	CRW	CRW:d.5.b.A.globiformis.2	1665	rRNA	
URS0002349E9E	CRW	CRW:d.5.b.A.oxydans	1671	rRNA	
URS0002349E9F	CRW	CRW:d.16.e.A.bongranii	216896	rRNA	
URS0002349EA0	CRW	CRW:a.16.c.G.nostochinearum	38271	rRNA	
URS0002349EA1	CRW	CRW:d.5.b.B.subtilis	1423	rRNA	
URS0002349EA2	CRW	CRW:a.I1.e.P.clavariiformis.C1.SSU.943	70111	ncRNA	
URS0002349EA3	CRW	CRW:d.5.a.M.fervidus	2180	rRNA	
URS0002349EA4	CRW	CRW:d.16.b.S.thermovulgaris.1	1934	rRNA	
URS0002349EA5	CRW	CRW:d.16.e.Bangia.sp.VIS7	76713	rRNA	
URS0002349EA6	CRW	CRW:d.16.b.K.pneumoniae	573	rRNA	
URS0002349EA7	CRW	CRW:d.16.e.P.pseudodenticulata	263736	rRNA	
URS0002349EA8	CRW	CRW:a.I1.e.P.inouyei.C1.SSU.1506	27332	ncRNA	
URS0002349EA9	CRW	CRW:d.16.c.P.thurberi	51500	rRNA	
URS0002349EAA	CRW	CRW:d.16.e.N.trichoplusiae	35227	rRNA	
URS0002349EAB	CRW	CRW:d.16.e.N.salmonis	54411	rRNA	
URS0002349EAC	CRW	CRW:a.I1.e.C.botrytis.C1.SSU.1506	33101	ncRNA	
URS0002349EAD	CRW	CRW:d.16.e.Chaetoceros.sp	49240	rRNA	
URS0002349EAE	CRW	CRW:a.I1.e.M.scalaris.C1.SSU.1506	13158	ncRNA	
URS0002349EAF	CRW	CRW:d.16.e.R.parvula	110510	rRNA	
URS0002349EB0	CRW	CRW:d.16.b.S.gougerotii	53448	rRNA	
URS0002349EB1	CRW	CRW:d.16.e.Thalassionema.sp	216620	rRNA	
URS0002349EB2	CRW	CRW:d.16.b.A.capsulatum	33075	rRNA	
URS0002349EB3	CRW	CRW:d.16.a.H.marismortui.rrnB	500796	rRNA	
URS0002349EB4	CRW	CRW:d.16.e.A.connecticus	67759	rRNA	
URS0002349EB5	CRW	CRW:b.I1.e.P.leucosticta.C1.SSU.516	35146	ncRNA	
URS0002349EB6	CRW	CRW:d.16.b.H.influenz	727	rRNA	
URS0002349EB7	CRW	CRW:d.16.e.B.mandrillaris	66527	rRNA	
URS0002349EB8	CRW	CRW:a.I2.m.P.littoralis.B.LSU.575	2885	ncRNA	
URS0002349EB9	CRW	CRW:d.16.e.Enterocytozoonidae.sp	110581	rRNA	
URS0002349EBA	CRW	CRW:a.I2.c.N.tabacum.B.pD.i1	4097	ncRNA	
URS0002349EBB	CRW	CRW:d.16.c.S.pseudocostatum	41457	rRNA	
URS0002349EBC	CRW	CRW:a.I1.e.L.dispersa.UNK.SSU.1210	39935	ncRNA	
URS0002349EBD	CRW	CRW:d.233.b.B.pertussis	520	rRNA	
URS0002349EBD	CRW	CRW:d.235.b.B.pertussis	520	rRNA	
URS0002349EBE	CRW	CRW:d.233.e.P.falciparum.A	5833	rRNA	
URS0002349EBE	CRW	CRW:d.235.e.P.falciparum.A	5833	rRNA	
URS0002349EBF	CRW	CRW:b.I1.e.E.nigra.2.E.SSU.989	52866	ncRNA	
URS0002349EC0	CRW	CRW:a.I2.c.N.tabacum.B.S16.i1	4097	ncRNA	
URS0002349EC1	CRW	CRW:d.16.b.M.mycoides	2102	rRNA	
URS0002349EC2	CRW	CRW:d.233.a.H.marismortui.3	500796	rRNA	
URS0002349EC2	CRW	CRW:d.235.a.H.marismortui.3	500796	rRNA	
URS0002349EC2	CRW	CRW:n.233.a.H.marismortui.3.num	2238	rRNA	
URS0002349EC2	CRW	CRW:n.235.a.H.marismortui.3.num	2238	rRNA	
URS0002349EC2	CRW	CRW:s.233.a.H.marismortui.3.schem	2238	rRNA	
URS0002349EC2	CRW	CRW:s.235.a.H.marismortui.3.schem	2238	rRNA	
URS0002349EC3	CRW	CRW:a.I2.m.P.sativum.B.S10.i1	3888	ncRNA	
URS0002349EC4	CRW	CRW:d.16.b.S.ambofaciens	1889	rRNA	
URS0002349EC5	CRW	CRW:b.16.m.P.wickerhamii	3111	rRNA	
URS0002349EC6	CRW	CRW:a.I1.e.G.spirotaenia.C1.SSU.1506	31316	ncRNA	
URS0002349EC7	CRW	CRW:d.5.b.D.acidovorans	80866	rRNA	
URS0002349EC8	CRW	CRW:a.16.e.G.muris	5742	rRNA	
URS0002349EC9	CRW	CRW:d.16.e.A.scoticae	67678	rRNA	
URS0002349ECA	CRW	CRW:d.16.a.P.abyssi	29292	rRNA	
URS0002349ECB	CRW	CRW:a.I1.m.P.anserina.C1.ND1.i1	5145	ncRNA	
URS0002349ECC	CRW	CRW:d.16.e.B.pacifica	91992	rRNA	
URS0002349ECD	CRW	CRW:d.16.b.S.intermedius	53449	rRNA	
URS0002349ECE	CRW	CRW:d.16.e.L.minuta	33676	rRNA	
URS0002349ECF	CRW	CRW:a.I2.m.A.aegerita.B.LSU.2059	5400	ncRNA	
URS0002349ED0	CRW	CRW:a.I1.e.S.paniceum.UNK.SSU.114	48274	ncRNA	
URS0002349ED1	CRW	CRW:d.233.c.C.reinhardtii	3055	rRNA	
URS0002349ED1	CRW	CRW:d.235.c.C.reinhardtii	3055	rRNA	
URS0002349ED2	CRW	CRW:d.16.e.Bacillidium.sp	88069	rRNA	
URS0002349ED3	CRW	CRW:d.233.b.B.bronchiseptica	518	rRNA	
URS0002349ED3	CRW	CRW:d.235.b.B.bronchiseptica	518	rRNA	
URS0002349ED4	CRW	CRW:d.16.e.P.marinus	31276	rRNA	
URS0002349ED5	CRW	CRW:a.I1.e.L.dispersa.UNK.SSU.287	39935	ncRNA	
URS0002349ED6	CRW	CRW:a.I2.m.S.cerevisiae.B.OX1.i5	4932	ncRNA	
URS0002349ED6	CRW	CRW:h.I2.m.S.cerevisiae.B.OX1.i5.hlxnum	4932	ncRNA	
URS0002349ED6	CRW	CRW:s.I2.m.S.cerevisiae.B.OX1.i5.schem	4932	ncRNA	
URS0002349ED7	CRW	CRW:d.16.b.B.parapertussis	519	rRNA	
URS0002349ED8	CRW	CRW:d.16.e.B.bigemina	5866	rRNA	
URS0002349ED9	CRW	CRW:d.16.b.T.aquaticus	271	rRNA	
URS0002349EDA	CRW	CRW:a.I1.e.L.dispersa.UNK.SSU.1516	39935	ncRNA	
URS0002349EDB	CRW	CRW:b.I1.e.B.fuscopurpurea.7.C1.SSU.516	101920	ncRNA	
URS0002349EDC	CRW	CRW:d.16.b.S.lincolnensis	1915	rRNA	
URS0002349EDD	CRW	CRW:d.16.e.I.hoferi	39843	rRNA	
URS0002349EDE	CRW	CRW:a.I1.e.P.spiralis.R.C1.SSU.1506	31350	ncRNA	
URS0002349EDF	CRW	CRW:d.16.e.C.criophilum	49243	rRNA	
URS0002349EE0	CRW	CRW:a.I1.m.S.luteus.A1.LSU.2504	5384	ncRNA	
URS0002349EE1	CRW	CRW:b.16.m.S.salar	8030	rRNA	
URS0002349EE2	CRW	CRW:a.I1.c.C.moewusii.B4.PSBA.i2	3054	ncRNA	
URS0002349EE3	CRW	CRW:a.16.e.P.magellanicus	6577	rRNA	
URS0002349EE4	CRW	CRW:a.I1.e.C.merochlorophea.UNK.SSU.1210	5200	ncRNA	
URS0002349EE5	CRW	CRW:a.I1.e.C.saxonicum.C1.SSU.1506	35865	ncRNA	
URS0002349EE6	CRW	CRW:b.16.m.M.senile	6116	rRNA	
URS0002349EE7	CRW	CRW:a.I2.m.M.polymorpha.A.SSU.911	3197	ncRNA	
URS0002349EE8	CRW	CRW:d.16.e.B.microti.3	5868	rRNA	
URS0002349EE9	CRW	CRW:b.I1.e.B.atropurpurea.C1.SSU.516	31347	ncRNA	
URS0002349EEA	CRW	CRW:a.I1.e.Staurastrum.sp.M753.C1.SSU.1506	76048	ncRNA	
URS0002349EEB	CRW	CRW:a.16.e.G.intraradices	4876	rRNA	
URS0002349EEC	CRW	CRW:d.16.e.P.carinii	4754	rRNA	
URS0002349EED	CRW	CRW:d.16.e.Microgemma.sp	103454	rRNA	
URS0002349EEE	CRW	CRW:d.16.b.S.dysenteriae.1	622	rRNA	
URS0002349EEF	CRW	CRW:d.16.e.P.falciparum.S	5833	rRNA	
URS0002349EF0	CRW	CRW:d.16.e.L.giganteum	4803	rRNA	
URS0002349EF1	CRW	CRW:d.16.b.M.tuberculosis.CDC1551.G	83331	rRNA	
URS0002349EF2	CRW	CRW:b.I1.e.B.fuscopurpurea.1.C1.SSU.516	101920	ncRNA	
URS0002349EF3	CRW	CRW:d.16.b.S.rutgersensis	53451	rRNA	
URS0002349EF4	CRW	CRW:d.16.e.Gracilariopsis.sp	2783	rRNA	
URS0002349EF5	CRW	CRW:d.16.b.H.pylori2	210	rRNA	
URS0002349EF6	CRW	CRW:d.16.e.H.rubra	31481	rRNA	
URS0002349EF7	CRW	CRW:b.16.m.G.max	3847	rRNA	
URS0002349EF8	CRW	CRW:a.I1.e.S.paniceum.UNK.SSU.1210	48274	ncRNA	
URS0002349EF9	CRW	CRW:d.16.b.H.influenzae8	727	rRNA	
URS0002349EFA	CRW	CRW:d.16.e.E.carnea	35151	rRNA	
URS0002349EFB	CRW	CRW:d.16.b.C.burnetii	777	rRNA	
URS0002349EFC	CRW	CRW:a.I1.b.coliphage.T4.A2.NRDB	10665	ncRNA	
URS0002349EFD	CRW	CRW:d.16.b.A.calcoaceticus	471	rRNA	
URS0002349EFE	CRW	CRW:d.16.b.C.pneumoniae.CWL029	115713	rRNA	
URS0002349EFF	CRW	CRW:a.I1.c.A.cherimola.C3.tLEU	49314	ncRNA	
URS0002349F00	CRW	CRW:a.I1.e.E.dermatitidis.C1.SSU.943	5970	ncRNA	
URS0002349F01	CRW	CRW:d.16.b.C.freundii	546	rRNA	
URS0002349F02	CRW	CRW:d.16.e.N.tabacum	4097	rRNA	
URS0002349F03	CRW	CRW:a.I1.b.Dermocarpa.sp.ATCC29371.C3.tMET	34081	ncRNA	
URS0002349F04	CRW	CRW:a.I1.c.P.thunbergii.C3.tLEU	3350	ncRNA	
URS0002349F05	CRW	CRW:d.233.b.R.rickettsii	783	rRNA	
URS0002349F05	CRW	CRW:d.235.b.R.rickettsii	783	rRNA	
URS0002349F06	CRW	CRW:a.I1.e.L.dispersa.UNK.SSU.1046	39935	ncRNA	
URS0002349F07	CRW	CRW:d.16.b.P.multocida	747	rRNA	
URS0002349F08	CRW	CRW:d.16.e.A.invadans	157072	rRNA	
URS0002349F09	CRW	CRW:d.233.b.D.radiodurans.rrnB	1299	rRNA	
URS0002349F09	CRW	CRW:d.235.b.D.radiodurans.rrnB	1299	rRNA	
URS0002349F0A	CRW	CRW:a.I2.m.S.obliquus.B.LSU.2455	3088	ncRNA	
URS0002349F0B	CRW	CRW:a.I2.c.N.tabacum.A.trnV.i1	4097	ncRNA	
URS0002349F0C	CRW	CRW:d.16.e.C.ralfsii	216757	rRNA	
URS0002349F0D	CRW	CRW:b.I1.e.H.rubra.1.C1.SSU.1506	31481	ncRNA	
URS0002349F0E	CRW	CRW:d.16.a.N.equitans	160232	rRNA	
URS0002349F0F	CRW	CRW:d.16.e.P.laevis	216796	rRNA	
URS0002349F10	CRW	CRW:a.I1.e.C.grayi.UNK.SSU.1516	27339	ncRNA	
URS0002349F11	CRW	CRW:d.16.e.L.danicus	163516	rRNA	
URS0002349F12	CRW	CRW:a.I1.m.A.castellanii.B4.LSU.1931	5755	ncRNA	
URS0002349F13	CRW	CRW:d.16.e.G.marina	232512	rRNA	
URS0002349F14	CRW	CRW:d.5.e.P.hybrida.2	4102	rRNA	
URS0002349F15	CRW	CRW:d.16.e.Nosema.sp.02	40300	rRNA	
URS0002349F16	CRW	CRW:a.I1.e.B.yamatoana.JCM2896.C1.SSU.943	4996	ncRNA	
URS0002349F17	CRW	CRW:d.16.b.M.tuberculosis.2	1773	rRNA	
URS0002349F18	CRW	CRW:d.16.b.S.coelicolor	1902	rRNA	
URS0002349F19	CRW	CRW:b.16.m.P.tetraurelia	5888	rRNA	
URS0002349F1A	CRW	CRW:d.16.e.L.kittonii	210589	rRNA	
URS0002349F1B	CRW	CRW:d.16.b.S.caelestis	36816	rRNA	
URS0002349F1C	CRW	CRW:d.16.a.M.vannielii	2187	rRNA	
URS0002349F1D	CRW	CRW:d.16.e.E.aedis	70536	rRNA	
URS0002349F1E	CRW	CRW:d.233.m.P.paludiformis	221334	rRNA	
URS0002349F1E	CRW	CRW:d.235.m.P.paludiformis	221334	rRNA	
URS0002349F1F	CRW	CRW:a.I2.c.N.tabacum.B.ND2.i1	4097	ncRNA	
URS0002349F20	CRW	CRW:d.16.c.H.africana	50133	rRNA	
URS0002349F21	CRW	CRW:a.I1.e.P.carinii.C1.SSU.1506	4754	ncRNA	
URS0002349F22	CRW	CRW:d.16.b.E.faecium2	1352	rRNA	
URS0002349F23	CRW	CRW:d.16.b.C.pneumoniae.J138	138677	rRNA	
URS0002349F24	CRW	CRW:a.I1.b.S.hofmanii.C3.tMET	34078	ncRNA	
URS0002349F25	CRW	CRW:b.16.m.A.mississippiensis	8496	rRNA	
URS0002349F26	CRW	CRW:d.16.b.C.marismortui	42055	rRNA	
URS0002349F27	CRW	CRW:d.16.e.N.fowleri	5763	rRNA	
URS0002349F28	CRW	CRW:d.16.c.B.bovis	5865	rRNA	
URS0002349F29	CRW	CRW:a.I1.e.S.granulatum.C1.SSU.1506	35867	ncRNA	
URS0002349F2A	CRW	CRW:d.16.b.S.glaucescens	1907	rRNA	
URS0002349F2B	CRW	CRW:d.16.e.S.indicum	4182	rRNA	
URS0002349F2C	CRW	CRW:d.16.e.B.coli	71585	rRNA	
URS0002349F2D	CRW	CRW:d.16.e.P.haeckeli	42463	rRNA	
URS0002349F2E	CRW	CRW:b.16.m.A.castellanii	5755	rRNA	
URS0002349F2F	CRW	CRW:a.I1.e.C.sorokiniana.C1.SSU.323	3076	ncRNA	
URS0002349F30	CRW	CRW:d.16.e.B.microti.1	5868	rRNA	
URS0002349F31	CRW	CRW:d.16.b.S.pseudogriseolus	36817	rRNA	
URS0002349F32	CRW	CRW:a.16.m.L.tarentolae	5689	rRNA	
URS0002349F33	CRW	CRW:d.16.b.S.thermolineatus	44033	rRNA	
URS0002349F34	CRW	CRW:d.16.b.B.subtilis	1423	rRNA	
URS0002349F35	CRW	CRW:a.I2.c.N.tabacum.B.L16.i1	4097	ncRNA	
URS0002349F36	CRW	CRW:d.16.b.F.necrophorum	859	rRNA	
URS0002349F37	CRW	CRW:d.16.b.H.influenzae7	727	rRNA	
URS0002349F38	CRW	CRW:d.233.m.A.salina	85549	rRNA	
URS0002349F38	CRW	CRW:d.235.m.A.salina	85549	rRNA	
URS0002349F39	CRW	CRW:d.16.e.G.nostochinearum	38271	rRNA	
URS0002349F3A	CRW	CRW:b.16.m.C.reinhardtii	3055	rRNA	
URS0002349F3B	CRW	CRW:a.I1.b.S.negevensis.B4.LSU.1931	83561	ncRNA	
URS0002349F3C	CRW	CRW:d.16.b.S.moniliformis	34105	rRNA	
URS0002349F3D	CRW	CRW:d.16.e.Nosema.sp.03	40300	rRNA	
URS0002349F3E	CRW	CRW:d.16.e.G.intestinalis	5741	rRNA	
URS0002349F3F	CRW	CRW:d.16.m.Ateles.sp	9511	rRNA	
URS0002349F40	CRW	CRW:d.16.e.M.circinelloides	29924	rRNA	
URS0002349F41	CRW	CRW:d.16.b.M.avium	1764	rRNA	
URS0002349F42	CRW	CRW:a.I1.b.P.hollandica.1.C3.trnL	1223	ncRNA	
URS0002349F43	CRW	CRW:d.16.e.A.castellanii	5755	rRNA	
URS0002349F44	CRW	CRW:d.16.b.P.gingivalis	837	rRNA	
URS0002349F45	CRW	CRW:d.16.e.D.grisea	35153	rRNA	
URS0002349F46	CRW	CRW:b.I1.e.A.griffini.2.C1.SSU.516	29195	ncRNA	
URS0002349F47	CRW	CRW:d.16.b.C.muridarum	243161	rRNA	
URS0002349F48	CRW	CRW:a.I2.c.N.tabacum.A.trnK.i1	4097	ncRNA	
URS0002349F49	CRW	CRW:d.16.a.P.torridus	263820	rRNA	
URS0002349F4A	CRW	CRW:d.16.b.A.pyrophilus	2714	rRNA	
URS0002349F4B	CRW	CRW:d.16.b.E.faecalis	1351	rRNA	
URS0002349F4C	CRW	CRW:a.I1.e.C.luteoviridis.B.C1.SSU.1052	31301	ncRNA	
URS0002349F4D	CRW	CRW:d.16.e.B.canis	5867	rRNA	
URS0002349F4E	CRW	CRW:d.16.b.B.quintana	803	rRNA	
URS0002349F4F	CRW	CRW:b.I1.e.C.sorokiniana.C1.SSU.1046	3076	ncRNA	
URS0002349F50	CRW	CRW:b.16.m.O.berteriana	3950	rRNA	
URS0002349F51	CRW	CRW:d.16.e.S.pupula	216742	rRNA	
URS0002349F52	CRW	CRW:a.I1.e.P.spiralis.B.C1.SSU.1506	31350	ncRNA	
URS0002349F53	CRW	CRW:a.16.c.C.coccineum	51503	rRNA	
URS0002349F54	CRW	CRW:a.I1.e.B.ciliata.JCM6865.C1.SSU.943	4989	ncRNA	
URS0002349F55	CRW	CRW:d.16.b.N.asteroides	1824	rRNA	
URS0002349F56	CRW	CRW:d.16.e.N.tortuosa	101922	rRNA	
URS0002349F57	CRW	CRW:d.16.b.R.erythropolis	1833	rRNA	
URS0002349F58	CRW	CRW:d.16.b.R.prowazekii	782	rRNA	
URS0002349F59	CRW	CRW:d.16.b.Chlorogloeopsis.PCC7518	70811	rRNA	
URS0002349F5A	CRW	CRW:d.16.b.S.thermoviolaceus	1952	rRNA	
URS0002349F5B	CRW	CRW:b.16.m.P.lividus	7656	rRNA	
URS0002349F5C	CRW	CRW:d.16.b.A.israelii	1659	rRNA	
URS0002349F5D	CRW	CRW:d.16.c.C.sertularioides	76315	rRNA	
URS0002349F5E	CRW	CRW:d.16.b.M.luteus	1270	rRNA	
URS0002349F5F	CRW	CRW:d.16.e.C.officinalis	35170	rRNA	
URS0002349F60	CRW	CRW:d.5.b.S.pasteurii	1474	rRNA	
URS0002349F61	CRW	CRW:d.16.b.S.albidoflavus	1886	rRNA	
URS0002349F61	CRW	CRW:d.16.b.S.felleus	53447	rRNA	
URS0002349F61	CRW	CRW:d.16.b.S.limosus	1947	rRNA	
URS0002349F61	CRW	CRW:d.16.b.S.odorifer	53450	rRNA	
URS0002349F62	CRW	CRW:a.I2.c.N.tabacum.B.RPC1.i1	4097	ncRNA	
URS0002349F63	CRW	CRW:d.233.b.E.faecium	1352	rRNA	
URS0002349F63	CRW	CRW:d.235.b.E.faecium	1352	rRNA	
URS0002349F64	CRW	CRW:d.16.b.L.acidophilus	1579	rRNA	
URS0002349F65	CRW	CRW:d.233.e.O.sativa	4530	rRNA	
URS0002349F65	CRW	CRW:d.235.e.O.sativa	4530	rRNA	
URS0002349F66	CRW	CRW:d.16.a.M.thermautotrophicus.1	145262	rRNA	
URS0002349F67	CRW	CRW:d.16.a.N.bangense	61858	rRNA	
URS0002349F68	CRW	CRW:a.I2.m.P.anserina.A.ND5.i4	5145	ncRNA	
URS0002349F69	CRW	CRW:d.16.e.A.ambigua	49234	rRNA	
URS0002349F6A	CRW	CRW:d.233.c.S.oleracea	3562	rRNA	
URS0002349F6A	CRW	CRW:d.235.c.S.oleracea	3562	rRNA	
URS0002349F6B	CRW	CRW:d.16.e.Pseudogomphonema.sp	216731	rRNA	
URS0002349F6C	CRW	CRW:d.5.b.Thermus.sp	275	rRNA	
URS0002349F6D	CRW	CRW:d.16.e.P.simulii	103456	rRNA	
URS0002349F6E	CRW	CRW:d.16.b.C.diphtheriae	1717	rRNA	
URS0002349F6F	CRW	CRW:d.16.e.A.michaelis	27981	rRNA	
URS0002349F70	CRW	CRW:d.233.a.H.marismortui.1	2238	rRNA	
URS0002349F70	CRW	CRW:d.235.a.H.marismortui.1	2238	rRNA	
URS0002349F71	CRW	CRW:d.16.a.H.volcanii	2246	rRNA	
URS0002349F72	CRW	CRW:d.16.b.L.monocytogenes	1639	rRNA	
URS0002349F73	CRW	CRW:a.I1.m.M.grisea.B2.ND1	148305	ncRNA	
URS0002349F74	CRW	CRW:d.16.e.D.gammarellum	279534	rRNA	
URS0002349F75	CRW	CRW:d.16.e.G.vagum	35171	rRNA	
URS0002349F76	CRW	CRW:d.16.b.B.anthracis	1392	rRNA	
URS0002349F77	CRW	CRW:d.16.b.B.hyodysenteriae	159	rRNA	
URS0002349F78	CRW	CRW:a.I1.m.S.cerevisiae.A1.LSU.2449	4932	ncRNA	
URS0002349F79	CRW	CRW:a.I1.e.S.paniceum.UNK.SSU.1506	48274	ncRNA	
URS0002349F7A	CRW	CRW:a.I1.e.Staurastrum.sp.M752.C1.SSU.1506	31318	ncRNA	
URS0002349F7B	CRW	CRW:d.16.b.B.pertussis	520	rRNA	
URS0002349F7C	CRW	CRW:d.16.e.D.grandiflora	38791	rRNA	
URS0002349F7D	CRW	CRW:a.I1.e.C.geophilum_PAC.C1.SSU.1506	5570	ncRNA	
URS0002349F7E	CRW	CRW:a.I2.m.K.lactis.A.OX1.i1	28985	ncRNA	
URS0002349F7F	CRW	CRW:d.16.e.S.destruens	42893	rRNA	
URS0002349F80	CRW	CRW:a.I1.e.P.carinii.Pc2.C1.LSU.1921	4754	ncRNA	
URS0002349F81	CRW	CRW:d.16.e.M.leidyi	27923	rRNA	
URS0002349F82	CRW	CRW:d.16.b.P.Schlesner	126	rRNA	
URS0002349F83	CRW	CRW:d.16.e.R.carriebowensis	31496	rRNA	
URS0002349F84	CRW	CRW:d.16.e.R.americana	48483	rRNA	
URS0002349F85	CRW	CRW:d.16.b.S.hygroscopicus	1912	rRNA	
URS0002349F86	CRW	CRW:d.16.e.A.kariana	59810	rRNA	
URS0002349F87	CRW	CRW:a.I1.e.P.macrosporus.C1.SSU.1506	48147	ncRNA	
URS0002349F88	CRW	CRW:d.233.b.C.trachomatis.L2	813	rRNA	
URS0002349F88	CRW	CRW:d.235.b.C.trachomatis.L2	813	rRNA	
URS0002349F89	CRW	CRW:d.16.e.B.microti.2	5868	rRNA	
URS0002349F8A	CRW	CRW:a.16.c.C.ruber	45982	rRNA	
URS0002349F8B	CRW	CRW:d.233.e.A.thaliana	3702	rRNA	
URS0002349F8B	CRW	CRW:d.235.e.A.thaliana	3702	rRNA	
