URS000000F15C	EVLNCRNAS	EVLNCRNAS:EL1163	9606	lncRNA	
URS0000010EB4	EVLNCRNAS	EVLNCRNAS:EL2452	9606	lncRNA	
URS0000021C91	EVLNCRNAS	EVLNCRNAS:EL0929	9606	lncRNA	
URS0000040B07	EVLNCRNAS	EVLNCRNAS:EL0705	9606	lncRNA	
URS000004529D	EVLNCRNAS	EVLNCRNAS:EL3054	9606	lncRNA	
URS0000061392	EVLNCRNAS	EVLNCRNAS:EL1975	9606	lncRNA	
URS0000070006	EVLNCRNAS	EVLNCRNAS:EL3045	9606	lncRNA	
URS0000070E04	EVLNCRNAS	EVLNCRNAS:EL2926	9606	lncRNA	
URS0000072DBC	EVLNCRNAS	EVLNCRNAS:EL1721	9606	lncRNA	
URS000007428D	EVLNCRNAS	EVLNCRNAS:EL2587	9606	lncRNA	
URS00000984CE	EVLNCRNAS	EVLNCRNAS:EL2622	4896	sRNA	
URS00000A4455	EVLNCRNAS	EVLNCRNAS:EL1076	9606	lncRNA	
URS00000B5795	EVLNCRNAS	EVLNCRNAS:EL1023	9606	lncRNA	
URS00000C493D	EVLNCRNAS	EVLNCRNAS:EL0705	9606	lncRNA	
URS00000D3282	EVLNCRNAS	EVLNCRNAS:EL3044	9606	lncRNA	
URS00000D9E9B	EVLNCRNAS	EVLNCRNAS:EL3671	9606	lncRNA	
URS00000DB610	EVLNCRNAS	EVLNCRNAS:EL1163	9606	lncRNA	
URS00000F008D	EVLNCRNAS	EVLNCRNAS:EL1750	9606	lncRNA	
URS00000FA435	EVLNCRNAS	EVLNCRNAS:EL0705	9606	lncRNA	
URS0000110BB5	EVLNCRNAS	EVLNCRNAS:EL4000	9606	lncRNA	
URS0000126F45	EVLNCRNAS	EVLNCRNAS:EL0754	9606	lncRNA	
URS000012A7D7	EVLNCRNAS	EVLNCRNAS:EL1975	9606	lncRNA	
URS000013BA13	EVLNCRNAS	EVLNCRNAS:EL0793	9606	lncRNA	
URS000014F251	EVLNCRNAS	EVLNCRNAS:EL1076	9606	lncRNA	
URS0000154A45	EVLNCRNAS	EVLNCRNAS:EL4000	9606	lncRNA	
URS000016CCD8	EVLNCRNAS	EVLNCRNAS:EL2926	9606	lncRNA	
URS0000174377	EVLNCRNAS	EVLNCRNAS:EL3975	9606	lncRNA	
URS000017829C	EVLNCRNAS	EVLNCRNAS:EL1163	9606	lncRNA	
URS000017EEFE	EVLNCRNAS	EVLNCRNAS:EL3033	9606	lncRNA	
URS0000185D17	EVLNCRNAS	EVLNCRNAS:EL2912	9606	lncRNA	
URS000018FDB7	EVLNCRNAS	EVLNCRNAS:EL2543	9606	lncRNA	
URS0000191DDD	EVLNCRNAS	EVLNCRNAS:EL1948	9606	lncRNA	
URS0000194C25	EVLNCRNAS	EVLNCRNAS:EL2203	9606	lncRNA	
URS000019E0CD	EVLNCRNAS	EVLNCRNAS:EL1218	9606	lncRNA	
URS00001AE12D	EVLNCRNAS	EVLNCRNAS:EL0950	9606	lncRNA	
URS00001B399D	EVLNCRNAS	EVLNCRNAS:EL0089	9606	lncRNA	
URS00001B39D3	EVLNCRNAS	EVLNCRNAS:EL1314	9606	lncRNA	
URS00001B42CC	EVLNCRNAS	EVLNCRNAS:EL3044	9606	lncRNA	
URS00001B848D	EVLNCRNAS	EVLNCRNAS:EL3054	9606	lncRNA	
URS00001BCC5D	EVLNCRNAS	EVLNCRNAS:EL3044	9606	lncRNA	
URS00001D7589	EVLNCRNAS	EVLNCRNAS:EL0923	9606	lncRNA	
URS00001F596F	EVLNCRNAS	EVLNCRNAS:EL3042	9606	lncRNA	
URS0000204716	EVLNCRNAS	EVLNCRNAS:EL1948	9606	lncRNA	
URS000020943A	EVLNCRNAS	EVLNCRNAS:EL3449	9606	lncRNA	
URS0000211BC8	EVLNCRNAS	EVLNCRNAS:EL1349	9606	lncRNA	
URS000021CBC1	EVLNCRNAS	EVLNCRNAS:EL3881	9606	lncRNA	
URS000022CEDD	EVLNCRNAS	EVLNCRNAS:EL0919	9606	lncRNA	
URS000022CFA7	EVLNCRNAS	EVLNCRNAS:EL0705	9606	lncRNA	
URS00002344D1	EVLNCRNAS	EVLNCRNAS:EL0793	9606	lncRNA	
URS000024990C	EVLNCRNAS	EVLNCRNAS:EL1605	9606	lncRNA	
URS000024FBF9	EVLNCRNAS	EVLNCRNAS:EL1163	9606	lncRNA	
URS0000250F7D	EVLNCRNAS	EVLNCRNAS:EL2587	9606	lncRNA	
URS00002658F8	EVLNCRNAS	EVLNCRNAS:EL0115	9606	lncRNA	
URS000027E99F	EVLNCRNAS	EVLNCRNAS:EL0096	9606	lncRNA	
URS00002853B1	EVLNCRNAS	EVLNCRNAS:EL2999	9606	lncRNA	
URS00002932B0	EVLNCRNAS	EVLNCRNAS:EL1721	9606	lncRNA	
URS00002983EE	EVLNCRNAS	EVLNCRNAS:EL0705	9606	sRNA	
URS000029FF6C	EVLNCRNAS	EVLNCRNAS:EL3054	9606	lncRNA	
URS00002A4A67	EVLNCRNAS	EVLNCRNAS:EL0896	9606	lncRNA	
URS00002A750A	EVLNCRNAS	EVLNCRNAS:EL1452	9606	lncRNA	
URS00002C132C	EVLNCRNAS	EVLNCRNAS:EL4000	9606	lncRNA	
URS00002E6592	EVLNCRNAS	EVLNCRNAS:EL2999	9606	lncRNA	
URS00002F8B0E	EVLNCRNAS	EVLNCRNAS:EL2452	9606	lncRNA	
URS00002FA564	EVLNCRNAS	EVLNCRNAS:EL1753	9606	lncRNA	
URS000030665F	EVLNCRNAS	EVLNCRNAS:EL1163	9606	lncRNA	
URS000032D0E3	EVLNCRNAS	EVLNCRNAS:EL1163	9606	lncRNA	
URS00003335C4	EVLNCRNAS	EVLNCRNAS:EL0081	9606	lncRNA	
URS0000342AE1	EVLNCRNAS	EVLNCRNAS:EL1163	9606	lncRNA	
URS000034C615	EVLNCRNAS	EVLNCRNAS:EL3748	9606	sRNA	
URS0000351525	EVLNCRNAS	EVLNCRNAS:EL0917	9606	lncRNA	
URS0000366D4F	EVLNCRNAS	EVLNCRNAS:EL3242	9606	lncRNA	
URS0000369103	EVLNCRNAS	EVLNCRNAS:EL4000	9606	lncRNA	
URS0000379690	EVLNCRNAS	EVLNCRNAS:EL0307	9606	lncRNA	
URS000037B145	EVLNCRNAS	EVLNCRNAS:EL3748	9606	lncRNA	
URS000037C1BA	EVLNCRNAS	EVLNCRNAS:EL1163	9606	lncRNA	
URS000037D9C9	EVLNCRNAS	EVLNCRNAS:EL3042	9606	lncRNA	
URS00003846C4	EVLNCRNAS	EVLNCRNAS:EL0932	9606	lncRNA	
URS0000397CFA	EVLNCRNAS	EVLNCRNAS:EL2804	9606	lncRNA	
URS00003A7D66	EVLNCRNAS	EVLNCRNAS:EL0094	9606	lncRNA	
URS00003ABB47	EVLNCRNAS	EVLNCRNAS:EL2202	9606	lncRNA	
URS00003B7529	EVLNCRNAS	EVLNCRNAS:EL1452	9606	lncRNA	
URS00003BF5C9	EVLNCRNAS	EVLNCRNAS:EL2926	9606	lncRNA	
URS00003D929B	EVLNCRNAS	EVLNCRNAS:EL3045	9606	lncRNA	
URS00003DC5A4	EVLNCRNAS	EVLNCRNAS:EL2206	9606	lncRNA	
URS00003DEE5B	EVLNCRNAS	EVLNCRNAS:EL1975	9606	lncRNA	
URS00003F6648	EVLNCRNAS	EVLNCRNAS:EL1671	9606	lncRNA	
URS00003FD023	EVLNCRNAS	EVLNCRNAS:EL0863	9606	lncRNA	
URS0000400615	EVLNCRNAS	EVLNCRNAS:EL1952	9606	lncRNA	
URS000042B04D	EVLNCRNAS	EVLNCRNAS:EL0931	9606	lncRNA	
URS000042CC6A	EVLNCRNAS	EVLNCRNAS:EL2031	9606	lncRNA	
URS000043545D	EVLNCRNAS	EVLNCRNAS:EL3237	9606	lncRNA	
URS000044261A	EVLNCRNAS	EVLNCRNAS:EL1163	9606	lncRNA	
URS000044583E	EVLNCRNAS	EVLNCRNAS:EL3840	9606	lncRNA	
URS000044A315	EVLNCRNAS	EVLNCRNAS:EL0315	9606	lncRNA	
URS000045713E	EVLNCRNAS	EVLNCRNAS:EL0102	9606	lncRNA	
URS000045F3BD	EVLNCRNAS	EVLNCRNAS:EL4000	9606	lncRNA	
URS0000477623	EVLNCRNAS	EVLNCRNAS:EL1329	9606	lncRNA	
URS0000477B23	EVLNCRNAS	EVLNCRNAS:EL3071	9606	lncRNA	
URS000047BF66	EVLNCRNAS	EVLNCRNAS:EL2453	9606	lncRNA	
URS000047E291	EVLNCRNAS	EVLNCRNAS:EL0928	9606	lncRNA	
URS00004A7C3C	EVLNCRNAS	EVLNCRNAS:EL3629	9606	lncRNA	
URS00004C55E4	EVLNCRNAS	EVLNCRNAS:EL1688	9606	lncRNA	
URS00004D0079	EVLNCRNAS	EVLNCRNAS:EL0913	9606	lncRNA	
URS00004EA837	EVLNCRNAS	EVLNCRNAS:EL4000	9606	lncRNA	
URS0000515737	EVLNCRNAS	EVLNCRNAS:EL0922	9606	lncRNA	
URS0000525AEE	EVLNCRNAS	EVLNCRNAS:EL1076	9606	lncRNA	
URS0000538E31	EVLNCRNAS	EVLNCRNAS:EL2206	9606	lncRNA	
URS000054B165	EVLNCRNAS	EVLNCRNAS:EL0112	9606	lncRNA	
URS0000552EB2	EVLNCRNAS	EVLNCRNAS:EL3045	9606	lncRNA	
URS0000553EC2	EVLNCRNAS	EVLNCRNAS:EL3045	9606	lncRNA	
URS000055CA54	EVLNCRNAS	EVLNCRNAS:EL2926	9606	lncRNA	
URS0000566B19	EVLNCRNAS	EVLNCRNAS:EL3054	9606	lncRNA	
URS00005693C9	EVLNCRNAS	EVLNCRNAS:EL1452	9606	lncRNA	
URS000056CFA1	EVLNCRNAS	EVLNCRNAS:EL1773	9606	lncRNA	
URS000056D451	EVLNCRNAS	EVLNCRNAS:EL1029	9606	lncRNA	
URS000056D6BA	EVLNCRNAS	EVLNCRNAS:EL3748	9606	lncRNA	
URS0000585BA8	EVLNCRNAS	EVLNCRNAS:EL0859	9606	lncRNA	
URS000059F530	EVLNCRNAS	EVLNCRNAS:EL2543	9606	lncRNA	
URS00005AAAF0	EVLNCRNAS	EVLNCRNAS:EL1605	9606	lncRNA	
URS00005B20C7	EVLNCRNAS	EVLNCRNAS:EL4000	9606	lncRNA	
URS00005BD577	EVLNCRNAS	EVLNCRNAS:EL1773	9606	lncRNA	
URS00005BDB7C	EVLNCRNAS	EVLNCRNAS:EL2804	9606	lncRNA	
URS00005C37D2	EVLNCRNAS	EVLNCRNAS:EL2912	9606	lncRNA	
URS00005DD22D	EVLNCRNAS	EVLNCRNAS:EL0058	9606	lncRNA	
URS00005F5494	EVLNCRNAS	EVLNCRNAS:EL3045	9606	lncRNA	
URS0000616615	EVLNCRNAS	EVLNCRNAS:EL1076	9606	lncRNA	
URS0000621BD3	EVLNCRNAS	EVLNCRNAS:EL1076	9606	lncRNA	
URS0000622657	EVLNCRNAS	EVLNCRNAS:EL1773	9606	lncRNA	
URS000075990E	EVLNCRNAS	EVLNCRNAS:EL3042	9606	lncRNA	
URS0000759DAD	EVLNCRNAS	EVLNCRNAS:EL1661	9606	lncRNA	
URS000075A5BB	EVLNCRNAS	EVLNCRNAS:EL4000	9606	lncRNA	
URS000075B988	EVLNCRNAS	EVLNCRNAS:EL1163	9606	lncRNA	
URS000075BE45	EVLNCRNAS	EVLNCRNAS:EL3056	9606	lncRNA	
URS000075CA45	EVLNCRNAS	EVLNCRNAS:EL4000	9606	lncRNA	
URS000075CAB8	EVLNCRNAS	EVLNCRNAS:EL3748	9606	lncRNA	
URS000075CDE5	EVLNCRNAS	EVLNCRNAS:EL1661	9606	lncRNA	
URS000075D278	EVLNCRNAS	EVLNCRNAS:EL4000	9606	lncRNA	
URS000075D858	EVLNCRNAS	EVLNCRNAS:EL0527	9606	lncRNA	
URS000075D990	EVLNCRNAS	EVLNCRNAS:EL4000	9606	lncRNA	
URS000075DFF3	EVLNCRNAS	EVLNCRNAS:EL3050	9606	lncRNA	
URS000075E544	EVLNCRNAS	EVLNCRNAS:EL3045	9606	lncRNA	
URS000075E949	EVLNCRNAS	EVLNCRNAS:EL3044	9606	lncRNA	
URS000075EF7D	EVLNCRNAS	EVLNCRNAS:EL2337	9606	lncRNA	
URS000076315D	EVLNCRNAS	EVLNCRNAS:EL0315	9606	lncRNA	
URS0000768265	EVLNCRNAS	EVLNCRNAS:EL2453	9606	lncRNA	
URS00007686FC	EVLNCRNAS	EVLNCRNAS:EL2453	9606	lncRNA	
URS000076A361	EVLNCRNAS	EVLNCRNAS:EL3045	9606	lncRNA	
URS000076CB25	EVLNCRNAS	EVLNCRNAS:EL1076	9606	lncRNA	
URS000077BBBB	EVLNCRNAS	EVLNCRNAS:EL2452	9606	lncRNA	
URS0000783C4D	EVLNCRNAS	EVLNCRNAS:EL2185	9606	lncRNA	
URS0000788128	EVLNCRNAS	EVLNCRNAS:EL1957	9606	lncRNA	
URS00007C6D79	EVLNCRNAS	EVLNCRNAS:EL3709	9606	lncRNA	
URS0000811E65	EVLNCRNAS	EVLNCRNAS:EL1303	9606	lncRNA	
URS0000811FF1	EVLNCRNAS	EVLNCRNAS:EL0527	9606	lncRNA	
URS00008B21C4	EVLNCRNAS	EVLNCRNAS:EL2206	9606	lncRNA	
URS00008B22F6	EVLNCRNAS	EVLNCRNAS:EL1076	9606	lncRNA	
URS00008B2638	EVLNCRNAS	EVLNCRNAS:EL2206	9606	lncRNA	
URS00008B28B8	EVLNCRNAS	EVLNCRNAS:EL2228	9606	lncRNA	
URS00008B2A7E	EVLNCRNAS	EVLNCRNAS:EL3044	9606	lncRNA	
URS00008B2CA9	EVLNCRNAS	EVLNCRNAS:EL1163	9606	lncRNA	
URS00008B2D0A	EVLNCRNAS	EVLNCRNAS:EL3044	9606	lncRNA	
URS00008B2D1C	EVLNCRNAS	EVLNCRNAS:EL3044	9606	lncRNA	
URS00008B2D35	EVLNCRNAS	EVLNCRNAS:EL3056	9606	lncRNA	
URS00008B3501	EVLNCRNAS	EVLNCRNAS:EL3242	9606	lncRNA	
URS00008B36C0	EVLNCRNAS	EVLNCRNAS:EL0705	9606	lncRNA	
URS00008B371F	EVLNCRNAS	EVLNCRNAS:EL3242	9606	lncRNA	
URS00008B3BB9	EVLNCRNAS	EVLNCRNAS:EL2193	9606	lncRNA	
URS00008B3C2E	EVLNCRNAS	EVLNCRNAS:EL0705	9606	lncRNA	
URS00008B3E4B	EVLNCRNAS	EVLNCRNAS:EL3242	9606	lncRNA	
URS00008B3E9C	EVLNCRNAS	EVLNCRNAS:EL1303	9606	lncRNA	
URS00008B3F67	EVLNCRNAS	EVLNCRNAS:EL1773	9606	lncRNA	
URS00008B40EA	EVLNCRNAS	EVLNCRNAS:EL3629	9606	lncRNA	
URS00008B41CB	EVLNCRNAS	EVLNCRNAS:EL1076	9606	lncRNA	
URS00008B42D9	EVLNCRNAS	EVLNCRNAS:EL1773	9606	lncRNA	
URS00008B431F	EVLNCRNAS	EVLNCRNAS:EL3044	9606	lncRNA	
URS00008B4568	EVLNCRNAS	EVLNCRNAS:EL0651	9606	lncRNA	
URS00008B48D8	EVLNCRNAS	EVLNCRNAS:EL0754	9606	lncRNA	
URS00008B4A15	EVLNCRNAS	EVLNCRNAS:EL0754	9606	lncRNA	
URS00008B4DB9	EVLNCRNAS	EVLNCRNAS:EL0315	9606	lncRNA	
URS00008B4E6C	EVLNCRNAS	EVLNCRNAS:EL1076	9606	lncRNA	
URS00008B4E8D	EVLNCRNAS	EVLNCRNAS:EL0793	9606	lncRNA	
URS00008B5306	EVLNCRNAS	EVLNCRNAS:EL1605	9606	lncRNA	
URS00008B5714	EVLNCRNAS	EVLNCRNAS:EL1303	9606	lncRNA	
URS00008B5A16	EVLNCRNAS	EVLNCRNAS:EL3709	9606	lncRNA	
URS00008B5A1D	EVLNCRNAS	EVLNCRNAS:EL1163	9606	lncRNA	
URS00008B5A20	EVLNCRNAS	EVLNCRNAS:EL0255	9606	lncRNA	
URS00008B5C62	EVLNCRNAS	EVLNCRNAS:EL3054	9606	lncRNA	
URS00008B5E08	EVLNCRNAS	EVLNCRNAS:EL1975	9606	lncRNA	
URS00008B5F0A	EVLNCRNAS	EVLNCRNAS:EL3242	9606	lncRNA	
URS00008B5F8A	EVLNCRNAS	EVLNCRNAS:EL1975	9606	lncRNA	
URS00008B6220	EVLNCRNAS	EVLNCRNAS:EL3042	9606	lncRNA	
URS00008B63A6	EVLNCRNAS	EVLNCRNAS:EL1979	9606	lncRNA	
URS00008B6758	EVLNCRNAS	EVLNCRNAS:EL3056	9606	lncRNA	
URS00008B69B7	EVLNCRNAS	EVLNCRNAS:EL0911	9606	lncRNA	
URS00008B6C77	EVLNCRNAS	EVLNCRNAS:EL2228	9606	lncRNA	
URS00008B6FEA	EVLNCRNAS	EVLNCRNAS:EL0527	9606	lncRNA	
URS00008B7472	EVLNCRNAS	EVLNCRNAS:EL2047	9606	lncRNA	
URS00008B757E	EVLNCRNAS	EVLNCRNAS:EL2453	9606	lncRNA	
URS00008B75FE	EVLNCRNAS	EVLNCRNAS:EL3242	9606	lncRNA	
URS00008B7686	EVLNCRNAS	EVLNCRNAS:EL3242	9606	lncRNA	
URS00008B7863	EVLNCRNAS	EVLNCRNAS:EL2202	9606	lncRNA	
URS00008B7A1D	EVLNCRNAS	EVLNCRNAS:EL1218	9606	lncRNA	
URS00008B7A77	EVLNCRNAS	EVLNCRNAS:EL1753	9606	lncRNA	
URS00008B7C5B	EVLNCRNAS	EVLNCRNAS:EL1218	9606	lncRNA	
URS00008B7D6C	EVLNCRNAS	EVLNCRNAS:EL3242	9606	lncRNA	
URS00008B8C93	EVLNCRNAS	EVLNCRNAS:EL0651	9606	lncRNA	
URS00008B8DA2	EVLNCRNAS	EVLNCRNAS:EL1303	9606	lncRNA	
URS00008B8DC9	EVLNCRNAS	EVLNCRNAS:EL1975	9606	lncRNA	
URS00008B9040	EVLNCRNAS	EVLNCRNAS:EL1303	9606	lncRNA	
URS00008B92F0	EVLNCRNAS	EVLNCRNAS:EL1218	9606	lncRNA	
URS00008B9387	EVLNCRNAS	EVLNCRNAS:EL3042	9606	lncRNA	
URS00008B9833	EVLNCRNAS	EVLNCRNAS:EL1452	9606	lncRNA	
URS00008B9BCA	EVLNCRNAS	EVLNCRNAS:EL2206	9606	lncRNA	
URS00008B9FEE	EVLNCRNAS	EVLNCRNAS:EL0950	9606	lncRNA	
URS00008BA1E4	EVLNCRNAS	EVLNCRNAS:EL2203	9606	lncRNA	
URS00008BA3C7	EVLNCRNAS	EVLNCRNAS:EL1605	9606	lncRNA	
URS00008BA962	EVLNCRNAS	EVLNCRNAS:EL2206	9606	lncRNA	
URS00008BAAAE	EVLNCRNAS	EVLNCRNAS:EL2986	9606	lncRNA	
URS00008BADE7	EVLNCRNAS	EVLNCRNAS:EL0297	9606	lncRNA	
URS00008BB30E	EVLNCRNAS	EVLNCRNAS:EL0705	9606	lncRNA	
URS00008BB3FC	EVLNCRNAS	EVLNCRNAS:EL1163	9606	lncRNA	
URS00008BB51F	EVLNCRNAS	EVLNCRNAS:EL0527	9606	lncRNA	
URS00008BB700	EVLNCRNAS	EVLNCRNAS:EL3054	9606	lncRNA	
URS00008BBC11	EVLNCRNAS	EVLNCRNAS:EL3242	9606	lncRNA	
URS00008BC02C	EVLNCRNAS	EVLNCRNAS:EL2206	9606	lncRNA	
URS00008BC23C	EVLNCRNAS	EVLNCRNAS:EL1957	9606	lncRNA	
URS00008BC307	EVLNCRNAS	EVLNCRNAS:EL1076	9606	lncRNA	
URS00008BC475	EVLNCRNAS	EVLNCRNAS:EL1303	9606	lncRNA	
URS00008BC674	EVLNCRNAS	EVLNCRNAS:EL1721	9606	lncRNA	
URS00008BC7AB	EVLNCRNAS	EVLNCRNAS:EL1076	9606	lncRNA	
URS00008BCD93	EVLNCRNAS	EVLNCRNAS:EL1605	9606	lncRNA	
URS00008BCE65	EVLNCRNAS	EVLNCRNAS:EL2926	9606	lncRNA	
URS00008BCED2	EVLNCRNAS	EVLNCRNAS:EL1303	9606	lncRNA	
URS00008BD3AD	EVLNCRNAS	EVLNCRNAS:EL1303	9606	lncRNA	
URS00008BD777	EVLNCRNAS	EVLNCRNAS:EL3242	9606	lncRNA	
URS00008BD79C	EVLNCRNAS	EVLNCRNAS:EL2190	9606	lncRNA	
URS00008BD9DE	EVLNCRNAS	EVLNCRNAS:EL1303	9606	lncRNA	
URS00008BDB45	EVLNCRNAS	EVLNCRNAS:EL1242	9606	lncRNA	
URS00008BE0FF	EVLNCRNAS	EVLNCRNAS:EL3044	9606	lncRNA	
URS00008BE4EA	EVLNCRNAS	EVLNCRNAS:EL3242	9606	lncRNA	
URS00008BE552	EVLNCRNAS	EVLNCRNAS:EL1963	9606	lncRNA	
URS00008BE6AF	EVLNCRNAS	EVLNCRNAS:EL1997	9606	lncRNA	
URS00008BE716	EVLNCRNAS	EVLNCRNAS:EL2031	9606	lncRNA	
URS00008BE856	EVLNCRNAS	EVLNCRNAS:EL0754	9606	lncRNA	
URS00008BEAD8	EVLNCRNAS	EVLNCRNAS:EL1773	9606	lncRNA	
URS00008BEAF2	EVLNCRNAS	EVLNCRNAS:EL3044	9606	lncRNA	
URS00008BF297	EVLNCRNAS	EVLNCRNAS:EL3242	9606	lncRNA	
URS00008BF2FC	EVLNCRNAS	EVLNCRNAS:EL3242	9606	lncRNA	
URS00008BF4C0	EVLNCRNAS	EVLNCRNAS:EL2206	9606	lncRNA	
URS00008BF59E	EVLNCRNAS	EVLNCRNAS:EL3709	9606	lncRNA	
URS00008BF691	EVLNCRNAS	EVLNCRNAS:EL0651	9606	lncRNA	
URS00008BFA3F	EVLNCRNAS	EVLNCRNAS:EL3491	9606	lncRNA	
URS00008BFA8B	EVLNCRNAS	EVLNCRNAS:EL3044	9606	lncRNA	
URS00008BFC84	EVLNCRNAS	EVLNCRNAS:EL3242	9606	lncRNA	
URS00008BFE6A	EVLNCRNAS	EVLNCRNAS:EL0527	9606	lncRNA	
URS00008C0152	EVLNCRNAS	EVLNCRNAS:EL1076	9606	lncRNA	
URS00008C0182	EVLNCRNAS	EVLNCRNAS:EL2024	9606	lncRNA	
URS00008C065D	EVLNCRNAS	EVLNCRNAS:EL0754	9606	lncRNA	
URS00008C0BDB	EVLNCRNAS	EVLNCRNAS:EL1218	9606	lncRNA	
URS00008C141B	EVLNCRNAS	EVLNCRNAS:EL0297	9606	lncRNA	
URS00008C158F	EVLNCRNAS	EVLNCRNAS:EL2912	9606	lncRNA	
URS00008C1BC1	EVLNCRNAS	EVLNCRNAS:EL3242	9606	lncRNA	
URS00008C1EC7	EVLNCRNAS	EVLNCRNAS:EL2999	9606	lncRNA	
URS00008C206F	EVLNCRNAS	EVLNCRNAS:EL0527	9606	lncRNA	
URS00008C2CCE	EVLNCRNAS	EVLNCRNAS:EL3045	9606	lncRNA	
URS00008C2CDF	EVLNCRNAS	EVLNCRNAS:EL2912	9606	lncRNA	
URS00008C31FE	EVLNCRNAS	EVLNCRNAS:EL3045	9606	lncRNA	
URS00008C3642	EVLNCRNAS	EVLNCRNAS:EL3056	9606	lncRNA	
URS00008C3699	EVLNCRNAS	EVLNCRNAS:EL2000	9606	lncRNA	
URS00008C377D	EVLNCRNAS	EVLNCRNAS:EL3748	9606	lncRNA	
URS00008C39DB	EVLNCRNAS	EVLNCRNAS:EL2912	9606	lncRNA	
URS00008C4084	EVLNCRNAS	EVLNCRNAS:EL0527	9606	lncRNA	
URS00008E3A01	EVLNCRNAS	EVLNCRNAS:EL1303	9606	lncRNA	
URS00008E3A2D	EVLNCRNAS	EVLNCRNAS:EL3748	9606	lncRNA	
URS00008E3A31	EVLNCRNAS	EVLNCRNAS:EL3748	9606	lncRNA	
URS00009AD4C2	EVLNCRNAS	EVLNCRNAS:EL0705	9606	lncRNA	
URS00009ADBC4	EVLNCRNAS	EVLNCRNAS:EL2452	9606	lncRNA	
URS00009AE510	EVLNCRNAS	EVLNCRNAS:EL3242	9606	lncRNA	
URS00009AEA4C	EVLNCRNAS	EVLNCRNAS:EL2453	9606	lncRNA	
URS00009B0470	EVLNCRNAS	EVLNCRNAS:EL3045	9606	lncRNA	
URS00009B0F9F	EVLNCRNAS	EVLNCRNAS:EL0705	9606	lncRNA	
URS00009B103C	EVLNCRNAS	EVLNCRNAS:EL0705	9606	lncRNA	
URS00009B12AD	EVLNCRNAS	EVLNCRNAS:EL0705	9606	lncRNA	
URS00009B16DF	EVLNCRNAS	EVLNCRNAS:EL3045	9606	lncRNA	
URS00009B1E41	EVLNCRNAS	EVLNCRNAS:EL0705	9606	lncRNA	
URS00009B2001	EVLNCRNAS	EVLNCRNAS:EL2926	9606	lncRNA	
URS00009B2449	EVLNCRNAS	EVLNCRNAS:EL1671	9606	lncRNA	
URS00009B4167	EVLNCRNAS	EVLNCRNAS:EL1218	9606	lncRNA	
URS00009B4D50	EVLNCRNAS	EVLNCRNAS:EL0754	9606	lncRNA	
URS00009B4F77	EVLNCRNAS	EVLNCRNAS:EL3054	9606	lncRNA	
URS00009B519D	EVLNCRNAS	EVLNCRNAS:EL3054	9606	lncRNA	
URS00009B5DC4	EVLNCRNAS	EVLNCRNAS:EL2452	9606	lncRNA	
URS00009B62B1	EVLNCRNAS	EVLNCRNAS:EL3044	9606	lncRNA	
URS00009B6B4B	EVLNCRNAS	EVLNCRNAS:EL3671	9606	lncRNA	
URS00009B7071	EVLNCRNAS	EVLNCRNAS:EL0863	9606	lncRNA	
URS00009B83B2	EVLNCRNAS	EVLNCRNAS:EL1605	9606	lncRNA	
URS00009B86F6	EVLNCRNAS	EVLNCRNAS:EL3045	9606	lncRNA	
URS00009B8FE9	EVLNCRNAS	EVLNCRNAS:EL3242	9606	lncRNA	
URS00009B92C6	EVLNCRNAS	EVLNCRNAS:EL0705	9606	lncRNA	
URS00009B95F6	EVLNCRNAS	EVLNCRNAS:EL1773	9606	lncRNA	
URS00009B9846	EVLNCRNAS	EVLNCRNAS:EL3042	9606	lncRNA	
URS00009BA958	EVLNCRNAS	EVLNCRNAS:EL2986	9606	lncRNA	
URS00009BB9C9	EVLNCRNAS	EVLNCRNAS:EL1218	9606	lncRNA	
URS00009BBA9A	EVLNCRNAS	EVLNCRNAS:EL2926	9606	lncRNA	
URS00009BBAD6	EVLNCRNAS	EVLNCRNAS:EL1163	9606	lncRNA	
URS00009BBD40	EVLNCRNAS	EVLNCRNAS:EL1029	9606	lncRNA	
URS00009BC171	EVLNCRNAS	EVLNCRNAS:EL1688	9606	lncRNA	
URS00009BC1E2	EVLNCRNAS	EVLNCRNAS:EL3709	9606	lncRNA	
URS00009BD664	EVLNCRNAS	EVLNCRNAS:EL3242	9606	lncRNA	
URS00009BDAEF	EVLNCRNAS	EVLNCRNAS:EL1163	9606	lncRNA	
URS00009BDE18	EVLNCRNAS	EVLNCRNAS:EL2926	9606	lncRNA	
URS00009BEA31	EVLNCRNAS	EVLNCRNAS:EL0705	9606	lncRNA	
URS00009BEB14	EVLNCRNAS	EVLNCRNAS:EL0754	9606	lncRNA	
URS00009BEC33	EVLNCRNAS	EVLNCRNAS:EL0705	9606	lncRNA	
URS00009BF799	EVLNCRNAS	EVLNCRNAS:EL0705	9606	lncRNA	
URS00009BFD3E	EVLNCRNAS	EVLNCRNAS:EL3044	9606	lncRNA	
URS00009BFEFE	EVLNCRNAS	EVLNCRNAS:EL3044	9606	lncRNA	
URS00009C166B	EVLNCRNAS	EVLNCRNAS:EL3242	9606	lncRNA	
URS00009C2E96	EVLNCRNAS	EVLNCRNAS:EL0315	9606	lncRNA	
URS00009C3734	EVLNCRNAS	EVLNCRNAS:EL3056	9606	lncRNA	
URS00009C42B0	EVLNCRNAS	EVLNCRNAS:EL0705	9606	lncRNA	
URS00009C465A	EVLNCRNAS	EVLNCRNAS:EL2926	9606	lncRNA	
URS00009C497D	EVLNCRNAS	EVLNCRNAS:EL2452	9606	lncRNA	
URS00009C4CC2	EVLNCRNAS	EVLNCRNAS:EL1163	9606	lncRNA	
URS00009C4DFF	EVLNCRNAS	EVLNCRNAS:EL0754	9606	lncRNA	
URS00009C5026	EVLNCRNAS	EVLNCRNAS:EL0315	9606	lncRNA	
URS00009C50F0	EVLNCRNAS	EVLNCRNAS:EL1452	9606	lncRNA	
URS00009C52CA	EVLNCRNAS	EVLNCRNAS:EL0705	9606	lncRNA	
URS00009C591D	EVLNCRNAS	EVLNCRNAS:EL3056	9606	lncRNA	
URS00009C6024	EVLNCRNAS	EVLNCRNAS:EL1218	9606	lncRNA	
URS0000A7C8C6	EVLNCRNAS	EVLNCRNAS:EL2031	9606	lncRNA	
URS0000A81D4D	EVLNCRNAS	EVLNCRNAS:EL2926	9606	lncRNA	
URS0000AAD4A4	EVLNCRNAS	EVLNCRNAS:EL1773	9606	lncRNA	
URS0000BC43C2	EVLNCRNAS	EVLNCRNAS:EL1163	9606	lncRNA	
URS0000BC43D8	EVLNCRNAS	EVLNCRNAS:EL1163	9606	lncRNA	
URS0000BC4476	EVLNCRNAS	EVLNCRNAS:EL1163	9606	lncRNA	
URS0000BC44AA	EVLNCRNAS	EVLNCRNAS:EL1163	9606	lncRNA	
URS0000BC450E	EVLNCRNAS	EVLNCRNAS:EL1163	9606	lncRNA	
URS0000BC45B8	EVLNCRNAS	EVLNCRNAS:EL1163	9606	lncRNA	
URS0000D56CB3	EVLNCRNAS	EVLNCRNAS:EL2926	9606	lncRNA	
URS0000D56D1F	EVLNCRNAS	EVLNCRNAS:EL3056	9606	lncRNA	
URS0000D56DA2	EVLNCRNAS	EVLNCRNAS:EL3056	9606	lncRNA	
URS0000D56F40	EVLNCRNAS	EVLNCRNAS:EL3056	9606	lncRNA	
URS0000D56FC5	EVLNCRNAS	EVLNCRNAS:EL3054	9606	lncRNA	
URS0000D56FC9	EVLNCRNAS	EVLNCRNAS:EL2206	9606	lncRNA	
URS0000D57064	EVLNCRNAS	EVLNCRNAS:EL1721	9606	lncRNA	
URS0000D570B0	EVLNCRNAS	EVLNCRNAS:EL0705	9606	lncRNA	
URS0000D57172	EVLNCRNAS	EVLNCRNAS:EL2452	9606	lncRNA	
URS0000D571FF	EVLNCRNAS	EVLNCRNAS:EL1773	9606	lncRNA	
URS0000D57230	EVLNCRNAS	EVLNCRNAS:EL3045	9606	lncRNA	
URS0000D572D7	EVLNCRNAS	EVLNCRNAS:EL1605	9606	lncRNA	
URS0000D5733F	EVLNCRNAS	EVLNCRNAS:EL2206	9606	lncRNA	
URS0000D57402	EVLNCRNAS	EVLNCRNAS:EL1605	9606	lncRNA	
URS0000D574BF	EVLNCRNAS	EVLNCRNAS:EL3045	9606	lncRNA	
URS0000D57626	EVLNCRNAS	EVLNCRNAS:EL4000	9606	lncRNA	
URS0000D57642	EVLNCRNAS	EVLNCRNAS:EL2926	9606	lncRNA	
URS0000D5766C	EVLNCRNAS	EVLNCRNAS:EL1163	9606	lncRNA	
URS0000D57795	EVLNCRNAS	EVLNCRNAS:EL2452	9606	lncRNA	
URS0000D577D9	EVLNCRNAS	EVLNCRNAS:EL3042	9606	lncRNA	
URS0000D5788C	EVLNCRNAS	EVLNCRNAS:EL1975	9606	lncRNA	
URS0000D57980	EVLNCRNAS	EVLNCRNAS:EL1076	9606	lncRNA	
URS0000D57AC6	EVLNCRNAS	EVLNCRNAS:EL0859	9606	lncRNA	
URS0000D57B16	EVLNCRNAS	EVLNCRNAS:EL2452	9606	lncRNA	
URS0000D57B5C	EVLNCRNAS	EVLNCRNAS:EL3045	9606	lncRNA	
URS0000D57BF5	EVLNCRNAS	EVLNCRNAS:EL2926	9606	lncRNA	
URS0000D57C38	EVLNCRNAS	EVLNCRNAS:EL2926	9606	lncRNA	
URS0000D57C5B	EVLNCRNAS	EVLNCRNAS:EL3054	9606	lncRNA	
URS0000D57D94	EVLNCRNAS	EVLNCRNAS:EL1721	9606	lncRNA	
URS0000D57E85	EVLNCRNAS	EVLNCRNAS:EL1721	9606	lncRNA	
URS0000D57F58	EVLNCRNAS	EVLNCRNAS:EL3056	9606	lncRNA	
URS0000D5805F	EVLNCRNAS	EVLNCRNAS:EL2185	9606	lncRNA	
URS0000D5817B	EVLNCRNAS	EVLNCRNAS:EL1605	9606	lncRNA	
URS0000D583DE	EVLNCRNAS	EVLNCRNAS:EL3042	9606	lncRNA	
URS0000D58462	EVLNCRNAS	EVLNCRNAS:EL3709	9606	lncRNA	
URS0000D58764	EVLNCRNAS	EVLNCRNAS:EL1163	9606	lncRNA	
URS0000D58779	EVLNCRNAS	EVLNCRNAS:EL3045	9606	lncRNA	
URS0000D5888D	EVLNCRNAS	EVLNCRNAS:EL1975	9606	lncRNA	
URS0000D5895E	EVLNCRNAS	EVLNCRNAS:EL3045	9606	lncRNA	
URS0000D58C8B	EVLNCRNAS	EVLNCRNAS:EL1163	9606	lncRNA	
URS0000D58F10	EVLNCRNAS	EVLNCRNAS:EL3045	9606	lncRNA	
URS0000D5936F	EVLNCRNAS	EVLNCRNAS:EL1773	9606	lncRNA	
URS0000D594BB	EVLNCRNAS	EVLNCRNAS:EL2185	9606	lncRNA	
URS0000D594D4	EVLNCRNAS	EVLNCRNAS:EL3045	9606	lncRNA	
URS0000D594ED	EVLNCRNAS	EVLNCRNAS:EL3045	9606	lncRNA	
URS0000D5973D	EVLNCRNAS	EVLNCRNAS:EL2452	9606	lncRNA	
URS0000D59AC2	EVLNCRNAS	EVLNCRNAS:EL1773	9606	lncRNA	
URS0000D59B89	EVLNCRNAS	EVLNCRNAS:EL2452	9606	lncRNA	
URS0000D59C84	EVLNCRNAS	EVLNCRNAS:EL2185	9606	lncRNA	
URS0000D59DCE	EVLNCRNAS	EVLNCRNAS:EL3056	9606	lncRNA	
URS0000D59E2A	EVLNCRNAS	EVLNCRNAS:EL3042	9606	lncRNA	
URS0000D59E47	EVLNCRNAS	EVLNCRNAS:EL0859	9606	lncRNA	
URS0000D59E6A	EVLNCRNAS	EVLNCRNAS:EL1753	9606	lncRNA	
URS0000D59F6E	EVLNCRNAS	EVLNCRNAS:EL3056	9606	lncRNA	
URS0000D5A147	EVLNCRNAS	EVLNCRNAS:EL2206	9606	lncRNA	
URS0000D5A300	EVLNCRNAS	EVLNCRNAS:EL2206	9606	lncRNA	
URS0000D5A37D	EVLNCRNAS	EVLNCRNAS:EL1605	9606	lncRNA	
URS0000D5A406	EVLNCRNAS	EVLNCRNAS:EL3056	9606	lncRNA	
URS0000D5A4C5	EVLNCRNAS	EVLNCRNAS:EL2452	9606	lncRNA	
URS0000D5A89F	EVLNCRNAS	EVLNCRNAS:EL3054	9606	lncRNA	
URS0000D5A8BF	EVLNCRNAS	EVLNCRNAS:EL2926	9606	lncRNA	
URS0000D5A8E8	EVLNCRNAS	EVLNCRNAS:EL1076	9606	lncRNA	
URS0000D5AABE	EVLNCRNAS	EVLNCRNAS:EL2452	9606	lncRNA	
URS0000D5ABC0	EVLNCRNAS	EVLNCRNAS:EL4000	9606	lncRNA	
URS0000D5AD0E	EVLNCRNAS	EVLNCRNAS:EL0859	9606	lncRNA	
URS0000D5AD20	EVLNCRNAS	EVLNCRNAS:EL1773	9606	lncRNA	
URS0000D5AFDE	EVLNCRNAS	EVLNCRNAS:EL1163	9606	lncRNA	
URS0000D5AFE4	EVLNCRNAS	EVLNCRNAS:EL1163	9606	lncRNA	
URS0000D5B102	EVLNCRNAS	EVLNCRNAS:EL1242	9606	lncRNA	
URS0000D5B338	EVLNCRNAS	EVLNCRNAS:EL2206	9606	lncRNA	
URS0000D5B54E	EVLNCRNAS	EVLNCRNAS:EL4000	9606	lncRNA	
URS0000D5B615	EVLNCRNAS	EVLNCRNAS:EL2452	9606	lncRNA	
URS0000D5B901	EVLNCRNAS	EVLNCRNAS:EL1605	9606	lncRNA	
URS0000D5BB21	EVLNCRNAS	EVLNCRNAS:EL3045	9606	lncRNA	
URS0000D5BC02	EVLNCRNAS	EVLNCRNAS:EL4000	9606	lncRNA	
URS0000D5BCD3	EVLNCRNAS	EVLNCRNAS:EL1773	9606	lncRNA	
URS0000D5BCF8	EVLNCRNAS	EVLNCRNAS:EL2926	9606	lncRNA	
URS0000D5BD54	EVLNCRNAS	EVLNCRNAS:EL1773	9606	lncRNA	
URS0000D5BE04	EVLNCRNAS	EVLNCRNAS:EL0705	9606	lncRNA	
URS0000D5BFCB	EVLNCRNAS	EVLNCRNAS:EL3748	9606	lncRNA	
URS0000D5C017	EVLNCRNAS	EVLNCRNAS:EL1721	9606	lncRNA	
URS0000D5C0D4	EVLNCRNAS	EVLNCRNAS:EL4000	9606	lncRNA	
URS0000D5C183	EVLNCRNAS	EVLNCRNAS:EL1957	9606	lncRNA	
URS0000D5C40A	EVLNCRNAS	EVLNCRNAS:EL3054	9606	lncRNA	
URS0000D5C4A3	EVLNCRNAS	EVLNCRNAS:EL1163	9606	lncRNA	
URS0000D5C56A	EVLNCRNAS	EVLNCRNAS:EL2206	9606	lncRNA	
URS0000D5C61D	EVLNCRNAS	EVLNCRNAS:EL0705	9606	lncRNA	
URS0000D5C6E4	EVLNCRNAS	EVLNCRNAS:EL3054	9606	lncRNA	
URS0000D5C824	EVLNCRNAS	EVLNCRNAS:EL1605	9606	lncRNA	
URS0000D5C874	EVLNCRNAS	EVLNCRNAS:EL3054	9606	lncRNA	
URS0000D5C8D4	EVLNCRNAS	EVLNCRNAS:EL1163	9606	lncRNA	
URS0000D5C91D	EVLNCRNAS	EVLNCRNAS:EL2926	9606	lncRNA	
URS0000D5CAA0	EVLNCRNAS	EVLNCRNAS:EL1721	9606	lncRNA	
URS0000D5CC8C	EVLNCRNAS	EVLNCRNAS:EL1721	9606	lncRNA	
URS0000D5CDCC	EVLNCRNAS	EVLNCRNAS:EL3054	9606	lncRNA	
URS0000D5CE49	EVLNCRNAS	EVLNCRNAS:EL1975	9606	lncRNA	
URS0000D5CE69	EVLNCRNAS	EVLNCRNAS:EL2185	9606	lncRNA	
URS0000D5CEB3	EVLNCRNAS	EVLNCRNAS:EL2926	9606	lncRNA	
URS0000D5CEDD	EVLNCRNAS	EVLNCRNAS:EL0705	9606	lncRNA	
URS0000D5CFAC	EVLNCRNAS	EVLNCRNAS:EL1975	9606	lncRNA	
URS0000D5D020	EVLNCRNAS	EVLNCRNAS:EL2206	9606	lncRNA	
URS0000D5D19E	EVLNCRNAS	EVLNCRNAS:EL1605	9606	lncRNA	
URS0000D5D1B0	EVLNCRNAS	EVLNCRNAS:EL0859	9606	lncRNA	
URS0000D5D215	EVLNCRNAS	EVLNCRNAS:EL1957	9606	lncRNA	
URS0000D5D480	EVLNCRNAS	EVLNCRNAS:EL3054	9606	lncRNA	
URS0000D5D4ED	EVLNCRNAS	EVLNCRNAS:EL2926	9606	lncRNA	
URS0000D5D510	EVLNCRNAS	EVLNCRNAS:EL1163	9606	lncRNA	
URS0000D5D605	EVLNCRNAS	EVLNCRNAS:EL0859	9606	lncRNA	
URS0000D5D8A2	EVLNCRNAS	EVLNCRNAS:EL2185	9606	lncRNA	
URS0000D5D9BE	EVLNCRNAS	EVLNCRNAS:EL1975	9606	lncRNA	
URS0000D5DC72	EVLNCRNAS	EVLNCRNAS:EL1605	9606	lncRNA	
URS0000D5DE3E	EVLNCRNAS	EVLNCRNAS:EL3054	9606	lncRNA	
URS0000D5DE96	EVLNCRNAS	EVLNCRNAS:EL2185	9606	lncRNA	
URS0000D5DED8	EVLNCRNAS	EVLNCRNAS:EL1721	9606	lncRNA	
URS0000D5DF39	EVLNCRNAS	EVLNCRNAS:EL1163	9606	lncRNA	
URS0000D5DF3B	EVLNCRNAS	EVLNCRNAS:EL3045	9606	lncRNA	
URS0000D5E04B	EVLNCRNAS	EVLNCRNAS:EL1483	9606	lncRNA	
URS0000D5E0F6	EVLNCRNAS	EVLNCRNAS:EL1076	9606	lncRNA	
URS0000D5E10B	EVLNCRNAS	EVLNCRNAS:EL1975	9606	lncRNA	
URS0000D5E223	EVLNCRNAS	EVLNCRNAS:EL3045	9606	lncRNA	
URS0000D5E236	EVLNCRNAS	EVLNCRNAS:EL1605	9606	lncRNA	
URS0000D5E2E0	EVLNCRNAS	EVLNCRNAS:EL2926	9606	lncRNA	
URS0000D5E2E4	EVLNCRNAS	EVLNCRNAS:EL1605	9606	lncRNA	
URS0000D5E387	EVLNCRNAS	EVLNCRNAS:EL3748	9606	lncRNA	
URS0000D6D81B	EVLNCRNAS	EVLNCRNAS:EL1928	9606	lncRNA	
URS0000D6D860	EVLNCRNAS	EVLNCRNAS:EL2035	9606	lncRNA	
URS0000DB74AA	EVLNCRNAS	EVLNCRNAS:EL1773	9606	lncRNA	
URS0000DB7FE7	EVLNCRNAS	EVLNCRNAS:EL1773	9606	lncRNA	
URS0000DB800E	EVLNCRNAS	EVLNCRNAS:EL4000	9606	lncRNA	
URS0000DB93A7	EVLNCRNAS	EVLNCRNAS:EL1076	9606	lncRNA	
URS0000DBA59A	EVLNCRNAS	EVLNCRNAS:EL3056	9606	lncRNA	
URS0000DBA91E	EVLNCRNAS	EVLNCRNAS:EL1329	9606	lncRNA	
URS0000E1721C	EVLNCRNAS	EVLNCRNAS:EL2926	9606	lncRNA	
URS0000E3A3C0	EVLNCRNAS	EVLNCRNAS:EL2926	9606	lncRNA	
URS0000E45B7F	EVLNCRNAS	EVLNCRNAS:EL2926	9606	lncRNA	
URS0000E5683F	EVLNCRNAS	EVLNCRNAS:EL1928	9606	lncRNA	
URS0000E60A4B	EVLNCRNAS	EVLNCRNAS:EL1076	9606	lncRNA	
URS0000E60A86	EVLNCRNAS	EVLNCRNAS:EL1076	9606	lncRNA	
URS0000E60A8C	EVLNCRNAS	EVLNCRNAS:EL1076	9606	lncRNA	
URS0000E60AA3	EVLNCRNAS	EVLNCRNAS:EL1076	9606	lncRNA	
URS0000E60AC9	EVLNCRNAS	EVLNCRNAS:EL1076	9606	lncRNA	
URS0000E60ADE	EVLNCRNAS	EVLNCRNAS:EL1076	9606	lncRNA	
URS0000E60B01	EVLNCRNAS	EVLNCRNAS:EL1076	9606	lncRNA	
URS0000E60B3E	EVLNCRNAS	EVLNCRNAS:EL1076	9606	lncRNA	
URS0000E6242A	EVLNCRNAS	EVLNCRNAS:EL2453	9606	lncRNA	
URS0000E6326F	EVLNCRNAS	EVLNCRNAS:EL0793	9606	lncRNA	
URS0000E638D1	EVLNCRNAS	EVLNCRNAS:EL2926	9606	lncRNA	
URS0000E711FB	EVLNCRNAS	EVLNCRNAS:EL1721	9606	lncRNA	
URS0000E82679	EVLNCRNAS	EVLNCRNAS:EL0793	9606	lncRNA	
URS0000E86FC5	EVLNCRNAS	EVLNCRNAS:EL0793	9606	lncRNA	
URS0000E88E2E	EVLNCRNAS	EVLNCRNAS:EL2926	9606	lncRNA	
URS0000E8972A	EVLNCRNAS	EVLNCRNAS:EL0793	9606	lncRNA	
URS0000E9173E	EVLNCRNAS	EVLNCRNAS:EL2912	9606	lncRNA	
URS0000E91865	EVLNCRNAS	EVLNCRNAS:EL0651	9606	lncRNA	
URS0000E91FA3	EVLNCRNAS	EVLNCRNAS:EL1773	9606	lncRNA	
URS0000E92083	EVLNCRNAS	EVLNCRNAS:EL1163	9606	lncRNA	
URS0000E92222	EVLNCRNAS	EVLNCRNAS:EL1773	9606	lncRNA	
URS0000E925B4	EVLNCRNAS	EVLNCRNAS:EL1218	9606	lncRNA	
URS0000E92CEF	EVLNCRNAS	EVLNCRNAS:EL2453	9606	lncRNA	
URS0000E92F10	EVLNCRNAS	EVLNCRNAS:EL4000	9606	lncRNA	
URS0000E9307A	EVLNCRNAS	EVLNCRNAS:EL1218	9606	lncRNA	
URS0000E93219	EVLNCRNAS	EVLNCRNAS:EL2912	9606	lncRNA	
URS0000E932FB	EVLNCRNAS	EVLNCRNAS:EL3054	9606	lncRNA	
URS0000E933E2	EVLNCRNAS	EVLNCRNAS:EL3056	9606	sRNA	
URS0000E934CC	EVLNCRNAS	EVLNCRNAS:EL1773	9606	lncRNA	
URS0000E935FB	EVLNCRNAS	EVLNCRNAS:EL1605	9606	lncRNA	
URS0000E93C84	EVLNCRNAS	EVLNCRNAS:EL1753	9606	lncRNA	
URS0000E93FEF	EVLNCRNAS	EVLNCRNAS:EL1218	9606	lncRNA	
URS0000E9401C	EVLNCRNAS	EVLNCRNAS:EL3054	9606	lncRNA	
URS0000E941DE	EVLNCRNAS	EVLNCRNAS:EL0754	9606	lncRNA	
URS0000E947DA	EVLNCRNAS	EVLNCRNAS:EL3629	9606	lncRNA	
URS0000E94D02	EVLNCRNAS	EVLNCRNAS:EL1773	9606	lncRNA	
URS0000E94D56	EVLNCRNAS	EVLNCRNAS:EL0651	9606	lncRNA	
URS0000E95280	EVLNCRNAS	EVLNCRNAS:EL2912	9606	lncRNA	
URS0000E9580C	EVLNCRNAS	EVLNCRNAS:EL3042	9606	lncRNA	
URS0000E95E53	EVLNCRNAS	EVLNCRNAS:EL0651	9606	lncRNA	
URS0000E95EE2	EVLNCRNAS	EVLNCRNAS:EL4000	9606	lncRNA	
URS0000E96223	EVLNCRNAS	EVLNCRNAS:EL3054	9606	lncRNA	
URS0000E967E1	EVLNCRNAS	EVLNCRNAS:EL2912	9606	lncRNA	
URS0000E967ED	EVLNCRNAS	EVLNCRNAS:EL3050	9606	lncRNA	
URS0000E96ADF	EVLNCRNAS	EVLNCRNAS:EL1671	9606	lncRNA	
URS0000E96FEE	EVLNCRNAS	EVLNCRNAS:EL2912	9606	lncRNA	
URS0000E979D3	EVLNCRNAS	EVLNCRNAS:EL3050	9606	lncRNA	
URS0000E9881E	EVLNCRNAS	EVLNCRNAS:EL2453	9606	lncRNA	
URS0000E98B67	EVLNCRNAS	EVLNCRNAS:EL4000	9606	lncRNA	
URS0000E98B97	EVLNCRNAS	EVLNCRNAS:EL1605	9606	lncRNA	
URS0000E98C89	EVLNCRNAS	EVLNCRNAS:EL4000	9606	lncRNA	
URS0000E992D1	EVLNCRNAS	EVLNCRNAS:EL0754	9606	lncRNA	
URS0000E99A02	EVLNCRNAS	EVLNCRNAS:EL4000	9606	lncRNA	
URS0000E9A59B	EVLNCRNAS	EVLNCRNAS:EL1753	9606	lncRNA	
URS0000E9A6B4	EVLNCRNAS	EVLNCRNAS:EL0950	9606	lncRNA	
URS0000E9B165	EVLNCRNAS	EVLNCRNAS:EL0651	9606	lncRNA	
URS0000E9BC9B	EVLNCRNAS	EVLNCRNAS:EL1605	9606	lncRNA	
URS0000E9C540	EVLNCRNAS	EVLNCRNAS:EL2453	9606	lncRNA	
URS0000E9C96A	EVLNCRNAS	EVLNCRNAS:EL2912	9606	lncRNA	
URS0000E9CB04	EVLNCRNAS	EVLNCRNAS:EL2453	9606	lncRNA	
URS0000E9CF55	EVLNCRNAS	EVLNCRNAS:EL1218	9606	lncRNA	
URS0000E9D104	EVLNCRNAS	EVLNCRNAS:EL0950	9606	lncRNA	
URS0000E9D200	EVLNCRNAS	EVLNCRNAS:EL4000	9606	lncRNA	
URS0000E9D844	EVLNCRNAS	EVLNCRNAS:EL0859	9606	lncRNA	
URS0000E9D84D	EVLNCRNAS	EVLNCRNAS:EL1163	9606	lncRNA	
URS0000E9D983	EVLNCRNAS	EVLNCRNAS:EL3054	9606	lncRNA	
URS0000E9DE54	EVLNCRNAS	EVLNCRNAS:EL3054	9606	lncRNA	
URS0000E9E2D9	EVLNCRNAS	EVLNCRNAS:EL2926	9606	lncRNA	
URS0000E9EBD9	EVLNCRNAS	EVLNCRNAS:EL1314	9606	lncRNA	
URS0000E9ECA6	EVLNCRNAS	EVLNCRNAS:EL0754	9606	lncRNA	
URS0000E9F1C8	EVLNCRNAS	EVLNCRNAS:EL0527	9606	lncRNA	
URS0000E9FCA8	EVLNCRNAS	EVLNCRNAS:EL1218	9606	lncRNA	
URS0000E9FD0C	EVLNCRNAS	EVLNCRNAS:EL2926	9606	lncRNA	
URS0000E9FDAE	EVLNCRNAS	EVLNCRNAS:EL1671	9606	lncRNA	
URS0000E9FFB8	EVLNCRNAS	EVLNCRNAS:EL0754	9606	lncRNA	
URS0000EA0086	EVLNCRNAS	EVLNCRNAS:EL0859	9606	lncRNA	
URS0000EA03D1	EVLNCRNAS	EVLNCRNAS:EL0859	9606	lncRNA	
URS0000EA0E23	EVLNCRNAS	EVLNCRNAS:EL3050	9606	lncRNA	
URS0000EA10CD	EVLNCRNAS	EVLNCRNAS:EL1605	9606	lncRNA	
URS0000EA1147	EVLNCRNAS	EVLNCRNAS:EL1605	9606	lncRNA	
URS0000EA141E	EVLNCRNAS	EVLNCRNAS:EL3748	9606	sRNA	
URS0000EA18A1	EVLNCRNAS	EVLNCRNAS:EL0859	9606	lncRNA	
URS0000EA1B28	EVLNCRNAS	EVLNCRNAS:EL0859	9606	lncRNA	
URS0000EA1E17	EVLNCRNAS	EVLNCRNAS:EL3054	9606	lncRNA	
URS0000EA1EE7	EVLNCRNAS	EVLNCRNAS:EL1753	9606	lncRNA	
URS0000EA1F47	EVLNCRNAS	EVLNCRNAS:EL0859	9606	lncRNA	
URS0000EA2243	EVLNCRNAS	EVLNCRNAS:EL3054	9606	lncRNA	
URS0000EA32F5	EVLNCRNAS	EVLNCRNAS:EL1218	9606	lncRNA	
URS0000EA34DC	EVLNCRNAS	EVLNCRNAS:EL1218	9606	lncRNA	
URS0000EA3763	EVLNCRNAS	EVLNCRNAS:EL1753	9606	lncRNA	
URS0000EA4885	EVLNCRNAS	EVLNCRNAS:EL2912	9606	lncRNA	
URS0000EA4C71	EVLNCRNAS	EVLNCRNAS:EL1218	9606	lncRNA	
URS0000EA4E3F	EVLNCRNAS	EVLNCRNAS:EL2912	9606	lncRNA	
URS0000EA4F68	EVLNCRNAS	EVLNCRNAS:EL1773	9606	lncRNA	
URS0000EA57AB	EVLNCRNAS	EVLNCRNAS:EL1753	9606	lncRNA	
URS0000EA5DE5	EVLNCRNAS	EVLNCRNAS:EL4000	9606	lncRNA	
URS0000EA5EAD	EVLNCRNAS	EVLNCRNAS:EL2452	9606	lncRNA	
URS0000EA6823	EVLNCRNAS	EVLNCRNAS:EL0651	9606	lncRNA	
URS0000EA6DA1	EVLNCRNAS	EVLNCRNAS:EL3044	9606	lncRNA	
URS0000EA6F35	EVLNCRNAS	EVLNCRNAS:EL2452	9606	lncRNA	
URS0000EA86DF	EVLNCRNAS	EVLNCRNAS:EL1721	9606	lncRNA	
URS0000EA9490	EVLNCRNAS	EVLNCRNAS:EL1605	9606	lncRNA	
URS0000EA96BB	EVLNCRNAS	EVLNCRNAS:EL1218	9606	lncRNA	
URS0000EA9A4E	EVLNCRNAS	EVLNCRNAS:EL1671	9606	lncRNA	
URS0000EAA3D6	EVLNCRNAS	EVLNCRNAS:EL1218	9606	lncRNA	
URS0000EAA9AD	EVLNCRNAS	EVLNCRNAS:EL4000	9606	lncRNA	
URS0000EAB079	EVLNCRNAS	EVLNCRNAS:EL4000	9606	lncRNA	
URS0000EAB0B0	EVLNCRNAS	EVLNCRNAS:EL1753	9606	lncRNA	
URS0000EABBBB	EVLNCRNAS	EVLNCRNAS:EL2453	9606	lncRNA	
URS0000EABEE1	EVLNCRNAS	EVLNCRNAS:EL0859	9606	lncRNA	
URS0000EAC091	EVLNCRNAS	EVLNCRNAS:EL0754	9606	lncRNA	
URS0000EAC661	EVLNCRNAS	EVLNCRNAS:EL1605	9606	lncRNA	
URS0000EAC77F	EVLNCRNAS	EVLNCRNAS:EL0754	9606	lncRNA	
URS0000EAC8A1	EVLNCRNAS	EVLNCRNAS:EL3054	9606	lncRNA	
URS0000EAC903	EVLNCRNAS	EVLNCRNAS:EL2912	9606	lncRNA	
URS0000EACB26	EVLNCRNAS	EVLNCRNAS:EL1452	9606	lncRNA	
URS0000EAD350	EVLNCRNAS	EVLNCRNAS:EL1218	9606	lncRNA	
URS0000EAE068	EVLNCRNAS	EVLNCRNAS:EL2912	9606	lncRNA	
URS0000EAE6E3	EVLNCRNAS	EVLNCRNAS:EL3748	9606	sRNA	
URS0000EAE7CC	EVLNCRNAS	EVLNCRNAS:EL1076	9606	lncRNA	
URS0000EAE8C9	EVLNCRNAS	EVLNCRNAS:EL1218	9606	lncRNA	
URS0000EAEB9D	EVLNCRNAS	EVLNCRNAS:EL1218	9606	lncRNA	
URS0000EAEC4C	EVLNCRNAS	EVLNCRNAS:EL1753	9606	lncRNA	
URS0000EAECE5	EVLNCRNAS	EVLNCRNAS:EL1218	9606	lncRNA	
URS0000EAF1C4	EVLNCRNAS	EVLNCRNAS:EL1218	9606	lncRNA	
URS0000EAF8E6	EVLNCRNAS	EVLNCRNAS:EL3050	9606	lncRNA	
URS0000EB0081	EVLNCRNAS	EVLNCRNAS:EL2453	9606	lncRNA	
URS0000EB01F6	EVLNCRNAS	EVLNCRNAS:EL2453	9606	lncRNA	
URS0000EB0901	EVLNCRNAS	EVLNCRNAS:EL2912	9606	lncRNA	
URS0000EB0A0E	EVLNCRNAS	EVLNCRNAS:EL4000	9606	lncRNA	
URS0000EB0BAC	EVLNCRNAS	EVLNCRNAS:EL1605	9606	lncRNA	
URS0000EB0C0E	EVLNCRNAS	EVLNCRNAS:EL4000	9606	lncRNA	
URS0000EB105A	EVLNCRNAS	EVLNCRNAS:EL3050	9606	lncRNA	
URS0000EB1349	EVLNCRNAS	EVLNCRNAS:EL0950	9606	lncRNA	
URS0000EB1C4C	EVLNCRNAS	EVLNCRNAS:EL1671	9606	lncRNA	
URS0000EB1D80	EVLNCRNAS	EVLNCRNAS:EL1753	9606	lncRNA	
URS0000EB1EA5	EVLNCRNAS	EVLNCRNAS:EL4000	9606	lncRNA	
URS0000EB1EAA	EVLNCRNAS	EVLNCRNAS:EL1753	9606	lncRNA	
URS0000EB223C	EVLNCRNAS	EVLNCRNAS:EL1753	9606	lncRNA	
URS0000EB26DE	EVLNCRNAS	EVLNCRNAS:EL1218	9606	lncRNA	
URS0000EB34C5	EVLNCRNAS	EVLNCRNAS:EL1773	9606	lncRNA	
URS0000EB3508	EVLNCRNAS	EVLNCRNAS:EL1218	9606	lncRNA	
URS0000EB3748	EVLNCRNAS	EVLNCRNAS:EL1218	9606	lncRNA	
URS0000EB385E	EVLNCRNAS	EVLNCRNAS:EL2453	9606	lncRNA	
URS0000EB3953	EVLNCRNAS	EVLNCRNAS:EL4000	9606	lncRNA	
URS0000EB3BCB	EVLNCRNAS	EVLNCRNAS:EL3242	9606	lncRNA	
URS0000EB3F38	EVLNCRNAS	EVLNCRNAS:EL1773	9606	lncRNA	
URS0000EB4375	EVLNCRNAS	EVLNCRNAS:EL4000	9606	lncRNA	
URS0000EB531D	EVLNCRNAS	EVLNCRNAS:EL2912	9606	lncRNA	
URS0000EB56FA	EVLNCRNAS	EVLNCRNAS:EL1773	9606	lncRNA	
URS0000EB591D	EVLNCRNAS	EVLNCRNAS:EL4000	9606	lncRNA	
URS0000EB5B33	EVLNCRNAS	EVLNCRNAS:EL3054	9606	lncRNA	
URS0000EB5DF1	EVLNCRNAS	EVLNCRNAS:EL1773	9606	lncRNA	
URS0000EB617C	EVLNCRNAS	EVLNCRNAS:EL4000	9606	lncRNA	
URS0000EB6A88	EVLNCRNAS	EVLNCRNAS:EL1773	9606	lncRNA	
URS0000EB6F20	EVLNCRNAS	EVLNCRNAS:EL3042	9606	lncRNA	
URS0000EB7720	EVLNCRNAS	EVLNCRNAS:EL1773	9606	lncRNA	
URS0000EB7819	EVLNCRNAS	EVLNCRNAS:EL4000	9606	lncRNA	
URS0000EB792A	EVLNCRNAS	EVLNCRNAS:EL2912	9606	lncRNA	
URS0000EB79FB	EVLNCRNAS	EVLNCRNAS:EL3044	9606	lncRNA	
URS0000EB7D89	EVLNCRNAS	EVLNCRNAS:EL3050	9606	lncRNA	
URS0000EB81A3	EVLNCRNAS	EVLNCRNAS:EL2912	9606	lncRNA	
URS0000EB8665	EVLNCRNAS	EVLNCRNAS:EL0859	9606	lncRNA	
URS0000EB87E3	EVLNCRNAS	EVLNCRNAS:EL1773	9606	lncRNA	
URS0000EB8F19	EVLNCRNAS	EVLNCRNAS:EL0651	9606	lncRNA	
URS0000EB94A0	EVLNCRNAS	EVLNCRNAS:EL4000	9606	lncRNA	
URS0000EB9716	EVLNCRNAS	EVLNCRNAS:EL2453	9606	lncRNA	
URS0000EB99BC	EVLNCRNAS	EVLNCRNAS:EL3044	9606	lncRNA	
URS0000EBA075	EVLNCRNAS	EVLNCRNAS:EL2453	9606	lncRNA	
URS0000EBA41C	EVLNCRNAS	EVLNCRNAS:EL0859	9606	lncRNA	
URS0000EBA7A8	EVLNCRNAS	EVLNCRNAS:EL0754	9606	lncRNA	
URS0000EBAB20	EVLNCRNAS	EVLNCRNAS:EL4000	9606	lncRNA	
URS0000EBB06D	EVLNCRNAS	EVLNCRNAS:EL1773	9606	lncRNA	
URS0000EBB433	EVLNCRNAS	EVLNCRNAS:EL4000	9606	lncRNA	
URS0000EBB4B8	EVLNCRNAS	EVLNCRNAS:EL1671	9606	lncRNA	
URS0000EBB700	EVLNCRNAS	EVLNCRNAS:EL1773	9606	lncRNA	
URS0000EBB9DE	EVLNCRNAS	EVLNCRNAS:EL3044	9606	lncRNA	
URS0000EBBF2E	EVLNCRNAS	EVLNCRNAS:EL3044	9606	lncRNA	
URS0000EBC219	EVLNCRNAS	EVLNCRNAS:EL1671	9606	lncRNA	
URS0000EBC394	EVLNCRNAS	EVLNCRNAS:EL1452	9606	lncRNA	
URS0000EBC5DF	EVLNCRNAS	EVLNCRNAS:EL2453	9606	lncRNA	
URS0000EBC67F	EVLNCRNAS	EVLNCRNAS:EL4000	9606	lncRNA	
URS0000EBC7A4	EVLNCRNAS	EVLNCRNAS:EL3042	9606	lncRNA	
URS0000EBD029	EVLNCRNAS	EVLNCRNAS:EL1753	9606	lncRNA	
URS0000EBD1E0	EVLNCRNAS	EVLNCRNAS:EL1773	9606	lncRNA	
URS0000EBD262	EVLNCRNAS	EVLNCRNAS:EL4000	9606	lncRNA	
URS0000EBDA0F	EVLNCRNAS	EVLNCRNAS:EL1605	9606	lncRNA	
URS0000EBDF3B	EVLNCRNAS	EVLNCRNAS:EL0859	9606	lncRNA	
URS0000EBE085	EVLNCRNAS	EVLNCRNAS:EL1605	9606	lncRNA	
URS0000EBE22F	EVLNCRNAS	EVLNCRNAS:EL1773	9606	lncRNA	
URS0000EBE377	EVLNCRNAS	EVLNCRNAS:EL1452	9606	lncRNA	
URS0000EBE950	EVLNCRNAS	EVLNCRNAS:EL4000	9606	lncRNA	
URS0000EBEC7E	EVLNCRNAS	EVLNCRNAS:EL1753	9606	lncRNA	
URS0000EBF1B2	EVLNCRNAS	EVLNCRNAS:EL3045	9606	lncRNA	
URS0000EBF9B6	EVLNCRNAS	EVLNCRNAS:EL2453	9606	lncRNA	
URS0000EBFDD8	EVLNCRNAS	EVLNCRNAS:EL1303	9606	sRNA	
URS0000EBFE81	EVLNCRNAS	EVLNCRNAS:EL2453	9606	lncRNA	
URS0000EBFFED	EVLNCRNAS	EVLNCRNAS:EL1671	9606	lncRNA	
URS0000EC0080	EVLNCRNAS	EVLNCRNAS:EL4000	9606	lncRNA	
URS0000EC08BB	EVLNCRNAS	EVLNCRNAS:EL3054	9606	lncRNA	
URS0000EC0E60	EVLNCRNAS	EVLNCRNAS:EL1773	9606	lncRNA	
URS0000EC17C0	EVLNCRNAS	EVLNCRNAS:EL1218	9606	lncRNA	
URS0000EC1B60	EVLNCRNAS	EVLNCRNAS:EL4000	9606	lncRNA	
URS0000EC21DF	EVLNCRNAS	EVLNCRNAS:EL4000	9606	lncRNA	
URS0000EEB2B6	EVLNCRNAS	EVLNCRNAS:EL3045	9606	lncRNA	
URS0000EEB2C5	EVLNCRNAS	EVLNCRNAS:EL1773	9606	lncRNA	
URS0000EEB5EC	EVLNCRNAS	EVLNCRNAS:EL2453	9606	lncRNA	
URS0000EEB84F	EVLNCRNAS	EVLNCRNAS:EL3056	9606	lncRNA	
URS0000EEC377	EVLNCRNAS	EVLNCRNAS:EL3045	9606	lncRNA	
URS0000EEC73F	EVLNCRNAS	EVLNCRNAS:EL4000	9606	lncRNA	
URS0000EECDA6	EVLNCRNAS	EVLNCRNAS:EL3045	9606	lncRNA	
URS0000EECE08	EVLNCRNAS	EVLNCRNAS:EL1773	9606	lncRNA	
URS0000EED375	EVLNCRNAS	EVLNCRNAS:EL2453	9606	lncRNA	
URS0000EED3D6	EVLNCRNAS	EVLNCRNAS:EL4000	9606	lncRNA	
URS0000EED45E	EVLNCRNAS	EVLNCRNAS:EL2926	9606	lncRNA	
URS0000EED571	EVLNCRNAS	EVLNCRNAS:EL2453	9606	lncRNA	
URS0000EEE0F5	EVLNCRNAS	EVLNCRNAS:EL1773	9606	lncRNA	
URS0000EEE3E9	EVLNCRNAS	EVLNCRNAS:EL2926	9606	lncRNA	
URS0000EEE4F7	EVLNCRNAS	EVLNCRNAS:EL3045	9606	lncRNA	
URS0000EEEF20	EVLNCRNAS	EVLNCRNAS:EL1163	9606	lncRNA	
URS0000EEEF6C	EVLNCRNAS	EVLNCRNAS:EL1773	9606	lncRNA	
URS0000EEF5C9	EVLNCRNAS	EVLNCRNAS:EL1452	9606	lncRNA	
URS0000EEF762	EVLNCRNAS	EVLNCRNAS:EL4000	9606	lncRNA	
URS0000EEFE88	EVLNCRNAS	EVLNCRNAS:EL3054	9606	lncRNA	
URS0000EEFF29	EVLNCRNAS	EVLNCRNAS:EL4000	9606	lncRNA	
URS0000EEFFD3	EVLNCRNAS	EVLNCRNAS:EL1452	9606	lncRNA	
URS0000EF05DF	EVLNCRNAS	EVLNCRNAS:EL1452	9606	lncRNA	
URS0000EF09E0	EVLNCRNAS	EVLNCRNAS:EL0925	9606	lncRNA	
URS0000EF0A32	EVLNCRNAS	EVLNCRNAS:EL1163	9606	lncRNA	
URS0000EF0B12	EVLNCRNAS	EVLNCRNAS:EL4000	9606	lncRNA	
URS0000EF158A	EVLNCRNAS	EVLNCRNAS:EL1773	9606	lncRNA	
URS0000EF1BA7	EVLNCRNAS	EVLNCRNAS:EL2453	9606	lncRNA	
URS0000EF1C04	EVLNCRNAS	EVLNCRNAS:EL1452	9606	lncRNA	
URS0000EF1E21	EVLNCRNAS	EVLNCRNAS:EL4000	9606	lncRNA	
URS0000EF1F84	EVLNCRNAS	EVLNCRNAS:EL3044	9606	lncRNA	
URS0000EF1FEC	EVLNCRNAS	EVLNCRNAS:EL4000	9606	lncRNA	
URS0000EF2179	EVLNCRNAS	EVLNCRNAS:EL3054	9606	lncRNA	
URS0000EF234C	EVLNCRNAS	EVLNCRNAS:EL1721	9606	lncRNA	
URS0000EF26B6	EVLNCRNAS	EVLNCRNAS:EL4000	9606	lncRNA	
URS0000EF2799	EVLNCRNAS	EVLNCRNAS:EL2912	9606	lncRNA	
URS0000EF2E79	EVLNCRNAS	EVLNCRNAS:EL4000	9606	lncRNA	
URS0000EF3433	EVLNCRNAS	EVLNCRNAS:EL4000	9606	lncRNA	
URS0000EF34FD	EVLNCRNAS	EVLNCRNAS:EL3054	9606	lncRNA	
URS0000EF356F	EVLNCRNAS	EVLNCRNAS:EL4000	9606	lncRNA	
URS0000EF3C60	EVLNCRNAS	EVLNCRNAS:EL3056	9606	lncRNA	
URS0000EF4212	EVLNCRNAS	EVLNCRNAS:EL2926	9606	lncRNA	
URS0000EF4309	EVLNCRNAS	EVLNCRNAS:EL4000	9606	lncRNA	
URS0000EF43EC	EVLNCRNAS	EVLNCRNAS:EL4000	9606	lncRNA	
URS0000EF44B3	EVLNCRNAS	EVLNCRNAS:EL2926	9606	lncRNA	
URS0000EF4598	EVLNCRNAS	EVLNCRNAS:EL4000	9606	lncRNA	
URS0000EF4885	EVLNCRNAS	EVLNCRNAS:EL1721	9606	lncRNA	
URS0000EF48CA	EVLNCRNAS	EVLNCRNAS:EL4000	9606	lncRNA	
URS0000EF4D4A	EVLNCRNAS	EVLNCRNAS:EL4000	9606	lncRNA	
URS0000EF5150	EVLNCRNAS	EVLNCRNAS:EL2926	9606	lncRNA	
URS0000EF541F	EVLNCRNAS	EVLNCRNAS:EL1163	9606	lncRNA	
URS0000EF5575	EVLNCRNAS	EVLNCRNAS:EL4000	9606	lncRNA	
URS0000EF5BFA	EVLNCRNAS	EVLNCRNAS:EL1452	9606	lncRNA	
URS0000EF5C79	EVLNCRNAS	EVLNCRNAS:EL2912	9606	lncRNA	
URS0000EF5CF8	EVLNCRNAS	EVLNCRNAS:EL4000	9606	lncRNA	
URS0000EF655D	EVLNCRNAS	EVLNCRNAS:EL3045	9606	lncRNA	
URS0000EF6859	EVLNCRNAS	EVLNCRNAS:EL3054	9606	lncRNA	
URS0000EF6D21	EVLNCRNAS	EVLNCRNAS:EL4000	9606	lncRNA	
URS0000EF72AE	EVLNCRNAS	EVLNCRNAS:EL1452	9606	lncRNA	
URS00019B4713	EVLNCRNAS	EVLNCRNAS:EL2452	9606	lncRNA	
URS00019D9E5F	EVLNCRNAS	EVLNCRNAS:EL1753	9606	lncRNA	
URS00019DCBB3	EVLNCRNAS	EVLNCRNAS:EL1753	9606	lncRNA	
URS00019E6C23	EVLNCRNAS	EVLNCRNAS:EL3056	9606	lncRNA	
URS00019EA174	EVLNCRNAS	EVLNCRNAS:EL1753	9606	lncRNA	
URS0001A11F7A	EVLNCRNAS	EVLNCRNAS:EL1753	9606	lncRNA	
URS0001C0E6D8	EVLNCRNAS	EVLNCRNAS:EL3242	9606	lncRNA	
URS0001C41FFD	EVLNCRNAS	EVLNCRNAS:EL2452	9606	lncRNA	
URS0001D136AB	EVLNCRNAS	EVLNCRNAS:EL1753	9606	lncRNA	
URS0001FB9EFF	EVLNCRNAS	EVLNCRNAS:EL1753	9606	lncRNA	
URS0002097E0B	EVLNCRNAS	EVLNCRNAS:EL1753	9606	lncRNA	
URS0002123127	EVLNCRNAS	EVLNCRNAS:EL1773	9606	lncRNA	
URS0002123159	EVLNCRNAS	EVLNCRNAS:EL1773	9606	sRNA	
URS000212315B	EVLNCRNAS	EVLNCRNAS:EL1773	9606	sRNA	
URS000212316C	EVLNCRNAS	EVLNCRNAS:EL1773	9606	lncRNA	
URS000212317C	EVLNCRNAS	EVLNCRNAS:EL1773	9606	lncRNA	
URS0002123198	EVLNCRNAS	EVLNCRNAS:EL2804	9606	lncRNA	
URS00021231B4	EVLNCRNAS	EVLNCRNAS:EL2453	9606	lncRNA	
URS00021231C2	EVLNCRNAS	EVLNCRNAS:EL2926	9606	lncRNA	
URS00021231D8	EVLNCRNAS	EVLNCRNAS:EL1773	9606	sRNA	
URS00021231EE	EVLNCRNAS	EVLNCRNAS:EL1773	9606	lncRNA	
URS000212322F	EVLNCRNAS	EVLNCRNAS:EL2452	9606	lncRNA	
URS0002123232	EVLNCRNAS	EVLNCRNAS:EL1773	9606	sRNA	
URS0002123246	EVLNCRNAS	EVLNCRNAS:EL2926	9606	lncRNA	
URS000212324F	EVLNCRNAS	EVLNCRNAS:EL3071	9606	lncRNA	
URS0002123252	EVLNCRNAS	EVLNCRNAS:EL1721	9606	lncRNA	
URS0002123253	EVLNCRNAS	EVLNCRNAS:EL1773	9606	sRNA	
URS00021ED9D4	EVLNCRNAS	EVLNCRNAS:EL1303	9606	lncRNA	
URS00021F1BBC	EVLNCRNAS	EVLNCRNAS:EL0793	9606	lncRNA	
URS00021F214E	EVLNCRNAS	EVLNCRNAS:EL0793	9606	lncRNA	
URS00021FDCFF	EVLNCRNAS	EVLNCRNAS:EL1163	9606	lncRNA	
URS00021FE10C	EVLNCRNAS	EVLNCRNAS:EL4000	9606	lncRNA	
URS0002205329	EVLNCRNAS	EVLNCRNAS:EL4000	9606	lncRNA	
URS0002208F20	EVLNCRNAS	EVLNCRNAS:EL1773	9606	lncRNA	
URS00022196C0	EVLNCRNAS	EVLNCRNAS:EL2453	9606	lncRNA	
URS0002220FCB	EVLNCRNAS	EVLNCRNAS:EL1773	9606	lncRNA	
URS00022239B9	EVLNCRNAS	EVLNCRNAS:EL4000	9606	lncRNA	
URS00022242EC	EVLNCRNAS	EVLNCRNAS:EL4000	9606	lncRNA	
URS000222851A	EVLNCRNAS	EVLNCRNAS:EL4000	9606	lncRNA	
URS0002239362	EVLNCRNAS	EVLNCRNAS:EL3045	9606	lncRNA	
URS000223DDEB	EVLNCRNAS	EVLNCRNAS:EL3054	9606	lncRNA	
URS00022494C5	EVLNCRNAS	EVLNCRNAS:EL2452	9606	lncRNA	
URS000224C344	EVLNCRNAS	EVLNCRNAS:EL3045	9606	lncRNA	
URS0002250562	EVLNCRNAS	EVLNCRNAS:EL2926	9606	lncRNA	
URS0002251E86	EVLNCRNAS	EVLNCRNAS:EL2926	9606	lncRNA	
URS000225816B	EVLNCRNAS	EVLNCRNAS:EL2926	9606	lncRNA	
URS000225B694	EVLNCRNAS	EVLNCRNAS:EL2926	9606	lncRNA	
URS0002266C4C	EVLNCRNAS	EVLNCRNAS:EL4000	9606	lncRNA	
URS00022688C6	EVLNCRNAS	EVLNCRNAS:EL3054	9606	lncRNA	
URS000226984C	EVLNCRNAS	EVLNCRNAS:EL1163	9606	lncRNA	
URS0002276374	EVLNCRNAS	EVLNCRNAS:EL2926	9606	lncRNA	
URS0002277CFA	EVLNCRNAS	EVLNCRNAS:EL4000	9606	lncRNA	
URS0002335A9C	EVLNCRNAS	EVLNCRNAS:EL0859	9606	lncRNA	
URS0002335EAD	EVLNCRNAS	EVLNCRNAS:EL1753	9606	lncRNA	
URS000233603A	EVLNCRNAS	EVLNCRNAS:EL3054	9606	lncRNA	
URS0002336056	EVLNCRNAS	EVLNCRNAS:EL1452	9606	lncRNA	
URS000233605E	EVLNCRNAS	EVLNCRNAS:EL0754	9606	lncRNA	
URS00023363C9	EVLNCRNAS	EVLNCRNAS:EL3044	9606	lncRNA	
URS0002336559	EVLNCRNAS	EVLNCRNAS:EL3242	9606	lncRNA	
URS000233661D	EVLNCRNAS	EVLNCRNAS:EL1605	9606	lncRNA	
URS00023368B4	EVLNCRNAS	EVLNCRNAS:EL1605	9606	lncRNA	
URS00023368D6	EVLNCRNAS	EVLNCRNAS:EL2453	9606	lncRNA	
URS0002336A65	EVLNCRNAS	EVLNCRNAS:EL1721	9606	lncRNA	
URS0002336B92	EVLNCRNAS	EVLNCRNAS:EL0754	9606	lncRNA	
URS0002336E3A	EVLNCRNAS	EVLNCRNAS:EL0651	9606	lncRNA	
URS000233720A	EVLNCRNAS	EVLNCRNAS:EL2453	9606	lncRNA	
URS0002337F6B	EVLNCRNAS	EVLNCRNAS:EL4000	9606	lncRNA	
URS00023380EC	EVLNCRNAS	EVLNCRNAS:EL0651	9606	lncRNA	
URS000233828C	EVLNCRNAS	EVLNCRNAS:EL0754	9606	lncRNA	
URS00023384CB	EVLNCRNAS	EVLNCRNAS:EL1163	9606	lncRNA	
URS0002338648	EVLNCRNAS	EVLNCRNAS:EL3840	9606	lncRNA	
URS0002338A60	EVLNCRNAS	EVLNCRNAS:EL3044	9606	lncRNA	
URS0002339164	EVLNCRNAS	EVLNCRNAS:EL1605	9606	lncRNA	
URS0002339212	EVLNCRNAS	EVLNCRNAS:EL1163	9606	lncRNA	
URS00023395FB	EVLNCRNAS	EVLNCRNAS:EL1163	9606	lncRNA	
URS0002339647	EVLNCRNAS	EVLNCRNAS:EL0754	9606	lncRNA	
URS000233978A	EVLNCRNAS	EVLNCRNAS:EL1452	9606	lncRNA	
URS0002339C22	EVLNCRNAS	EVLNCRNAS:EL1721	9606	lncRNA	
URS0002339E2B	EVLNCRNAS	EVLNCRNAS:EL3242	9606	lncRNA	
URS0002339ECC	EVLNCRNAS	EVLNCRNAS:EL3242	9606	lncRNA	
URS000233A017	EVLNCRNAS	EVLNCRNAS:EL1452	9606	lncRNA	
URS000233A12E	EVLNCRNAS	EVLNCRNAS:EL3242	9606	lncRNA	
URS000233A4EE	EVLNCRNAS	EVLNCRNAS:EL3242	9606	lncRNA	
URS000233A5D7	EVLNCRNAS	EVLNCRNAS:EL1753	9606	lncRNA	
URS000233ABCD	EVLNCRNAS	EVLNCRNAS:EL2926	9606	lncRNA	
URS000233AF2E	EVLNCRNAS	EVLNCRNAS:EL2453	9606	lncRNA	
URS000233AFB0	EVLNCRNAS	EVLNCRNAS:EL1721	9606	lncRNA	
URS000233B3E3	EVLNCRNAS	EVLNCRNAS:EL1452	9606	lncRNA	
URS000233B64B	EVLNCRNAS	EVLNCRNAS:EL0651	9606	lncRNA	
URS000233BA31	EVLNCRNAS	EVLNCRNAS:EL1452	9606	lncRNA	
URS000233BA56	EVLNCRNAS	EVLNCRNAS:EL1314	9606	lncRNA	
URS000233BB04	EVLNCRNAS	EVLNCRNAS:EL3242	9606	lncRNA	
URS000233BFA2	EVLNCRNAS	EVLNCRNAS:EL3242	9606	lncRNA	
URS000233C3A9	EVLNCRNAS	EVLNCRNAS:EL2453	9606	lncRNA	
URS000233C5AD	EVLNCRNAS	EVLNCRNAS:EL1452	9606	lncRNA	
URS000233C69E	EVLNCRNAS	EVLNCRNAS:EL1721	9606	lncRNA	
URS000233CA9E	EVLNCRNAS	EVLNCRNAS:EL1753	9606	lncRNA	
URS000233CABD	EVLNCRNAS	EVLNCRNAS:EL3044	9606	lncRNA	
URS000233CB3A	EVLNCRNAS	EVLNCRNAS:EL2926	9606	lncRNA	
URS000233CE13	EVLNCRNAS	EVLNCRNAS:EL4000	9606	lncRNA	
URS000233CFA2	EVLNCRNAS	EVLNCRNAS:EL3242	9606	lncRNA	
URS000233D3ED	EVLNCRNAS	EVLNCRNAS:EL3242	9606	lncRNA	
URS000233D63B	EVLNCRNAS	EVLNCRNAS:EL4000	9606	lncRNA	
URS000233DA01	EVLNCRNAS	EVLNCRNAS:EL4000	9606	lncRNA	
URS000233DACB	EVLNCRNAS	EVLNCRNAS:EL3045	9606	lncRNA	
URS000233DDDA	EVLNCRNAS	EVLNCRNAS:EL1605	9606	lncRNA	
URS000233E079	EVLNCRNAS	EVLNCRNAS:EL3056	9606	lncRNA	
URS000233E2F1	EVLNCRNAS	EVLNCRNAS:EL0651	9606	lncRNA	
URS000233E5DA	EVLNCRNAS	EVLNCRNAS:EL1605	9606	lncRNA	
URS000233E6B5	EVLNCRNAS	EVLNCRNAS:EL1452	9606	lncRNA	
URS000233ED6C	EVLNCRNAS	EVLNCRNAS:EL3044	9606	lncRNA	
URS000233ED75	EVLNCRNAS	EVLNCRNAS:EL1452	9606	lncRNA	
URS000233F00A	EVLNCRNAS	EVLNCRNAS:EL1721	9606	lncRNA	
URS000233F027	EVLNCRNAS	EVLNCRNAS:EL0651	9606	lncRNA	
URS000233F5FC	EVLNCRNAS	EVLNCRNAS:EL2453	9606	lncRNA	
URS000233F835	EVLNCRNAS	EVLNCRNAS:EL1452	9606	lncRNA	
URS000233FB2D	EVLNCRNAS	EVLNCRNAS:EL2453	9606	lncRNA	
URS000233FCB3	EVLNCRNAS	EVLNCRNAS:EL4000	9606	lncRNA	
URS000233FF03	EVLNCRNAS	EVLNCRNAS:EL1721	9606	lncRNA	
URS000233FF88	EVLNCRNAS	EVLNCRNAS:EL2453	9606	lncRNA	
URS0002340002	EVLNCRNAS	EVLNCRNAS:EL1753	9606	lncRNA	
URS0002340117	EVLNCRNAS	EVLNCRNAS:EL2453	9606	lncRNA	
URS0002340155	EVLNCRNAS	EVLNCRNAS:EL3242	9606	lncRNA	
URS0002340320	EVLNCRNAS	EVLNCRNAS:EL1773	9606	lncRNA	
URS00023404F1	EVLNCRNAS	EVLNCRNAS:EL0859	9606	lncRNA	
URS0002340501	EVLNCRNAS	EVLNCRNAS:EL0754	9606	lncRNA	
URS00023406D3	EVLNCRNAS	EVLNCRNAS:EL3044	9606	lncRNA	
URS00023407B4	EVLNCRNAS	EVLNCRNAS:EL3044	9606	lncRNA	
URS0002340967	EVLNCRNAS	EVLNCRNAS:EL3840	9606	lncRNA	
URS0002340F66	EVLNCRNAS	EVLNCRNAS:EL0651	9606	lncRNA	
URS0002341038	EVLNCRNAS	EVLNCRNAS:EL2453	9606	lncRNA	
URS0002341567	EVLNCRNAS	EVLNCRNAS:EL3242	9606	lncRNA	
URS00023417B7	EVLNCRNAS	EVLNCRNAS:EL0651	9606	lncRNA	
URS000234181A	EVLNCRNAS	EVLNCRNAS:EL2453	9606	lncRNA	
URS0002341935	EVLNCRNAS	EVLNCRNAS:EL3242	9606	lncRNA	
URS0002341A77	EVLNCRNAS	EVLNCRNAS:EL0859	9606	lncRNA	
URS0002341BE5	EVLNCRNAS	EVLNCRNAS:EL3242	9606	lncRNA	
URS0002342096	EVLNCRNAS	EVLNCRNAS:EL3242	9606	lncRNA	
URS0002342131	EVLNCRNAS	EVLNCRNAS:EL0651	9606	lncRNA	
URS00023424D0	EVLNCRNAS	EVLNCRNAS:EL3709	9606	lncRNA	
URS000234274E	EVLNCRNAS	EVLNCRNAS:EL3045	9606	lncRNA	
URS0002342945	EVLNCRNAS	EVLNCRNAS:EL4000	9606	lncRNA	
URS00023429B9	EVLNCRNAS	EVLNCRNAS:EL3840	9606	lncRNA	
URS0002342B3C	EVLNCRNAS	EVLNCRNAS:EL4000	9606	lncRNA	
URS0002342CD1	EVLNCRNAS	EVLNCRNAS:EL2453	9606	lncRNA	
URS0002342EC1	EVLNCRNAS	EVLNCRNAS:EL3242	9606	lncRNA	
URS00023432F4	EVLNCRNAS	EVLNCRNAS:EL0859	9606	lncRNA	
URS0002343CB8	EVLNCRNAS	EVLNCRNAS:EL0754	9606	lncRNA	
URS0002343F43	EVLNCRNAS	EVLNCRNAS:EL3044	9606	lncRNA	
URS0002344200	EVLNCRNAS	EVLNCRNAS:EL3044	9606	lncRNA	
URS000234453A	EVLNCRNAS	EVLNCRNAS:EL4000	9606	sRNA	
URS000234457A	EVLNCRNAS	EVLNCRNAS:EL1605	9606	lncRNA	
URS0002344840	EVLNCRNAS	EVLNCRNAS:EL1452	9606	lncRNA	
URS0002344CEF	EVLNCRNAS	EVLNCRNAS:EL1605	9606	lncRNA	
URS0002344E24	EVLNCRNAS	EVLNCRNAS:EL0754	9606	lncRNA	
URS0002344E8F	EVLNCRNAS	EVLNCRNAS:EL0754	9606	lncRNA	
URS0002345048	EVLNCRNAS	EVLNCRNAS:EL2453	9606	lncRNA	
URS000234509B	EVLNCRNAS	EVLNCRNAS:EL3242	9606	lncRNA	
URS000234518D	EVLNCRNAS	EVLNCRNAS:EL1163	9606	sRNA	
URS0002345373	EVLNCRNAS	EVLNCRNAS:EL0754	9606	lncRNA	
URS0002345874	EVLNCRNAS	EVLNCRNAS:EL3242	9606	lncRNA	
URS0002345AF9	EVLNCRNAS	EVLNCRNAS:EL3044	9606	lncRNA	
URS0002345F7F	EVLNCRNAS	EVLNCRNAS:EL1773	9606	lncRNA	
URS00023462E5	EVLNCRNAS	EVLNCRNAS:EL0754	9606	lncRNA	
URS00023463B4	EVLNCRNAS	EVLNCRNAS:EL2999	9606	lncRNA	
URS0002346565	EVLNCRNAS	EVLNCRNAS:EL2926	9606	lncRNA	
URS00023468C1	EVLNCRNAS	EVLNCRNAS:EL1721	9606	lncRNA	
URS000234694D	EVLNCRNAS	EVLNCRNAS:EL3242	9606	lncRNA	
URS0002346A3B	EVLNCRNAS	EVLNCRNAS:EL3045	9606	lncRNA	
URS0002346DEE	EVLNCRNAS	EVLNCRNAS:EL4000	9606	lncRNA	
URS0002346E5C	EVLNCRNAS	EVLNCRNAS:EL0754	9606	lncRNA	
URS00023471A4	EVLNCRNAS	EVLNCRNAS:EL3242	9606	lncRNA	
URS00023472B4	EVLNCRNAS	EVLNCRNAS:EL0651	9606	lncRNA	
URS000234763E	EVLNCRNAS	EVLNCRNAS:EL3242	9606	lncRNA	
URS000234767B	EVLNCRNAS	EVLNCRNAS:EL2926	9606	lncRNA	
URS0002347688	EVLNCRNAS	EVLNCRNAS:EL0754	9606	lncRNA	
URS0002347A22	EVLNCRNAS	EVLNCRNAS:EL1721	9606	lncRNA	
URS0002347B39	EVLNCRNAS	EVLNCRNAS:EL1773	9606	lncRNA	
URS0002347DE2	EVLNCRNAS	EVLNCRNAS:EL4000	9606	lncRNA	
URS0002347F0F	EVLNCRNAS	EVLNCRNAS:EL1452	9606	lncRNA	
URS00023481BA	EVLNCRNAS	EVLNCRNAS:EL0651	9606	lncRNA	
URS000234849C	EVLNCRNAS	EVLNCRNAS:EL0527	9606	lncRNA	
URS00023486C6	EVLNCRNAS	EVLNCRNAS:EL3242	9606	lncRNA	
URS0002348D70	EVLNCRNAS	EVLNCRNAS:EL1721	9606	lncRNA	
URS0002348FE4	EVLNCRNAS	EVLNCRNAS:EL2926	9606	lncRNA	
URS0002349271	EVLNCRNAS	EVLNCRNAS:EL3242	9606	lncRNA	
URS0002349300	EVLNCRNAS	EVLNCRNAS:EL4000	9606	sRNA	
URS00023496F7	EVLNCRNAS	EVLNCRNAS:EL0754	9606	lncRNA	
URS00023498C6	EVLNCRNAS	EVLNCRNAS:EL1452	9606	lncRNA	
URS000234991D	EVLNCRNAS	EVLNCRNAS:EL3044	9606	lncRNA	
URS0002349B5D	EVLNCRNAS	EVLNCRNAS:EL0754	9606	lncRNA	
URS0002349CC6	EVLNCRNAS	EVLNCRNAS:EL0754	9606	lncRNA	
URS0002349CE8	EVLNCRNAS	EVLNCRNAS:EL0651	9606	lncRNA	
URS0002349F96	EVLNCRNAS	EVLNCRNAS:EL2452	9606	lncRNA	
URS00025F7771	EVLNCRNAS	EVLNCRNAS:EL0901	10090	lncRNA	
