URS00000011DF	LNCBASE	hsa-miR-660-3p	9606	miRNA	
URS0000004CA3	LNCBASE	hsa-miR-4429	9606	miRNA	
URS0000007170	LNCBASE	mmu-miR-676-3p	10090	miRNA	
URS0000007FBA	LNCBASE	hsa-miR-340-5p	9606	miRNA	
URS0000007FBA	LNCBASE	mmu-miR-340-5p	10090	miRNA	
URS000000B1C9	LNCBASE	hsa-let-7e-5p	9606	miRNA	
URS000000B1C9	LNCBASE	mmu-let-7e-5p	10090	miRNA	
URS000000EF0B	LNCBASE	hsa-miR-4446-3p	9606	miRNA	
URS0000010C72	LNCBASE	hsa-miR-320d	9606	miRNA	
URS0000010D30	LNCBASE	hsa-miR-320c	9606	miRNA	
URS0000011312	LNCBASE	mmu-miR-503-3p	10090	miRNA	
URS0000013DD8	LNCBASE	hsa-miR-652-3p	9606	miRNA	
URS0000013DD8	LNCBASE	mmu-miR-652-3p	10090	miRNA	
URS00000157F5	LNCBASE	hsa-let-7a-2-3p	9606	miRNA	
URS000001C659	LNCBASE	hsa-miR-135b-5p	9606	miRNA	
URS000001C659	LNCBASE	mmu-miR-135b-5p	10090	miRNA	
URS000002103A	LNCBASE	hsa-miR-1296-5p	9606	miRNA	
URS0000021B51	LNCBASE	mmu-miR-155-5p	10090	miRNA	
URS0000024ACC	LNCBASE	hsa-miR-518a-3p	9606	miRNA	
URS00000254A6	LNCBASE	hsa-miR-338-3p	9606	miRNA	
URS00000254A6	LNCBASE	mmu-miR-338-3p	10090	miRNA	
URS0000026A1D	LNCBASE	hsa-miR-1269a	9606	miRNA	
URS0000028BB8	LNCBASE	hsa-miR-132-5p	9606	miRNA	
URS0000029EBD	LNCBASE	hsa-miR-199b-5p	9606	miRNA	
URS000002D005	LNCBASE	hsa-miR-4789-5p	9606	miRNA	
URS00000350B4	LNCBASE	mmu-miR-376c-3p	10090	miRNA	
URS000003575B	LNCBASE	hsa-miR-483-5p	9606	miRNA	
URS00000386E7	LNCBASE	mmu-miR-872-5p	10090	miRNA	
URS00000393C7	LNCBASE	hsa-miR-3691-5p	9606	miRNA	
URS000003ABC4	LNCBASE	hsa-miR-26b-3p	9606	miRNA	
URS000003B660	LNCBASE	hsa-miR-518c-5p	9606	miRNA	
URS000003E1A9	LNCBASE	hsa-miR-141-3p	9606	miRNA	
URS000003E1A9	LNCBASE	mmu-miR-141-3p	10090	miRNA	
URS000003F252	LNCBASE	hsa-miR-181a-3p	9606	miRNA	
URS000003FD55	LNCBASE	hsa-miR-339-5p	9606	miRNA	
URS000003FD55	LNCBASE	mmu-miR-339-5p	10090	miRNA	
URS000004203C	LNCBASE	hsa-miR-944	9606	miRNA	
URS0000042E1F	LNCBASE	hsa-miR-20a-3p	9606	miRNA	
URS0000043B1D	LNCBASE	hsa-miR-378f	9606	miRNA	
URS00000451A1	LNCBASE	hsa-miR-378a-3p	9606	miRNA	
URS0000045DBD	LNCBASE	hsa-miR-3613-5p	9606	miRNA	
URS000004B7B7	LNCBASE	hsa-miR-4802-3p	9606	miRNA	
URS000004F117	LNCBASE	mmu-miR-144-5p	10090	miRNA	
URS000004F5D8	LNCBASE	hsa-let-7a-3p	9606	miRNA	
URS0000051137	LNCBASE	mmu-miR-29b-1-5p	10090	miRNA	
URS000005481D	LNCBASE	hsa-miR-324-5p	9606	miRNA	
URS000005481D	LNCBASE	mmu-miR-324-5p	10090	miRNA	
URS00000565C2	LNCBASE	mmu-miR-322-3p	10090	miRNA	
URS000005CF5F	LNCBASE	hsa-miR-30d-5p	9606	miRNA	
URS000005CF5F	LNCBASE	mmu-miR-30d-5p	10090	miRNA	
URS000005D4F5	LNCBASE	hsa-miR-345-5p	9606	miRNA	
URS000005E7DD	LNCBASE	hsa-miR-516b-5p	9606	miRNA	
URS0000062B37	LNCBASE	hsa-miR-512-5p	9606	miRNA	
URS000006372A	LNCBASE	hsa-miR-485-3p	9606	miRNA	
URS0000065566	LNCBASE	hsa-miR-194-3p	9606	miRNA	
URS0000065566	LNCBASE	mmu-miR-194-2-3p	10090	miRNA	
URS0000065D58	LNCBASE	hsa-miR-30a-3p	9606	miRNA	
URS0000065D58	LNCBASE	mmu-miR-30a-3p	10090	miRNA	
URS00000661A7	LNCBASE	mmu-miR-101c	10090	miRNA	
URS0000068BEA	LNCBASE	hsa-miR-518a-5p	9606	miRNA	
URS0000068BEA	LNCBASE	hsa-miR-527	9606	miRNA	
URS000006983A	LNCBASE	hsa-miR-4701-3p	9606	miRNA	
URS000006B702	LNCBASE	hsa-miR-3140-3p	9606	miRNA	
URS000006F90B	LNCBASE	hsa-miR-3609	9606	miRNA	
URS000006FDD4	LNCBASE	hsa-miR-19a-3p	9606	miRNA	
URS000006FDD4	LNCBASE	mmu-miR-19a-3p	10090	miRNA	
URS0000070B1D	LNCBASE	hsa-miR-877-3p	9606	miRNA	
URS0000070CD2	LNCBASE	hsa-miR-302a-3p	9606	miRNA	
URS0000070CD2	LNCBASE	mmu-miR-302a-3p	10090	miRNA	
URS000007298F	LNCBASE	hsa-miR-3607-5p	9606	miRNA	
URS00000753AD	LNCBASE	hsa-miR-1304-5p	9606	miRNA	
URS0000075B44	LNCBASE	mmu-miR-669j	10090	miRNA	
URS0000076995	LNCBASE	hsa-miR-29a-5p	9606	miRNA	
URS0000076995	LNCBASE	mmu-miR-29a-5p	10090	miRNA	
URS0000076E54	LNCBASE	hsa-miR-541-5p	9606	miRNA	
URS0000077AED	LNCBASE	hsa-miR-493-5p	9606	miRNA	
URS0000078918	LNCBASE	hsa-miR-4786-3p	9606	miRNA	
URS0000079F78	LNCBASE	hsa-miR-5100	9606	miRNA	
URS000007A060	LNCBASE	hsa-miR-330-3p	9606	miRNA	
URS000007D64A	LNCBASE	hsa-miR-497-3p	9606	miRNA	
URS000007F792	LNCBASE	hsa-miR-377-3p	9606	miRNA	
URS0000080D0A	LNCBASE	hsa-miR-548o-3p	9606	miRNA	
URS0000081E1F	LNCBASE	hsa-miR-409-5p	9606	miRNA	
URS0000081E1F	LNCBASE	mmu-miR-409-5p	10090	miRNA	
URS00000821E0	LNCBASE	hsa-miR-140-3p	9606	miRNA	
URS00000821E0	LNCBASE	mmu-miR-140-3p	10090	miRNA	
URS0000083D87	LNCBASE	hsa-miR-188-5p	9606	miRNA	
URS0000083D87	LNCBASE	mmu-miR-188-5p	10090	miRNA	
URS0000085F64	LNCBASE	hsa-miR-362-5p	9606	miRNA	
URS0000086A4D	LNCBASE	hsa-miR-431-3p	9606	miRNA	
URS0000086A4D	LNCBASE	mmu-miR-431-3p	10090	miRNA	
URS0000087207	LNCBASE	hsa-miR-518d-5p	9606	miRNA	
URS0000087207	LNCBASE	hsa-miR-520c-5p	9606	miRNA	
URS0000087207	LNCBASE	hsa-miR-526a	9606	miRNA	
URS000008931A	LNCBASE	hsa-miR-154-5p	9606	miRNA	
URS000008931A	LNCBASE	mmu-miR-154-5p	10090	miRNA	
URS000008AA34	LNCBASE	hsa-miR-548j-5p	9606	miRNA	
URS000008C563	LNCBASE	hsa-miR-551b-3p	9606	miRNA	
URS000008C563	LNCBASE	mmu-miR-551b-3p	10090	miRNA	
URS000008DA94	LNCBASE	hsa-miR-200a-3p	9606	miRNA	
URS000008DA94	LNCBASE	mmu-miR-200a-3p	10090	miRNA	
URS000009262D	LNCBASE	hsa-miR-21-3p	9606	miRNA	
URS0000096022	LNCBASE	hsa-miR-22-3p	9606	miRNA	
URS0000096022	LNCBASE	mmu-miR-22-3p	10090	miRNA	
URS0000099DC0	LNCBASE	mmu-miR-669n	10090	miRNA	
URS000009AF54	LNCBASE	hsa-miR-3653-3p	9606	miRNA	
URS000009C1E9	LNCBASE	hsa-miR-550b-2-5p	9606	miRNA	
URS000009EA8F	LNCBASE	hsa-miR-1275	9606	miRNA	
URS00000A057E	LNCBASE	hsa-miR-18b-3p	9606	miRNA	
URS00000A07C1	LNCBASE	hsa-let-7d-5p	9606	miRNA	
URS00000A07C1	LNCBASE	mmu-let-7d-5p	10090	miRNA	
URS00000A33DB	LNCBASE	hsa-miR-127-5p	9606	miRNA	
URS00000A33DB	LNCBASE	mmu-miR-127-5p	10090	piRNA	
URS00000A939F	LNCBASE	hsa-miR-326	9606	miRNA	
URS00000A9FB9	LNCBASE	hsa-miR-3605-3p	9606	miRNA	
URS00000AA464	LNCBASE	hsa-miR-193b-3p	9606	miRNA	
URS00000AD002	LNCBASE	hsa-miR-455-5p	9606	miRNA	
URS00000AD02D	LNCBASE	hsa-miR-548n	9606	miRNA	
URS00000AF209	LNCBASE	mmu-miR-92a-2-5p	10090	miRNA	
URS00000AF45F	LNCBASE	hsa-miR-3136-5p	9606	miRNA	
URS00000B0E50	LNCBASE	hsa-miR-582-5p	9606	miRNA	
URS00000B59A2	LNCBASE	hsa-miR-192-3p	9606	miRNA	
URS00000B59A2	LNCBASE	mmu-miR-192-3p	10090	miRNA	
URS00000B6B44	LNCBASE	hsa-miR-4783-3p	9606	miRNA	
URS00000B6FA1	LNCBASE	hsa-miR-4766-3p	9606	miRNA	
URS00000B7E30	LNCBASE	hsa-miR-223-3p	9606	miRNA	
URS00000B7E30	LNCBASE	mmu-miR-223-3p	10090	miRNA	
URS00000B7F84	LNCBASE	hsa-miR-548f-3p	9606	miRNA	
URS00000B989F	LNCBASE	hsa-miR-363-5p	9606	miRNA	
URS00000BA274	LNCBASE	hsa-miR-2116-5p	9606	miRNA	
URS00000BB229	LNCBASE	hsa-miR-3115	9606	miRNA	
URS00000BD1DE	LNCBASE	hsa-miR-219a-1-3p	9606	miRNA	
URS00000BE267	LNCBASE	mmu-miR-706	10090	miRNA	
URS00000BE495	LNCBASE	hsa-miR-423-3p	9606	miRNA	
URS00000BE495	LNCBASE	mmu-miR-423-3p	10090	miRNA	
URS00000BF7F9	LNCBASE	hsa-miR-4516	9606	miRNA	
URS00000C0921	LNCBASE	hsa-miR-154-3p	9606	miRNA	
URS00000C0921	LNCBASE	mmu-miR-154-3p	10090	miRNA	
URS00000C0D3F	LNCBASE	hsa-miR-26a-1-3p	9606	miRNA	
URS00000C48FA	LNCBASE	hsa-miR-4742-3p	9606	miRNA	
URS00000C4DB5	LNCBASE	hsa-miR-2467-5p	9606	miRNA	
URS00000C5969	LNCBASE	hsa-miR-383-5p	9606	miRNA	
URS00000C5BAA	LNCBASE	hsa-miR-411-5p	9606	miRNA	
URS00000C5BAA	LNCBASE	mmu-miR-411-5p	10090	piRNA	
URS00000C7662	LNCBASE	hsa-miR-499a-5p	9606	miRNA	
URS00000C7662	LNCBASE	mmu-miR-499-5p	10090	piRNA	
URS00000CC005	LNCBASE	hsa-miR-500b-5p	9606	miRNA	
URS00000CF1D2	LNCBASE	hsa-miR-361-5p	9606	miRNA	
URS00000CF1D2	LNCBASE	mmu-miR-361-5p	10090	miRNA	
URS00000D0874	LNCBASE	hsa-miR-1260a	9606	miRNA	
URS00000D0BB4	LNCBASE	hsa-miR-3679-5p	9606	miRNA	
URS00000D2680	LNCBASE	hsa-miR-548e-3p	9606	miRNA	
URS00000D5FFC	LNCBASE	hsa-miR-3157-5p	9606	miRNA	
URS00000D812E	LNCBASE	mmu-miR-672-5p	10090	miRNA	
URS00000D9C2B	LNCBASE	mmu-miR-669c-5p	10090	miRNA	
URS00000DA6A7	LNCBASE	hsa-miR-196a-5p	9606	miRNA	
URS00000DA6A7	LNCBASE	mmu-miR-196a-5p	10090	miRNA	
URS00000DDA8A	LNCBASE	mmu-miR-215-5p	10090	miRNA	
URS00000DE5AF	LNCBASE	mmu-miR-31-5p	10090	miRNA	
URS00000DF6D0	LNCBASE	hsa-miR-135a-5p	9606	miRNA	
URS00000DF6D0	LNCBASE	mmu-miR-135a-5p	10090	miRNA	
URS00000E1DC5	LNCBASE	hsa-miR-193b-5p	9606	miRNA	
URS00000E4877	LNCBASE	hsa-miR-196a-3p	9606	miRNA	
URS00000EA063	LNCBASE	hsa-miR-483-3p	9606	miRNA	
URS00000EC27B	LNCBASE	mmu-miR-692	10090	miRNA	
URS00000ED600	LNCBASE	hsa-miR-375	9606	miRNA	
URS00000ED600	LNCBASE	mmu-miR-375-3p	10090	miRNA	
URS00000EED18	LNCBASE	hsa-miR-34a-3p	9606	miRNA	
URS00000EEE35	LNCBASE	hsa-miR-501-3p	9606	miRNA	
URS00000EEF5F	LNCBASE	hsa-miR-1307-5p	9606	miRNA	
URS00000F0F49	LNCBASE	hsa-miR-424-5p	9606	miRNA	
URS00000F2C33	LNCBASE	hsa-miR-642a-5p	9606	miRNA	
URS00000F6E49	LNCBASE	hsa-miR-503-5p	9606	miRNA	
URS00000FB1B1	LNCBASE	hsa-miR-93-3p	9606	miRNA	
URS00000FB1B1	LNCBASE	mmu-miR-93-3p	10090	miRNA	
URS00000FC8EB	LNCBASE	hsa-miR-1301-3p	9606	miRNA	
URS00000FD5FE	LNCBASE	hsa-miR-566	9606	miRNA	
URS00000FDD2A	LNCBASE	mmu-miR-669o-5p	10090	piRNA	
URS00000FFE5F	LNCBASE	hsa-miR-190b	9606	miRNA	
URS00001012BC	LNCBASE	hsa-miR-766-3p	9606	miRNA	
URS0000101689	LNCBASE	hsa-miR-520a-3p	9606	miRNA	
URS0000101787	LNCBASE	hsa-miR-452-3p	9606	miRNA	
URS0000104EFC	LNCBASE	mmu-miR-667-5p	10090	miRNA	
URS0000105D19	LNCBASE	hsa-miR-432-3p	9606	miRNA	
URS000011166D	LNCBASE	hsa-miR-3615	9606	miRNA	
URS00001123BD	LNCBASE	hsa-miR-29b-1-5p	9606	miRNA	
URS0000113EBB	LNCBASE	mmu-miR-148b-5p	10090	miRNA	
URS0000116A70	LNCBASE	hsa-miR-660-5p	9606	miRNA	
URS000011C106	LNCBASE	hsa-miR-4661-5p	9606	miRNA	
URS0000122ED0	LNCBASE	hsa-miR-98-3p	9606	miRNA	
URS00001230A0	LNCBASE	hsa-miR-101-3p	9606	miRNA	
URS00001230A0	LNCBASE	mmu-miR-101a-3p	10090	miRNA	
URS00001234DF	LNCBASE	hsa-miR-378d	9606	miRNA	
URS0000126D1F	LNCBASE	mmu-miR-376a-3p	10090	miRNA	
URS00001270D3	LNCBASE	hsa-miR-33b-3p	9606	miRNA	
URS0000128E26	LNCBASE	mmu-miR-291a-3p	10090	miRNA	
URS000012930C	LNCBASE	hsa-miR-548aa	9606	miRNA	
URS000012930C	LNCBASE	hsa-miR-548t-3p	9606	miRNA	
URS000012A1DD	LNCBASE	hsa-miR-200b-5p	9606	miRNA	
URS000012A1DD	LNCBASE	mmu-miR-200b-5p	10090	miRNA	
URS000012F9EC	LNCBASE	hsa-miR-4691-3p	9606	miRNA	
URS00001310DE	LNCBASE	hsa-miR-3916	9606	miRNA	
URS0000134ADC	LNCBASE	hsa-miR-346	9606	miRNA	
URS0000135E29	LNCBASE	hsa-miR-519a-3p	9606	miRNA	
URS00001383CF	LNCBASE	hsa-miR-523-3p	9606	miRNA	
URS00001390DD	LNCBASE	mmu-miR-341-3p	10090	miRNA	
URS000013A349	LNCBASE	hsa-miR-4532	9606	miRNA	
URS000013D17D	LNCBASE	hsa-miR-19b-3p	9606	miRNA	
URS000013D17D	LNCBASE	mmu-miR-19b-3p	10090	miRNA	
URS000013E79D	LNCBASE	hsa-miR-382-3p	9606	miRNA	
URS0000140295	LNCBASE	hsa-miR-374c-3p	9606	miRNA	
URS0000142768	LNCBASE	hsa-miR-4693-5p	9606	miRNA	
URS0000142DC3	LNCBASE	hsa-miR-22-5p	9606	miRNA	
URS0000142DC3	LNCBASE	mmu-miR-22-5p	10090	miRNA	
URS0000147F3E	LNCBASE	mmu-miR-136-5p	10090	miRNA	
URS00001481F9	LNCBASE	hsa-miR-4423-3p	9606	miRNA	
URS0000148B91	LNCBASE	hsa-miR-342-3p	9606	miRNA	
URS0000148B91	LNCBASE	mmu-miR-342-3p	10090	miRNA	
URS0000149452	LNCBASE	hsa-miR-93-5p	9606	miRNA	
URS0000149452	LNCBASE	mmu-miR-93-5p	10090	miRNA	
URS00001496AE	LNCBASE	hsa-miR-490-3p	9606	miRNA	
URS000014D9C1	LNCBASE	hsa-miR-200b-3p	9606	miRNA	
URS000014D9C1	LNCBASE	mmu-miR-200b-3p	10090	miRNA	
URS000015188E	LNCBASE	hsa-miR-548h-3p	9606	miRNA	
URS000015188E	LNCBASE	hsa-miR-548z	9606	miRNA	
URS0000153377	LNCBASE	hsa-miR-222-5p	9606	miRNA	
URS00001539CF	LNCBASE	mmu-miR-434-5p	10090	miRNA	
URS0000155642	LNCBASE	hsa-miR-192-5p	9606	miRNA	
URS0000155642	LNCBASE	mmu-miR-192-5p	10090	miRNA	
URS0000157026	LNCBASE	hsa-miR-99a-5p	9606	miRNA	
URS0000157026	LNCBASE	mmu-miR-99a-5p	10090	miRNA	
URS00001597DC	LNCBASE	hsa-miR-331-5p	9606	miRNA	
URS000015A0DE	LNCBASE	mmu-miR-669b-5p	10090	miRNA	
URS000015CE89	LNCBASE	hsa-miR-1269b	9606	miRNA	
URS000015D23B	LNCBASE	hsa-miR-26a-2-3p	9606	miRNA	
URS000015EBFE	LNCBASE	mmu-miR-741-3p	10090	miRNA	
URS0000167CC0	LNCBASE	mmu-miR-3470a	10090	miRNA	
URS0000169868	LNCBASE	hsa-miR-135a-3p	9606	miRNA	
URS000016A877	LNCBASE	mmu-miR-493-5p	10090	miRNA	
URS000016B425	LNCBASE	mmu-miR-18b-5p	10090	miRNA	
URS000016C318	LNCBASE	hsa-miR-151a-3p	9606	miRNA	
URS000016D2D4	LNCBASE	hsa-miR-10a-5p	9606	miRNA	
URS000016D2D4	LNCBASE	mmu-miR-10a-5p	10090	miRNA	
URS000016E46F	LNCBASE	hsa-miR-1185-1-3p	9606	miRNA	
URS000016FD1A	LNCBASE	hsa-miR-150-5p	9606	miRNA	
URS000016FD1A	LNCBASE	mmu-miR-150-5p	10090	miRNA	
URS000016FF9C	LNCBASE	hsa-miR-96-5p	9606	miRNA	
URS000016FF9C	LNCBASE	mmu-miR-96-5p	10090	miRNA	
URS0000170CF4	LNCBASE	hsa-miR-221-3p	9606	miRNA	
URS0000170CF4	LNCBASE	mmu-miR-221-3p	10090	miRNA	
URS0000170D8B	LNCBASE	hsa-miR-3127-5p	9606	miRNA	
URS00001754CF	LNCBASE	hsa-miR-19a-5p	9606	miRNA	
URS00001799A3	LNCBASE	hsa-miR-28-3p	9606	miRNA	
URS000017CCCB	LNCBASE	hsa-miR-3173-3p	9606	miRNA	
URS000017D10B	LNCBASE	hsa-miR-101-5p	9606	miRNA	
URS000017DBB8	LNCBASE	hsa-miR-299-5p	9606	miRNA	
URS000017EA6A	LNCBASE	hsa-miR-505-5p	9606	miRNA	
URS0000183BED	LNCBASE	hsa-miR-23b-3p	9606	miRNA	
URS0000183BED	LNCBASE	mmu-miR-23b-3p	10090	miRNA	
URS000018A401	LNCBASE	mmu-miR-412-5p	10090	piRNA	
URS000018C677	LNCBASE	hsa-miR-3605-5p	9606	miRNA	
URS000018C928	LNCBASE	hsa-miR-181c-5p	9606	miRNA	
URS000018C928	LNCBASE	mmu-miR-181c-5p	10090	miRNA	
URS000018E6CD	LNCBASE	hsa-miR-378g	9606	miRNA	
URS000018E72A	LNCBASE	hsa-miR-323a-5p	9606	miRNA	
URS0000190AA4	LNCBASE	mmu-miR-20a-3p	10090	miRNA	
URS00001919B0	LNCBASE	hsa-miR-491-5p	9606	miRNA	
URS00001925C1	LNCBASE	hsa-miR-125b-2-3p	9606	miRNA	
URS0000192F9C	LNCBASE	hsa-miR-200c-3p	9606	miRNA	
URS0000192F9C	LNCBASE	mmu-miR-200c-3p	10090	piRNA	
URS00001934CD	LNCBASE	hsa-miR-544a	9606	miRNA	
URS00001935FA	LNCBASE	hsa-miR-485-5p	9606	miRNA	
URS00001935FA	LNCBASE	mmu-miR-485-5p	10090	miRNA	
URS00001938D9	LNCBASE	hsa-miR-3200-5p	9606	miRNA	
URS00001941B8	LNCBASE	hsa-miR-643	9606	miRNA	
URS000019907A	LNCBASE	hsa-miR-30c-5p	9606	miRNA	
URS000019907A	LNCBASE	mmu-miR-30c-5p	10090	miRNA	
URS0000199A33	LNCBASE	mmu-miR-1187	10090	miRNA	
URS000019B0F7	LNCBASE	hsa-miR-26a-5p	9606	miRNA	
URS000019B0F7	LNCBASE	mmu-miR-26a-5p	10090	miRNA	
URS000019C8F1	LNCBASE	mmu-miR-434-3p	10090	miRNA	
URS000019CD2B	LNCBASE	mmu-miR-673-3p	10090	miRNA	
URS000019D79B	LNCBASE	hsa-miR-708-5p	9606	miRNA	
URS000019D79B	LNCBASE	mmu-miR-708-5p	10090	miRNA	
URS000019F055	LNCBASE	hsa-miR-543	9606	miRNA	
URS000019F055	LNCBASE	mmu-miR-543-3p	10090	miRNA	
URS00001A1CA6	LNCBASE	hsa-miR-4793-3p	9606	miRNA	
URS00001A3555	LNCBASE	hsa-miR-211-5p	9606	miRNA	
URS00001A405B	LNCBASE	hsa-miR-100-3p	9606	miRNA	
URS00001A5096	LNCBASE	hsa-miR-4685-3p	9606	miRNA	
URS00001A6B29	LNCBASE	mmu-miR-666-5p	10090	miRNA	
URS00001A7F58	LNCBASE	hsa-miR-92b-5p	9606	miRNA	
URS00001A9746	LNCBASE	hsa-miR-25-5p	9606	miRNA	
URS00001AADF2	LNCBASE	hsa-miR-514a-3p	9606	miRNA	
URS00001ADC0C	LNCBASE	mmu-miR-467f	10090	miRNA	
URS00001AF64C	LNCBASE	mmu-miR-542-5p	10090	miRNA	
URS00001AFC71	LNCBASE	hsa-miR-212-5p	9606	miRNA	
URS00001B0D1E	LNCBASE	hsa-miR-579-3p	9606	miRNA	
URS00001B341F	LNCBASE	hsa-miR-27a-5p	9606	miRNA	
URS00001B341F	LNCBASE	mmu-miR-27a-5p	10090	miRNA	
URS00001B6361	LNCBASE	hsa-miR-518d-3p	9606	miRNA	
URS00001B64CE	LNCBASE	mmu-miR-106a-5p	10090	miRNA	
URS00001B9622	LNCBASE	hsa-miR-19b-1-5p	9606	miRNA	
URS00001BC212	LNCBASE	hsa-miR-497-5p	9606	miRNA	
URS00001BCAC5	LNCBASE	hsa-miR-488-3p	9606	miRNA	
URS00001C04A2	LNCBASE	hsa-let-7f-2-3p	9606	miRNA	
URS00001C11BC	LNCBASE	hsa-miR-301a-3p	9606	miRNA	
URS00001C11BC	LNCBASE	mmu-miR-301a-3p	10090	miRNA	
URS00001C29D5	LNCBASE	mmu-miR-34c-3p	10090	miRNA	
URS00001C308D	LNCBASE	hsa-miR-99b-3p	9606	miRNA	
URS00001C308D	LNCBASE	mmu-miR-99b-3p	10090	miRNA	
URS00001C3AC1	LNCBASE	hsa-miR-296-5p	9606	miRNA	
URS00001C406A	LNCBASE	hsa-miR-432-5p	9606	miRNA	
URS00001C4513	LNCBASE	mmu-miR-24-2-5p	10090	miRNA	
URS00001C4762	LNCBASE	hsa-miR-218-1-3p	9606	miRNA	
URS00001C770D	LNCBASE	hsa-miR-149-5p	9606	miRNA	
URS00001C770D	LNCBASE	mmu-miR-149-5p	10090	miRNA	
URS00001C85C7	LNCBASE	hsa-miR-1294	9606	miRNA	
URS00001C8A86	LNCBASE	hsa-miR-423-5p	9606	miRNA	
URS00001C8A86	LNCBASE	mmu-miR-423-5p	10090	miRNA	
URS00001C94E0	LNCBASE	hsa-miR-15a-3p	9606	miRNA	
URS00001CC0F4	LNCBASE	hsa-miR-4484	9606	miRNA	
URS00001CC379	LNCBASE	hsa-miR-182-5p	9606	miRNA	
URS00001CE409	LNCBASE	mmu-miR-669i	10090	miRNA	
URS00001CF056	LNCBASE	hsa-miR-574-3p	9606	miRNA	
URS00001CF056	LNCBASE	mmu-miR-574-3p	10090	piRNA	
URS00001D3129	LNCBASE	mmu-miR-17-3p	10090	miRNA	
URS00001D4A78	LNCBASE	hsa-miR-1271-3p	9606	miRNA	
URS00001D5AA3	LNCBASE	hsa-miR-367-3p	9606	miRNA	
URS00001D64A9	LNCBASE	mmu-miR-675-3p	10090	miRNA	
URS00001D6605	LNCBASE	hsa-miR-556-3p	9606	miRNA	
URS00001D69F6	LNCBASE	hsa-miR-126-5p	9606	miRNA	
URS00001D6BAE	LNCBASE	hsa-miR-212-3p	9606	miRNA	
URS00001DA458	LNCBASE	hsa-miR-92a-1-5p	9606	miRNA	
URS00001DABC0	LNCBASE	hsa-miR-1293	9606	miRNA	
URS00001DB45B	LNCBASE	mmu-miR-880-3p	10090	miRNA	
URS00001DBB42	LNCBASE	hsa-miR-521	9606	miRNA	
URS00001DC04F	LNCBASE	hsa-miR-1-3p	9606	miRNA	
URS00001DC04F	LNCBASE	mmu-miR-1a-3p	10090	miRNA	
URS00001DC9B8	LNCBASE	mmu-miR-329-5p	10090	miRNA	
URS00001DCE55	LNCBASE	mmu-miR-669g	10090	miRNA	
URS00001DD9A7	LNCBASE	mmu-miR-25-5p	10090	miRNA	
URS00001DE669	LNCBASE	hsa-miR-30e-5p	9606	miRNA	
URS00001DE669	LNCBASE	mmu-miR-30e-5p	10090	miRNA	
URS00001DEE11	LNCBASE	hsa-miR-24-2-5p	9606	miRNA	
URS00001E0AEA	LNCBASE	hsa-miR-142-5p	9606	miRNA	
URS00001E0AEA	LNCBASE	mmu-miR-142a-5p	10090	miRNA	
URS00001E2DBC	LNCBASE	hsa-miR-501-5p	9606	miRNA	
URS00001E2F7A	LNCBASE	hsa-miR-5581-3p	9606	miRNA	
URS00001E3523	LNCBASE	hsa-miR-137	9606	miRNA	
URS00001E3DAA	LNCBASE	hsa-miR-127-3p	9606	miRNA	
URS00001E3DAA	LNCBASE	mmu-miR-127-3p	10090	miRNA	
URS00001E5014	LNCBASE	mmu-miR-669l-5p	10090	miRNA	
URS00001E8884	LNCBASE	hsa-miR-224-3p	9606	miRNA	
URS00001E8DA7	LNCBASE	hsa-miR-3940-5p	9606	miRNA	
URS00001E9CCB	LNCBASE	hsa-miR-16-2-3p	9606	miRNA	
URS00001EB9FC	LNCBASE	hsa-miR-187-3p	9606	miRNA	
URS00001EE123	LNCBASE	hsa-miR-379-3p	9606	miRNA	
URS00001EFBE3	LNCBASE	hsa-miR-146a-3p	9606	miRNA	
URS00001EFDE0	LNCBASE	mmu-miR-770-3p	10090	miRNA	
URS00001EFEC1	LNCBASE	hsa-miR-374b-3p	9606	miRNA	
URS00001F0C23	LNCBASE	hsa-miR-125a-3p	9606	miRNA	
URS00001F0C23	LNCBASE	mmu-miR-125a-3p	10090	miRNA	
URS00001F14FE	LNCBASE	hsa-miR-550a-3p	9606	miRNA	
URS00001F1DA8	LNCBASE	hsa-miR-126-3p	9606	miRNA	
URS00001F373E	LNCBASE	hsa-miR-5001-5p	9606	miRNA	
URS00001F3F1D	LNCBASE	hsa-miR-4698	9606	miRNA	
URS00001F4670	LNCBASE	hsa-miR-296-3p	9606	miRNA	
URS00001F4670	LNCBASE	mmu-miR-296-3p	10090	miRNA	
URS00001F5B39	LNCBASE	hsa-miR-449a	9606	miRNA	
URS00001F61BA	LNCBASE	hsa-miR-1271-5p	9606	miRNA	
URS00001F7925	LNCBASE	mmu-miR-224-5p	10090	miRNA	
URS00001F8B82	LNCBASE	hsa-miR-5096	9606	miRNA	
URS00001F9866	LNCBASE	hsa-miR-625-5p	9606	miRNA	
URS00001F9A0F	LNCBASE	hsa-miR-218-2-3p	9606	miRNA	
URS00001FC26E	LNCBASE	hsa-miR-4284	9606	miRNA	
URS00001FE271	LNCBASE	mmu-miR-541-5p	10090	miRNA	
URS00001FFA8C	LNCBASE	mmu-miR-381-3p	10090	miRNA	
URS0000202B65	LNCBASE	hsa-miR-491-3p	9606	miRNA	
URS0000204177	LNCBASE	hsa-miR-136-3p	9606	miRNA	
URS00002075FA	LNCBASE	hsa-miR-17-5p	9606	miRNA	
URS00002075FA	LNCBASE	mmu-miR-17-5p	10090	miRNA	
URS0000209905	LNCBASE	hsa-miR-125b-5p	9606	miRNA	
URS0000209905	LNCBASE	mmu-miR-125b-5p	10090	miRNA	
URS000020BE6A	LNCBASE	hsa-miR-124-3p	9606	miRNA	
URS000020C95B	LNCBASE	hsa-miR-301a-5p	9606	miRNA	
URS000020CEC2	LNCBASE	hsa-miR-576-3p	9606	miRNA	
URS000020D84A	LNCBASE	hsa-miR-218-5p	9606	miRNA	
URS000020D84A	LNCBASE	mmu-miR-218-5p	10090	piRNA	
URS000020E2DD	LNCBASE	hsa-miR-197-5p	9606	miRNA	
URS000020F110	LNCBASE	hsa-miR-512-3p	9606	miRNA	
URS000020F6B2	LNCBASE	mmu-miR-376b-5p	10090	miRNA	
URS000021054B	LNCBASE	mmu-miR-669d-5p	10090	miRNA	
URS000021202F	LNCBASE	hsa-miR-508-5p	9606	miRNA	
URS00002152A8	LNCBASE	hsa-miR-30b-3p	9606	miRNA	
URS00002198F3	LNCBASE	hsa-miR-449c-5p	9606	miRNA	
URS000021D7C8	LNCBASE	hsa-miR-186-3p	9606	miRNA	
URS000021ECD0	LNCBASE	hsa-miR-3064-5p	9606	miRNA	
URS000022074F	LNCBASE	mmu-miR-300-3p	10090	miRNA	
URS00002233F4	LNCBASE	mmu-miR-410-5p	10090	miRNA	
URS0000224206	LNCBASE	mmu-miR-297a-5p	10090	miRNA	
URS0000227241	LNCBASE	hsa-miR-517-5p	9606	miRNA	
URS0000229622	LNCBASE	hsa-miR-181b-3p	9606	miRNA	
URS000022A78C	LNCBASE	hsa-miR-455-3p	9606	miRNA	
URS000022B6DD	LNCBASE	mmu-let-7a-1-3p	10090	miRNA	
URS000022B729	LNCBASE	hsa-miR-3909	9606	miRNA	
URS0000235862	LNCBASE	hsa-miR-765	9606	miRNA	
URS0000236310	LNCBASE	hsa-miR-181d-5p	9606	miRNA	
URS0000236310	LNCBASE	mmu-miR-181d-5p	10090	miRNA	
URS00002367FA	LNCBASE	hsa-miR-185-3p	9606	miRNA	
URS0000237AF9	LNCBASE	hsa-miR-335-5p	9606	miRNA	
URS0000237AF9	LNCBASE	mmu-miR-335-5p	10090	miRNA	
URS0000237CBD	LNCBASE	hsa-let-7i-3p	9606	miRNA	
URS0000237CBD	LNCBASE	mmu-let-7i-3p	10090	miRNA	
URS0000237FB8	LNCBASE	hsa-miR-30c-1-3p	9606	miRNA	
URS0000238FCE	LNCBASE	mmu-miR-466f-3p	10090	miRNA	
URS0000239117	LNCBASE	hsa-miR-1260b	9606	miRNA	
URS00002394F5	LNCBASE	hsa-miR-3175	9606	miRNA	
URS000023B77E	LNCBASE	hsa-miR-200a-5p	9606	miRNA	
URS000023BE29	LNCBASE	hsa-miR-139-3p	9606	miRNA	
URS0000241987	LNCBASE	hsa-miR-181a-2-3p	9606	miRNA	
URS0000243FF1	LNCBASE	hsa-miR-3174	9606	miRNA	
URS000024463E	LNCBASE	hsa-miR-29b-3p	9606	miRNA	
URS000024463E	LNCBASE	mmu-miR-29b-3p	10090	miRNA	
URS0000244A71	LNCBASE	hsa-miR-181c-3p	9606	miRNA	
URS0000246356	LNCBASE	hsa-miR-885-5p	9606	miRNA	
URS000024A59E	LNCBASE	hsa-miR-128-3p	9606	miRNA	
URS000024A59E	LNCBASE	mmu-miR-128-3p	10090	miRNA	
URS000024AD66	LNCBASE	hsa-miR-509-5p	9606	miRNA	
URS000024BA1E	LNCBASE	mmu-miR-3473c	10090	miRNA	
URS000024DFCE	LNCBASE	hsa-miR-433-3p	9606	miRNA	
URS0000250A40	LNCBASE	hsa-miR-570-3p	9606	miRNA	
URS0000251D0B	LNCBASE	hsa-miR-301b-3p	9606	miRNA	
URS000025282C	LNCBASE	hsa-miR-371a-5p	9606	miRNA	
URS000025307A	LNCBASE	hsa-miR-378c	9606	miRNA	
URS000025576D	LNCBASE	hsa-miR-92b-3p	9606	miRNA	
URS000025576D	LNCBASE	mmu-miR-92b-3p	10090	miRNA	
URS00002573C3	LNCBASE	hsa-miR-582-3p	9606	miRNA	
URS0000258D51	LNCBASE	hsa-miR-548q	9606	miRNA	
URS0000259AE4	LNCBASE	hsa-miR-664a-5p	9606	miRNA	
URS000025A6B4	LNCBASE	hsa-miR-551b-5p	9606	miRNA	
URS000025BB5F	LNCBASE	mmu-miR-758-3p	10090	miRNA	
URS000025C0E1	LNCBASE	hsa-miR-5010-3p	9606	miRNA	
URS000025D232	LNCBASE	hsa-miR-139-5p	9606	miRNA	
URS0000260A3A	LNCBASE	hsa-miR-548l	9606	miRNA	
URS00002620A7	LNCBASE	hsa-miR-142-3p	9606	miRNA	
URS00002620A7	LNCBASE	mmu-miR-142a-3p	10090	miRNA	
URS000026261D	LNCBASE	hsa-miR-140-5p	9606	miRNA	
URS000026261D	LNCBASE	mmu-miR-140-5p	10090	miRNA	
URS000026875B	LNCBASE	hsa-miR-548y	9606	miRNA	
URS000026C425	LNCBASE	hsa-miR-873-3p	9606	miRNA	
URS000027080C	LNCBASE	hsa-miR-302c-3p	9606	miRNA	
URS0000272039	LNCBASE	hsa-miR-590-3p	9606	miRNA	
URS0000272A3D	LNCBASE	hsa-miR-29c-3p	9606	miRNA	
URS0000272A3D	LNCBASE	mmu-miR-29c-3p	10090	miRNA	
URS0000272A92	LNCBASE	hsa-miR-134-5p	9606	miRNA	
URS0000272A92	LNCBASE	mmu-miR-134-5p	10090	miRNA	
URS000027352D	LNCBASE	hsa-miR-34b-3p	9606	miRNA	
URS000027464B	LNCBASE	hsa-miR-675-3p	9606	miRNA	
URS0000279B6F	LNCBASE	hsa-miR-2110	9606	miRNA	
URS000027FB0A	LNCBASE	mmu-miR-362-5p	10090	miRNA	
URS0000282A40	LNCBASE	mmu-miR-294-3p	10090	piRNA	
URS000028425A	LNCBASE	hsa-miR-4461	9606	miRNA	
URS0000284586	LNCBASE	hsa-miR-513b-5p	9606	miRNA	
URS00002849B7	LNCBASE	hsa-miR-147a	9606	miRNA	
URS0000285DCB	LNCBASE	hsa-miR-374a-3p	9606	miRNA	
URS000028C188	LNCBASE	hsa-miR-1246	9606	miRNA	
URS000028D142	LNCBASE	hsa-let-7d-3p	9606	miRNA	
URS000028D811	LNCBASE	hsa-miR-7-1-3p	9606	miRNA	
URS00002915C8	LNCBASE	hsa-miR-409-3p	9606	miRNA	
URS00002915C8	LNCBASE	mmu-miR-409-3p	10090	miRNA	
URS0000292363	LNCBASE	hsa-miR-3127-3p	9606	miRNA	
URS00002971AB	LNCBASE	hsa-miR-1226-3p	9606	miRNA	
URS000029979D	LNCBASE	hsa-let-7g-3p	9606	miRNA	
URS0000299AD8	LNCBASE	hsa-miR-3651	9606	miRNA	
URS0000299FE3	LNCBASE	hsa-miR-4738-3p	9606	miRNA	
URS000029AE45	LNCBASE	hsa-miR-664a-3p	9606	miRNA	
URS000029C2DC	LNCBASE	hsa-miR-194-5p	9606	miRNA	
URS000029C2DC	LNCBASE	mmu-miR-194-5p	10090	piRNA	
URS000029D793	LNCBASE	hsa-miR-3065-3p	9606	miRNA	
URS000029D9F1	LNCBASE	hsa-miR-204-5p	9606	miRNA	
URS000029D9F1	LNCBASE	mmu-miR-204-5p	10090	miRNA	
URS000029E173	LNCBASE	hsa-miR-374a-5p	9606	miRNA	
URS00002A037E	LNCBASE	hsa-miR-520d-5p	9606	miRNA	
URS00002A291B	LNCBASE	hsa-miR-31-3p	9606	miRNA	
URS00002A36ED	LNCBASE	hsa-miR-488-5p	9606	miRNA	
URS00002A71AD	LNCBASE	hsa-miR-369-5p	9606	miRNA	
URS00002A71AD	LNCBASE	mmu-miR-369-5p	10090	miRNA	
URS00002A7CF3	LNCBASE	hsa-miR-513c-5p	9606	miRNA	
URS00002A8BC6	LNCBASE	hsa-miR-887-3p	9606	miRNA	
URS00002AA0E2	LNCBASE	mmu-miR-669p-5p	10090	miRNA	
URS00002AB575	LNCBASE	hsa-miR-3611	9606	miRNA	
URS00002AD012	LNCBASE	mmu-miR-483-5p	10090	miRNA	
URS00002AE1D6	LNCBASE	mmu-miR-497a-5p	10090	miRNA	
URS00002B0920	LNCBASE	hsa-miR-4421	9606	miRNA	
URS00002B0B46	LNCBASE	hsa-miR-654-5p	9606	miRNA	
URS00002B2B5C	LNCBASE	hsa-miR-191-3p	9606	miRNA	
URS00002B3783	LNCBASE	hsa-miR-20b-5p	9606	miRNA	
URS00002B3783	LNCBASE	mmu-miR-20b-5p	10090	miRNA	
URS00002B60FB	LNCBASE	hsa-miR-1273g-3p	9606	miRNA	
URS00002B7450	LNCBASE	hsa-miR-671-3p	9606	miRNA	
URS00002B8C45	LNCBASE	hsa-miR-766-5p	9606	miRNA	
URS00002B9AD0	LNCBASE	mmu-miR-31-3p	10090	miRNA	
URS00002BBA1C	LNCBASE	hsa-miR-4435	9606	miRNA	
URS00002BBD4E	LNCBASE	hsa-miR-224-5p	9606	miRNA	
URS00002BCF86	LNCBASE	hsa-miR-424-3p	9606	miRNA	
URS00002C02E4	LNCBASE	hsa-miR-548am-5p	9606	miRNA	
URS00002C02E4	LNCBASE	hsa-miR-548c-5p	9606	miRNA	
URS00002C02E4	LNCBASE	hsa-miR-548o-5p	9606	miRNA	
URS00002C0FCB	LNCBASE	hsa-miR-130b-3p	9606	miRNA	
URS00002C0FCB	LNCBASE	mmu-miR-130b-3p	10090	miRNA	
URS00002C10B3	LNCBASE	hsa-miR-99b-5p	9606	miRNA	
URS00002C10B3	LNCBASE	mmu-miR-99b-5p	10090	miRNA	
URS00002C11C3	LNCBASE	hsa-miR-214-3p	9606	miRNA	
URS00002C11C3	LNCBASE	mmu-miR-214-3p	10090	miRNA	
URS00002C28B2	LNCBASE	hsa-miR-1185-5p	9606	miRNA	
URS00002C4233	LNCBASE	hsa-miR-3180-3p	9606	miRNA	
URS00002C6949	LNCBASE	hsa-miR-222-3p	9606	miRNA	
URS00002C6949	LNCBASE	mmu-miR-222-3p	10090	miRNA	
URS00002C7B2B	LNCBASE	hsa-miR-34c-5p	9606	miRNA	
URS00002C7B2B	LNCBASE	mmu-miR-34c-5p	10090	miRNA	
URS00002C7C59	LNCBASE	hsa-miR-34c-3p	9606	miRNA	
URS00002C83DA	LNCBASE	hsa-miR-3138	9606	miRNA	
URS00002CA53E	LNCBASE	hsa-miR-3130-3p	9606	miRNA	
URS00002CBC6D	LNCBASE	hsa-miR-4787-3p	9606	miRNA	
URS00002CCA6E	LNCBASE	hsa-miR-3661	9606	miRNA	
URS00002D0FC3	LNCBASE	hsa-miR-24-1-5p	9606	miRNA	
URS00002D7227	LNCBASE	mmu-miR-291a-5p	10090	miRNA	
URS00002D8367	LNCBASE	mmu-miR-429-3p	10090	miRNA	
URS00002D98BC	LNCBASE	mmu-miR-7b-5p	10090	miRNA	
URS00002DA33E	LNCBASE	mmu-miR-302a-5p	10090	miRNA	
URS00002DABEA	LNCBASE	hsa-miR-125b-1-3p	9606	miRNA	
URS00002DABEA	LNCBASE	mmu-miR-125b-1-3p	10090	miRNA	
URS00002DD349	LNCBASE	hsa-miR-23c	9606	miRNA	
URS00002DFEB9	LNCBASE	mmu-miR-295-3p	10090	miRNA	
URS00002E0524	LNCBASE	hsa-miR-1270	9606	miRNA	
URS00002E1509	LNCBASE	hsa-miR-545-3p	9606	miRNA	
URS00002E177F	LNCBASE	hsa-miR-509-3p	9606	miRNA	
URS00002E857A	LNCBASE	hsa-miR-451a	9606	miRNA	
URS00002E8D60	LNCBASE	hsa-miR-876-3p	9606	miRNA	
URS00002E92A8	LNCBASE	hsa-miR-144-5p	9606	miRNA	
URS00002E99CB	LNCBASE	hsa-miR-551a	9606	miRNA	
URS00002ECEE4	LNCBASE	hsa-miR-1468-5p	9606	miRNA	
URS00002ED2C9	LNCBASE	hsa-miR-3944-5p	9606	miRNA	
URS00002ED61F	LNCBASE	hsa-miR-744-5p	9606	miRNA	
URS00002ED61F	LNCBASE	mmu-miR-744-5p	10090	piRNA	
URS00002EEDBE	LNCBASE	mmu-miR-762	10090	miRNA	
URS00002F3336	LNCBASE	hsa-miR-629-5p	9606	miRNA	
URS00002F40E9	LNCBASE	hsa-miR-654-3p	9606	miRNA	
URS00002F4762	LNCBASE	hsa-miR-10a-3p	9606	miRNA	
URS00002F4D78	LNCBASE	hsa-miR-29a-3p	9606	miRNA	
URS00002F4D78	LNCBASE	mmu-miR-29a-3p	10090	miRNA	
URS00002F74F1	LNCBASE	hsa-miR-1299	9606	miRNA	
URS00002F7DA3	LNCBASE	mmu-miR-467g	10090	miRNA	
URS00002F8148	LNCBASE	hsa-let-7f-1-3p	9606	miRNA	
URS00002F8148	LNCBASE	mmu-let-7f-1-3p	10090	miRNA	
URS00002F98D4	LNCBASE	mmu-miR-345-3p	10090	miRNA	
URS00002FB368	LNCBASE	hsa-miR-671-5p	9606	miRNA	
URS00002FB368	LNCBASE	mmu-miR-671-5p	10090	miRNA	
URS00002FC5B0	LNCBASE	hsa-miR-32-3p	9606	miRNA	
URS00002FCA7A	LNCBASE	mmu-miR-292a-3p	10090	miRNA	
URS00002FCE92	LNCBASE	mmu-miR-511-3p	10090	miRNA	
URS00003003B4	LNCBASE	hsa-miR-4659a-3p	9606	miRNA	
URS000030640D	LNCBASE	mmu-miR-466k	10090	miRNA	
URS0000306C70	LNCBASE	hsa-miR-337-5p	9606	miRNA	
URS0000307592	LNCBASE	hsa-miR-3677-5p	9606	miRNA	
URS0000307DF8	LNCBASE	mmu-miR-664-5p	10090	miRNA	
URS000030913C	LNCBASE	mmu-miR-133a-5p	10090	miRNA	
URS000030A921	LNCBASE	mmu-miR-125b-2-3p	10090	miRNA	
URS000030B5E2	LNCBASE	hsa-miR-4328	9606	miRNA	
URS000030BD69	LNCBASE	hsa-miR-34a-5p	9606	miRNA	
URS000030BD69	LNCBASE	mmu-miR-34a-5p	10090	miRNA	
URS000030C9DE	LNCBASE	hsa-miR-652-5p	9606	miRNA	
URS0000310E32	LNCBASE	mmu-miR-380-5p	10090	miRNA	
URS000031362A	LNCBASE	hsa-miR-3199	9606	miRNA	
URS00003138EF	LNCBASE	mmu-miR-211-5p	10090	miRNA	
URS0000315338	LNCBASE	hsa-miR-130a-3p	9606	miRNA	
URS0000315338	LNCBASE	mmu-miR-130a-3p	10090	miRNA	
URS0000315B13	LNCBASE	hsa-miR-215-5p	9606	miRNA	
URS000031602A	LNCBASE	hsa-miR-454-5p	9606	miRNA	
URS0000316FA5	LNCBASE	hsa-miR-26b-5p	9606	miRNA	
URS0000316FA5	LNCBASE	mmu-miR-26b-5p	10090	miRNA	
URS000031B6ED	LNCBASE	hsa-miR-365a-5p	9606	miRNA	
URS000031BC7D	LNCBASE	hsa-miR-624-5p	9606	miRNA	
URS000031E6A1	LNCBASE	hsa-miR-361-3p	9606	miRNA	
URS0000324096	LNCBASE	hsa-let-7b-5p	9606	miRNA	
URS0000324096	LNCBASE	mmu-let-7b-5p	10090	miRNA	
URS000032555E	LNCBASE	mmu-miR-501-3p	10090	miRNA	
URS000032599B	LNCBASE	hsa-miR-492	9606	miRNA	
URS0000325AF9	LNCBASE	hsa-miR-4804-5p	9606	miRNA	
URS0000328C0D	LNCBASE	hsa-miR-378b	9606	miRNA	
URS0000329B12	LNCBASE	mmu-miR-92a-3p	10090	piRNA	
URS000032A4F7	LNCBASE	hsa-miR-130b-5p	9606	miRNA	
URS000032A93F	LNCBASE	hsa-miR-376a-5p	9606	miRNA	
URS000032BD73	LNCBASE	hsa-miR-133b	9606	miRNA	
URS000032BD73	LNCBASE	mmu-miR-133b-3p	10090	miRNA	
URS000032D18A	LNCBASE	mmu-miR-5620-3p	10090	miRNA	
URS000032EF64	LNCBASE	hsa-miR-4458	9606	miRNA	
URS000032FC1A	LNCBASE	hsa-miR-1303	9606	miRNA	
URS0000330617	LNCBASE	hsa-miR-27b-5p	9606	miRNA	
URS0000330617	LNCBASE	mmu-miR-27b-5p	10090	miRNA	
URS000033285F	LNCBASE	mmu-miR-878-5p	10090	piRNA	
URS00003345F0	LNCBASE	mmu-miR-342-5p	10090	piRNA	
URS00003380C1	LNCBASE	hsa-miR-330-5p	9606	miRNA	
URS00003380C1	LNCBASE	mmu-miR-330-5p	10090	miRNA	
URS00003380CC	LNCBASE	hsa-miR-122-5p	9606	miRNA	
URS00003380CC	LNCBASE	mmu-miR-122-5p	10090	miRNA	
URS0000338542	LNCBASE	hsa-miR-155-5p	9606	miRNA	
URS0000338A04	LNCBASE	mmu-miR-466i-5p	10090	miRNA	
URS000033B91D	LNCBASE	hsa-miR-1268b	9606	miRNA	
URS000033C95A	LNCBASE	mmu-miR-455-3p	10090	miRNA	
URS000033CC69	LNCBASE	hsa-miR-556-5p	9606	miRNA	
URS000033EBB8	LNCBASE	hsa-miR-935	9606	miRNA	
URS000033F45D	LNCBASE	hsa-miR-374b-5p	9606	miRNA	
URS0000345DEB	LNCBASE	hsa-miR-183-3p	9606	miRNA	
URS0000345DEB	LNCBASE	mmu-miR-183-3p	10090	miRNA	
URS0000346991	LNCBASE	hsa-miR-302b-3p	9606	miRNA	
URS0000346991	LNCBASE	mmu-miR-302b-3p	10090	miRNA	
URS0000346F1C	LNCBASE	hsa-miR-200c-5p	9606	miRNA	
URS00003496BE	LNCBASE	hsa-miR-9-3p	9606	miRNA	
URS000034979B	LNCBASE	mmu-miR-208b-3p	10090	miRNA	
URS000034B6F5	LNCBASE	mmu-miR-206-3p	10090	miRNA	
URS000034CD58	LNCBASE	mmu-miR-293-5p	10090	miRNA	
URS000034DDB3	LNCBASE	mmu-miR-329-3p	10090	miRNA	
URS000034E58D	LNCBASE	hsa-miR-4521	9606	miRNA	
URS0000353492	LNCBASE	hsa-miR-4286	9606	miRNA	
URS0000355E82	LNCBASE	hsa-miR-665	9606	miRNA	
URS0000357286	LNCBASE	hsa-miR-513a-5p	9606	miRNA	
URS000035AC91	LNCBASE	hsa-miR-4425	9606	miRNA	
URS000035BB59	LNCBASE	mmu-miR-122-3p	10090	miRNA	
URS000035CC3E	LNCBASE	hsa-miR-18a-5p	9606	miRNA	
URS000035CC3E	LNCBASE	mmu-miR-18a-5p	10090	miRNA	
URS000035E174	LNCBASE	hsa-miR-382-5p	9606	miRNA	
URS000035E174	LNCBASE	mmu-miR-382-5p	10090	miRNA	
URS000035E9A9	LNCBASE	hsa-miR-576-5p	9606	miRNA	
URS00003602F7	LNCBASE	mmu-miR-466h-5p	10090	miRNA	
URS0000365CE3	LNCBASE	mmu-miR-143-5p	10090	piRNA	
URS0000366551	LNCBASE	hsa-miR-2682-5p	9606	miRNA	
URS00003676C9	LNCBASE	hsa-miR-518b	9606	miRNA	
URS00003677B2	LNCBASE	hsa-miR-3177-3p	9606	miRNA	
URS0000367985	LNCBASE	hsa-miR-193a-5p	9606	miRNA	
URS000036B845	LNCBASE	hsa-miR-5187-5p	9606	miRNA	
URS000036BEF1	LNCBASE	hsa-miR-377-5p	9606	miRNA	
URS00003713CD	LNCBASE	mmu-miR-221-5p	10090	miRNA	
URS0000372130	LNCBASE	hsa-miR-4677-3p	9606	miRNA	
URS00003758F0	LNCBASE	hsa-miR-449b-5p	9606	miRNA	
URS0000375E2F	LNCBASE	mmu-miR-378b	10090	miRNA	
URS00003768C5	LNCBASE	hsa-miR-92a-3p	9606	miRNA	
URS00003776C9	LNCBASE	hsa-miR-338-5p	9606	miRNA	
URS0000377E71	LNCBASE	hsa-miR-486-3p	9606	miRNA	
URS000037B2E0	LNCBASE	hsa-miR-548ak	9606	miRNA	
URS000037C5A8	LNCBASE	hsa-miR-144-3p	9606	miRNA	
URS000037C5A8	LNCBASE	mmu-miR-144-3p	10090	miRNA	
URS000037D7E5	LNCBASE	hsa-miR-519c-3p	9606	miRNA	
URS000037DAEA	LNCBASE	hsa-miR-411-3p	9606	miRNA	
URS000037E0D9	LNCBASE	mmu-miR-34b-5p	10090	miRNA	
URS000038037E	LNCBASE	hsa-miR-548a-3p	9606	miRNA	
URS00003804D8	LNCBASE	hsa-miR-2355-3p	9606	miRNA	
URS00003808EC	LNCBASE	hsa-miR-3662	9606	miRNA	
URS0000381B86	LNCBASE	hsa-miR-3200-3p	9606	miRNA	
URS0000383DF4	LNCBASE	hsa-miR-3150b-3p	9606	miRNA	
URS0000383E7F	LNCBASE	hsa-miR-133a-5p	9606	miRNA	
URS0000384021	LNCBASE	hsa-miR-106b-3p	9606	miRNA	
URS0000384021	LNCBASE	mmu-miR-106b-3p	10090	piRNA	
URS000038446A	LNCBASE	hsa-miR-4485-3p	9606	miRNA	
URS000038718E	LNCBASE	hsa-miR-548k	9606	miRNA	
URS0000388339	LNCBASE	mmu-miR-350-5p	10090	miRNA	
URS00003883FE	LNCBASE	hsa-miR-519b-3p	9606	miRNA	
URS000038A4CD	LNCBASE	mmu-miR-362-3p	10090	miRNA	
URS000038B25B	LNCBASE	hsa-miR-526b-3p	9606	miRNA	
URS000038B599	LNCBASE	hsa-miR-363-3p	9606	miRNA	
URS000038B599	LNCBASE	mmu-miR-363-3p	10090	miRNA	
URS00003904E8	LNCBASE	mmu-miR-467h	10090	miRNA	
URS000039607D	LNCBASE	hsa-miR-539-3p	9606	miRNA	
URS0000396DA9	LNCBASE	mmu-miR-669e-5p	10090	piRNA	
URS0000399545	LNCBASE	hsa-miR-1285-3p	9606	miRNA	
URS000039A052	LNCBASE	hsa-miR-500a-5p	9606	miRNA	
URS000039A25B	LNCBASE	hsa-miR-548b-3p	9606	miRNA	
URS000039BFD2	LNCBASE	hsa-miR-1915-3p	9606	miRNA	
URS000039D790	LNCBASE	hsa-miR-641	9606	miRNA	
URS000039ED8D	LNCBASE	hsa-miR-21-5p	9606	miRNA	
URS000039ED8D	LNCBASE	mmu-miR-21a-5p	10090	miRNA	
URS000039FBF7	LNCBASE	hsa-miR-548d-3p	9606	miRNA	
URS00003A19A3	LNCBASE	hsa-miR-362-3p	9606	miRNA	
URS00003A8BB2	LNCBASE	hsa-miR-548w	9606	miRNA	
URS00003AA409	LNCBASE	hsa-miR-124-5p	9606	miRNA	
URS00003AB8AC	LNCBASE	mmu-miR-382-3p	10090	miRNA	
URS00003ACE11	LNCBASE	hsa-miR-3934-5p	9606	miRNA	
URS00003AF4CD	LNCBASE	hsa-miR-3179	9606	miRNA	
URS00003AFD9B	LNCBASE	hsa-miR-152-3p	9606	miRNA	
URS00003AFD9B	LNCBASE	mmu-miR-152-3p	10090	miRNA	
URS00003B027C	LNCBASE	mmu-miR-3473b	10090	miRNA	
URS00003B1C00	LNCBASE	mmu-miR-207	10090	miRNA	
URS00003B1F5C	LNCBASE	hsa-miR-299-3p	9606	miRNA	
URS00003B6B84	LNCBASE	hsa-miR-320e	9606	miRNA	
URS00003B7674	LNCBASE	hsa-let-7f-5p	9606	miRNA	
URS00003B7674	LNCBASE	mmu-let-7f-5p	10090	miRNA	
URS00003B95DA	LNCBASE	hsa-miR-27a-3p	9606	misc_RNA	
URS00003B95DA	LNCBASE	mmu-miR-27a-3p	10090	piRNA	
URS00003BBF48	LNCBASE	hsa-miR-148a-3p	9606	miRNA	
URS00003BBF48	LNCBASE	mmu-miR-148a-3p	10090	piRNA	
URS00003C0807	LNCBASE	mmu-miR-679-3p	10090	miRNA	
URS00003C11EC	LNCBASE	hsa-miR-503-3p	9606	miRNA	
URS00003CA515	LNCBASE	hsa-miR-2277-3p	9606	miRNA	
URS00003CC245	LNCBASE	hsa-miR-422a	9606	miRNA	
URS00003CC709	LNCBASE	hsa-miR-1255a	9606	miRNA	
URS00003CCAB4	LNCBASE	hsa-miR-323a-3p	9606	miRNA	
URS00003CCAB4	LNCBASE	mmu-miR-323-3p	10090	miRNA	
URS00003CD647	LNCBASE	mmu-miR-3473d	10090	miRNA	
URS00003CF1AD	LNCBASE	hsa-miR-320a	9606	miRNA	
URS00003CF1AD	LNCBASE	mmu-miR-320-3p	10090	piRNA	
URS00003CF845	LNCBASE	hsa-miR-1273d	9606	miRNA	
URS00003D1AE3	LNCBASE	hsa-miR-15a-5p	9606	miRNA	
URS00003D1AE3	LNCBASE	mmu-miR-15a-5p	10090	miRNA	
URS00003D2394	LNCBASE	hsa-miR-3607-3p	9606	miRNA	
URS00003D4175	LNCBASE	hsa-miR-3614-5p	9606	miRNA	
URS00003D5044	LNCBASE	mmu-miR-182-5p	10090	miRNA	
URS00003D5391	LNCBASE	hsa-miR-615-3p	9606	miRNA	
URS00003D8C31	LNCBASE	mmu-miR-467b-3p	10090	piRNA	
URS00003DA300	LNCBASE	hsa-miR-181a-5p	9606	miRNA	
URS00003DA300	LNCBASE	mmu-miR-181a-5p	10090	miRNA	
URS00003DDE27	LNCBASE	hsa-miR-331-3p	9606	miRNA	
URS00003DE2C6	LNCBASE	mmu-miR-3065-5p	10090	miRNA	
URS00003E16D3	LNCBASE	hsa-miR-548h-5p	9606	miRNA	
URS00003E16E5	LNCBASE	hsa-miR-148a-5p	9606	miRNA	
URS00003E16E5	LNCBASE	mmu-miR-148a-5p	10090	miRNA	
URS00003E2232	LNCBASE	hsa-miR-365b-5p	9606	miRNA	
URS00003E24B2	LNCBASE	hsa-miR-202-3p	9606	miRNA	
URS00003E3515	LNCBASE	mmu-miR-872-3p	10090	miRNA	
URS00003E3B82	LNCBASE	hsa-miR-33a-3p	9606	miRNA	
URS00003E3B82	LNCBASE	mmu-miR-33-3p	10090	miRNA	
URS00003E47B1	LNCBASE	hsa-miR-28-5p	9606	miRNA	
URS00003E59B7	LNCBASE	hsa-miR-539-5p	9606	miRNA	
URS00003E59B7	LNCBASE	mmu-miR-539-5p	10090	piRNA	
URS00003E5ECC	LNCBASE	hsa-miR-450a-5p	9606	miRNA	
URS00003E5ECC	LNCBASE	mmu-miR-450a-5p	10090	piRNA	
URS00003E6479	LNCBASE	hsa-miR-151b	9606	miRNA	
URS00003E6EFA	LNCBASE	hsa-miR-5585-3p	9606	miRNA	
URS00003E7283	LNCBASE	hsa-miR-365a-3p	9606	miRNA	
URS00003E7283	LNCBASE	hsa-miR-365b-3p	9606	miRNA	
URS00003E93AB	LNCBASE	hsa-miR-143-5p	9606	miRNA	
URS00003EB443	LNCBASE	hsa-miR-4707-5p	9606	miRNA	
URS00003F0950	LNCBASE	mmu-miR-363-5p	10090	miRNA	
URS00003F2D94	LNCBASE	hsa-miR-199a-3p	9606	miRNA	
URS00003F2D94	LNCBASE	hsa-miR-199b-3p	9606	miRNA	
URS00003F2D94	LNCBASE	mmu-miR-199a-3p	10090	miRNA	
URS00003F2D94	LNCBASE	mmu-miR-199b-3p	10090	miRNA	
URS00003F4546	LNCBASE	hsa-miR-885-3p	9606	miRNA	
URS00003F659E	LNCBASE	hsa-miR-500a-3p	9606	miRNA	
URS00003F8C34	LNCBASE	mmu-miR-501-5p	10090	miRNA	
URS00003F97C5	LNCBASE	mmu-miR-1981-5p	10090	miRNA	
URS00003FA24D	LNCBASE	hsa-miR-4517	9606	miRNA	
URS00003FB16B	LNCBASE	hsa-miR-3065-5p	9606	miRNA	
URS00003FE4D4	LNCBASE	hsa-miR-106a-5p	9606	miRNA	
URS00003FFA6C	LNCBASE	hsa-miR-550a-5p	9606	miRNA	
URS00004023EA	LNCBASE	hsa-let-7i-5p	9606	miRNA	
URS00004023EA	LNCBASE	mmu-let-7i-5p	10090	piRNA	
URS0000403C02	LNCBASE	hsa-miR-29b-2-5p	9606	miRNA	
URS00004060DD	LNCBASE	hsa-miR-3145-3p	9606	miRNA	
URS00004065BA	LNCBASE	hsa-miR-629-3p	9606	miRNA	
URS000040780F	LNCBASE	hsa-miR-138-5p	9606	miRNA	
URS0000407E35	LNCBASE	mmu-miR-376a-5p	10090	piRNA	
URS000040828B	LNCBASE	hsa-miR-561-5p	9606	miRNA	
URS0000409B45	LNCBASE	hsa-let-7e-3p	9606	miRNA	
URS000040A87D	LNCBASE	hsa-miR-130a-5p	9606	miRNA	
URS000040C1ED	LNCBASE	mmu-miR-322-5p	10090	piRNA	
URS000040D577	LNCBASE	hsa-miR-3158-3p	9606	miRNA	
URS000040D674	LNCBASE	hsa-miR-100-5p	9606	miRNA	
URS000040D674	LNCBASE	mmu-miR-100-5p	10090	miRNA	
URS000040DCFF	LNCBASE	hsa-miR-186-5p	9606	miRNA	
URS000040DCFF	LNCBASE	mmu-miR-186-5p	10090	miRNA	
URS000040E14E	LNCBASE	mmu-miR-679-5p	10090	miRNA	
URS000040EC3B	LNCBASE	hsa-miR-1305	9606	miRNA	
URS000040FA88	LNCBASE	hsa-miR-627-5p	9606	miRNA	
URS00004131FE	LNCBASE	hsa-miR-18a-3p	9606	miRNA	
URS0000416056	LNCBASE	hsa-let-7a-5p	9606	miRNA	
URS0000416056	LNCBASE	mmu-let-7a-5p	10090	miRNA	
URS0000417307	LNCBASE	mmu-miR-676-5p	10090	piRNA	
URS00004176D4	LNCBASE	hsa-miR-185-5p	9606	miRNA	
URS00004176D4	LNCBASE	mmu-miR-185-5p	10090	miRNA	
URS0000419B5A	LNCBASE	hsa-miR-4488	9606	miRNA	
URS000041DFB1	LNCBASE	mmu-miR-324-3p	10090	miRNA	
URS000041E11D	LNCBASE	hsa-miR-376a-3p	9606	miRNA	
URS000041E210	LNCBASE	hsa-miR-217	9606	miRNA	
URS000041E780	LNCBASE	hsa-miR-1306-3p	9606	miRNA	
URS000041E949	LNCBASE	hsa-miR-302d-3p	9606	miRNA	
URS000041E949	LNCBASE	mmu-miR-302d-3p	10090	miRNA	
URS000041F764	LNCBASE	mmu-miR-503-5p	10090	piRNA	
URS000041FA2C	LNCBASE	hsa-miR-940	9606	miRNA	
URS0000420457	LNCBASE	hsa-miR-3687	9606	miRNA	
URS00004208C5	LNCBASE	hsa-miR-9-5p	9606	miRNA	
URS00004214BB	LNCBASE	hsa-miR-589-5p	9606	miRNA	
URS0000422A99	LNCBASE	hsa-miR-450b-5p	9606	miRNA	
URS0000423E7F	LNCBASE	mmu-miR-193b-3p	10090	miRNA	
URS0000424278	LNCBASE	hsa-miR-147b	9606	miRNA	
URS0000425000	LNCBASE	hsa-miR-933	9606	miRNA	
URS000042619A	LNCBASE	hsa-miR-1276	9606	miRNA	
URS0000427B68	LNCBASE	hsa-miR-1277-5p	9606	miRNA	
URS00004283FE	LNCBASE	hsa-miR-548ar-3p	9606	miRNA	
URS000042A173	LNCBASE	hsa-miR-3913-5p	9606	miRNA	
URS000042C6A6	LNCBASE	hsa-miR-149-3p	9606	miRNA	
URS0000432971	LNCBASE	hsa-miR-34b-5p	9606	miRNA	
URS0000435A77	LNCBASE	hsa-miR-1224-5p	9606	miRNA	
URS000043908D	LNCBASE	mmu-miR-431-5p	10090	miRNA	
URS00004390F6	LNCBASE	hsa-miR-324-3p	9606	miRNA	
URS000043D1A9	LNCBASE	hsa-miR-30a-5p	9606	miRNA	
URS000043D1A9	LNCBASE	mmu-miR-30a-5p	10090	miRNA	
URS000043D2C1	LNCBASE	hsa-miR-548x-3p	9606	miRNA	
URS000043F369	LNCBASE	hsa-miR-1290	9606	miRNA	
URS00004407DC	LNCBASE	hsa-miR-676-3p	9606	miRNA	
URS0000442977	LNCBASE	hsa-miR-1302	9606	miRNA	
URS0000442B0D	LNCBASE	hsa-miR-369-3p	9606	miRNA	
URS00004449AE	LNCBASE	hsa-miR-106b-5p	9606	miRNA	
URS00004449AE	LNCBASE	mmu-miR-106b-5p	10090	piRNA	
URS0000446722	LNCBASE	hsa-miR-205-5p	9606	miRNA	
URS0000446722	LNCBASE	mmu-miR-205-5p	10090	miRNA	
URS0000447C65	LNCBASE	mmu-miR-1960	10090	miRNA	
URS000044878A	LNCBASE	hsa-miR-1277-3p	9606	miRNA	
URS000044D459	LNCBASE	hsa-miR-4802-5p	9606	miRNA	
URS00004505E4	LNCBASE	hsa-miR-421	9606	miRNA	
URS00004505E4	LNCBASE	mmu-miR-421-3p	10090	miRNA	
URS0000450F92	LNCBASE	hsa-miR-618	9606	miRNA	
URS000045147B	LNCBASE	hsa-miR-767-5p	9606	miRNA	
URS0000451A59	LNCBASE	hsa-miR-92a-2-5p	9606	miRNA	
URS0000452C23	LNCBASE	mmu-miR-467d-5p	10090	miRNA	
URS0000453664	LNCBASE	hsa-miR-642b-3p	9606	miRNA	
URS00004556E5	LNCBASE	hsa-miR-490-5p	9606	miRNA	
URS00004565E5	LNCBASE	hsa-miR-18b-5p	9606	miRNA	
URS0000456F20	LNCBASE	mmu-miR-1198-5p	10090	miRNA	
URS0000457382	LNCBASE	mmu-miR-670-5p	10090	piRNA	
URS000045A9D7	LNCBASE	hsa-miR-15b-3p	9606	miRNA	
URS000045C922	LNCBASE	mmu-miR-92b-5p	10090	piRNA	
URS0000461D80	LNCBASE	hsa-miR-4803	9606	miRNA	
URS00004625BD	LNCBASE	mmu-miR-222-5p	10090	miRNA	
URS00004636A3	LNCBASE	hsa-miR-17-3p	9606	miRNA	
URS0000465F56	LNCBASE	hsa-miR-509-3-5p	9606	miRNA	
URS00004670D7	LNCBASE	mmu-miR-5128	10090	piRNA	
URS000046A7E1	LNCBASE	mmu-miR-3066-5p	10090	miRNA	
URS0000470305	LNCBASE	hsa-miR-876-5p	9606	miRNA	
URS000047047A	LNCBASE	hsa-miR-1254	9606	miRNA	
URS0000471B2D	LNCBASE	mmu-miR-467c-5p	10090	miRNA	
URS000047334C	LNCBASE	mmu-miR-703	10090	miRNA	
URS0000475E09	LNCBASE	hsa-miR-625-3p	9606	miRNA	
URS0000476BE1	LNCBASE	hsa-miR-103a-3p	9606	miRNA	
URS0000476BE1	LNCBASE	mmu-miR-103-3p	10090	miRNA	
URS0000476C64	LNCBASE	hsa-miR-195-3p	9606	miRNA	
URS0000478976	LNCBASE	mmu-miR-582-3p	10090	miRNA	
URS0000478EB1	LNCBASE	mmu-miR-669k-3p	10090	miRNA	
URS000047A67D	LNCBASE	hsa-miR-548s	9606	miRNA	
URS000047E28E	LNCBASE	hsa-miR-1291	9606	miRNA	
URS000047E765	LNCBASE	mmu-miR-410-3p	10090	miRNA	
URS000047FD4C	LNCBASE	hsa-miR-187-5p	9606	miRNA	
URS0000480E22	LNCBASE	hsa-miR-378i	9606	miRNA	
URS0000482389	LNCBASE	hsa-miR-5009-5p	9606	miRNA	
URS0000483184	LNCBASE	hsa-miR-33a-5p	9606	miRNA	
URS0000483184	LNCBASE	mmu-miR-33-5p	10090	miRNA	
URS00004845C2	LNCBASE	mmu-miR-669h-5p	10090	miRNA	
URS00004846F3	LNCBASE	mmu-miR-3470b	10090	miRNA	
URS0000484751	LNCBASE	hsa-miR-1185-2-3p	9606	miRNA	
URS000048521E	LNCBASE	hsa-miR-340-3p	9606	miRNA	
URS0000485CBB	LNCBASE	hsa-miR-223-5p	9606	miRNA	
URS0000488C83	LNCBASE	hsa-miR-135b-3p	9606	miRNA	
URS0000488C83	LNCBASE	mmu-miR-135b-3p	10090	miRNA	
URS000048B5E9	LNCBASE	hsa-miR-1179	9606	miRNA	
URS000048BA36	LNCBASE	hsa-miR-425-5p	9606	miRNA	
URS000048D44E	LNCBASE	hsa-miR-3194-3p	9606	miRNA	
URS000048E0EE	LNCBASE	mmu-miR-493-3p	10090	miRNA	
URS000048F59D	LNCBASE	hsa-miR-129-2-3p	9606	miRNA	
URS00004900F1	LNCBASE	mmu-miR-370-3p	10090	miRNA	
URS00004929F1	LNCBASE	hsa-miR-663a	9606	miRNA	
URS0000492EAB	LNCBASE	mmu-miR-293-3p	10090	miRNA	
URS0000495F5B	LNCBASE	hsa-miR-105-5p	9606	miRNA	
URS0000496C56	LNCBASE	hsa-miR-548ab	9606	miRNA	
URS0000496F65	LNCBASE	mmu-miR-665-3p	10090	miRNA	
URS000049704B	LNCBASE	hsa-miR-3188	9606	miRNA	
URS0000497496	LNCBASE	hsa-miR-29c-5p	9606	miRNA	
URS00004977C5	LNCBASE	hsa-miR-3117-5p	9606	miRNA	
URS00004996E9	LNCBASE	hsa-miR-873-5p	9606	miRNA	
URS000049A7EB	LNCBASE	hsa-miR-520c-3p	9606	miRNA	
URS000049B55E	LNCBASE	mmu-miR-677-5p	10090	miRNA	
URS000049EEDF	LNCBASE	hsa-miR-708-3p	9606	miRNA	
URS000049EEDF	LNCBASE	mmu-miR-708-3p	10090	piRNA	
URS000049FAE8	LNCBASE	hsa-miR-651-5p	9606	miRNA	
URS00004A5A07	LNCBASE	hsa-miR-505-3p	9606	miRNA	
URS00004AAAFF	LNCBASE	hsa-miR-3176	9606	miRNA	
URS00004AB1CD	LNCBASE	mmu-miR-465a-3p	10090	miRNA	
URS00004AB1CD	LNCBASE	mmu-miR-465b-3p	10090	miRNA	
URS00004AB1CD	LNCBASE	mmu-miR-465c-3p	10090	miRNA	
URS00004AC389	LNCBASE	hsa-miR-10b-3p	9606	miRNA	
URS00004AD914	LNCBASE	hsa-miR-15b-5p	9606	miRNA	
URS00004AD914	LNCBASE	mmu-miR-15b-5p	10090	miRNA	
URS00004AE8D3	LNCBASE	hsa-miR-506-3p	9606	miRNA	
URS00004AFF8D	LNCBASE	hsa-let-7g-5p	9606	miRNA	
URS00004AFF8D	LNCBASE	mmu-let-7g-5p	10090	miRNA	
URS00004B1671	LNCBASE	hsa-miR-1307-3p	9606	miRNA	
URS00004B2A47	LNCBASE	hsa-miR-30d-3p	9606	miRNA	
URS00004B2A47	LNCBASE	mmu-miR-30d-3p	10090	miRNA	
URS00004B4B85	LNCBASE	hsa-miR-532-3p	9606	miRNA	
URS00004B4B85	LNCBASE	mmu-miR-532-3p	10090	miRNA	
URS00004B6231	LNCBASE	hsa-miR-4523	9606	miRNA	
URS00004B83FE	LNCBASE	hsa-miR-628-5p	9606	miRNA	
URS00004BAA8A	LNCBASE	hsa-miR-378a-5p	9606	miRNA	
URS00004BCD9C	LNCBASE	hsa-miR-16-5p	9606	miRNA	
URS00004BCD9C	LNCBASE	mmu-miR-16-5p	10090	miRNA	
URS00004BCE9B	LNCBASE	hsa-miR-513a-3p	9606	miRNA	
URS00004BF1DC	LNCBASE	hsa-miR-486-5p	9606	miRNA	
URS00004BF1DC	LNCBASE	mmu-miR-486a-5p	10090	miRNA	
URS00004BF1DC	LNCBASE	mmu-miR-486b-5p	10090	miRNA	
URS00004BF607	LNCBASE	mmu-miR-871-3p	10090	miRNA	
URS00004BFE41	LNCBASE	mmu-miR-485-3p	10090	miRNA	
URS00004C1D89	LNCBASE	hsa-miR-548i	9606	miRNA	
URS00004C21E4	LNCBASE	hsa-miR-526b-5p	9606	miRNA	
URS00004C4520	LNCBASE	hsa-miR-545-5p	9606	miRNA	
URS00004C47FB	LNCBASE	hsa-miR-32-5p	9606	miRNA	
URS00004C47FB	LNCBASE	mmu-miR-32-5p	10090	miRNA	
URS00004C5774	LNCBASE	hsa-miR-1287-5p	9606	miRNA	
URS00004C5EF1	LNCBASE	hsa-miR-3157-3p	9606	miRNA	
URS00004C7BC0	LNCBASE	mmu-miR-345-5p	10090	piRNA	
URS00004C89D9	LNCBASE	mmu-miR-92a-1-5p	10090	miRNA	
URS00004C8DD5	LNCBASE	hsa-miR-33b-5p	9606	miRNA	
URS00004C9052	LNCBASE	mmu-miR-133a-3p	10090	miRNA	
URS00004CBBFA	LNCBASE	mmu-miR-330-3p	10090	miRNA	
URS00004CCA62	LNCBASE	hsa-miR-498	9606	miRNA	
URS00004CCDA3	LNCBASE	hsa-miR-129-1-3p	9606	miRNA	
URS00004CD810	LNCBASE	hsa-miR-577	9606	miRNA	
URS00004D11A8	LNCBASE	mmu-miR-467a-5p	10090	miRNA	
URS00004D302A	LNCBASE	mmu-miR-101a-5p	10090	miRNA	
URS00004D8280	LNCBASE	hsa-miR-615-5p	9606	miRNA	
URS00004D9660	LNCBASE	mmu-miR-466n-3p	10090	miRNA	
URS00004DA9DB	LNCBASE	hsa-miR-203a-3p	9606	miRNA	
URS00004DA9DB	LNCBASE	mmu-miR-203-3p	10090	miRNA	
URS00004DAA89	LNCBASE	hsa-miR-214-5p	9606	miRNA	
URS00004DAA89	LNCBASE	mmu-miR-214-5p	10090	piRNA	
URS00004DC583	LNCBASE	hsa-miR-610	9606	miRNA	
URS00004DC6A5	LNCBASE	hsa-miR-30e-3p	9606	miRNA	
URS00004DC6A5	LNCBASE	mmu-miR-30e-3p	10090	miRNA	
URS00004DEA91	LNCBASE	hsa-miR-4518	9606	miRNA	
URS00004DECC9	LNCBASE	mmu-miR-199b-5p	10090	miRNA	
URS00004E008F	LNCBASE	hsa-miR-769-5p	9606	miRNA	
URS00004E02F2	LNCBASE	hsa-miR-4525	9606	miRNA	
URS00004E0808	LNCBASE	hsa-miR-98-5p	9606	miRNA	
URS00004E0808	LNCBASE	mmu-miR-98-5p	10090	miRNA	
URS00004E1410	LNCBASE	hsa-miR-129-5p	9606	miRNA	
URS00004E1410	LNCBASE	mmu-miR-129-5p	10090	miRNA	
URS00004E5112	LNCBASE	hsa-miR-675-5p	9606	miRNA	
URS00004E6C7F	LNCBASE	hsa-miR-624-3p	9606	miRNA	
URS00004E78D3	LNCBASE	hsa-miR-4508	9606	miRNA	
URS00004E8341	LNCBASE	hsa-miR-532-5p	9606	miRNA	
URS00004E8341	LNCBASE	mmu-miR-532-5p	10090	miRNA	
URS00004EAB18	LNCBASE	hsa-miR-136-5p	9606	miRNA	
URS00004EAE33	LNCBASE	hsa-miR-3613-3p	9606	miRNA	
URS00004F1E01	LNCBASE	hsa-miR-1228-5p	9606	miRNA	
URS00004F4FFB	LNCBASE	hsa-miR-4708-3p	9606	miRNA	
URS00004F507C	LNCBASE	hsa-miR-592	9606	miRNA	
URS00004F77ED	LNCBASE	hsa-miR-454-3p	9606	miRNA	
URS00004F859B	LNCBASE	hsa-miR-542-3p	9606	miRNA	
URS00004F9744	LNCBASE	hsa-miR-25-3p	9606	miRNA	
URS00004F9744	LNCBASE	mmu-miR-25-3p	10090	miRNA	
URS00004FE139	LNCBASE	hsa-miR-4705	9606	miRNA	
URS00004FF449	LNCBASE	hsa-miR-20b-3p	9606	miRNA	
URS0000500449	LNCBASE	hsa-miR-1306-5p	9606	miRNA	
URS0000506607	LNCBASE	mmu-miR-3095-3p	10090	miRNA	
URS0000506EFC	LNCBASE	mmu-miR-696	10090	miRNA	
URS0000506FB9	LNCBASE	mmu-miR-292a-5p	10090	miRNA	
URS00005070A9	LNCBASE	hsa-miR-23a-5p	9606	miRNA	
URS0000507675	LNCBASE	mmu-miR-301b-3p	10090	miRNA	
URS0000508C13	LNCBASE	hsa-miR-373-3p	9606	miRNA	
URS00005092C2	LNCBASE	hsa-miR-335-3p	9606	miRNA	
URS00005092C2	LNCBASE	mmu-miR-335-3p	10090	miRNA	
URS000050A3A3	LNCBASE	hsa-miR-1285-5p	9606	miRNA	
URS000050B2E2	LNCBASE	hsa-miR-550a-3-5p	9606	miRNA	
URS000050B527	LNCBASE	hsa-miR-146a-5p	9606	miRNA	
URS000050B527	LNCBASE	mmu-miR-146a-5p	10090	miRNA	
URS000050C722	LNCBASE	hsa-miR-542-5p	9606	miRNA	
URS000050CCE0	LNCBASE	hsa-miR-146b-3p	9606	miRNA	
URS000050DE77	LNCBASE	hsa-let-7c-5p	9606	miRNA	
URS000050DE77	LNCBASE	mmu-let-7c-5p	10090	miRNA	
URS000050E4BA	LNCBASE	hsa-miR-941	9606	miRNA	
URS000050F244	LNCBASE	hsa-miR-3194-5p	9606	miRNA	
URS000050FB05	LNCBASE	hsa-miR-1304-3p	9606	miRNA	
URS0000512C88	LNCBASE	hsa-miR-760	9606	miRNA	
URS00005165DA	LNCBASE	hsa-miR-30b-5p	9606	miRNA	
URS00005165DA	LNCBASE	mmu-miR-30b-5p	10090	miRNA	
URS0000517429	LNCBASE	hsa-miR-374c-5p	9606	miRNA	
URS00005176F0	LNCBASE	hsa-miR-96-3p	9606	miRNA	
URS00005194EC	LNCBASE	hsa-miR-942-5p	9606	miRNA	
URS000051E731	LNCBASE	mmu-miR-1954	10090	miRNA	
URS0000520927	LNCBASE	hsa-miR-190a-5p	9606	miRNA	
URS0000520A95	LNCBASE	mmu-miR-151-3p	10090	piRNA	
URS0000520B38	LNCBASE	mmu-miR-5098	10090	miRNA	
URS0000521626	LNCBASE	hsa-miR-148b-3p	9606	miRNA	
URS0000521626	LNCBASE	mmu-miR-148b-3p	10090	miRNA	
URS0000521832	LNCBASE	hsa-miR-4787-5p	9606	miRNA	
URS00005230E0	LNCBASE	mmu-miR-302c-3p	10090	miRNA	
URS00005237AB	LNCBASE	hsa-miR-2116-3p	9606	miRNA	
URS00005240FD	LNCBASE	hsa-miR-877-5p	9606	miRNA	
URS00005240FD	LNCBASE	mmu-miR-877-5p	10090	miRNA	
URS000052429C	LNCBASE	mmu-miR-1943-5p	10090	miRNA	
URS0000527228	LNCBASE	hsa-miR-30c-2-3p	9606	miRNA	
URS0000527228	LNCBASE	mmu-miR-30c-2-3p	10090	miRNA	
URS0000527F89	LNCBASE	hsa-miR-145-5p	9606	miRNA	
URS0000528CBC	LNCBASE	hsa-miR-183-5p	9606	miRNA	
URS0000528CBC	LNCBASE	mmu-miR-183-5p	10090	miRNA	
URS0000528E50	LNCBASE	hsa-miR-4726-3p	9606	miRNA	
URS000052E1A6	LNCBASE	hsa-miR-196b-3p	9606	miRNA	
URS000052F380	LNCBASE	hsa-miR-145-3p	9606	miRNA	
URS0000534224	LNCBASE	hsa-miR-3177-5p	9606	miRNA	
URS0000534239	LNCBASE	hsa-miR-520a-5p	9606	miRNA	
URS00005352B1	LNCBASE	mmu-miR-291b-3p	10090	miRNA	
URS0000535FDD	LNCBASE	mmu-miR-494-3p	10090	miRNA	
URS00005374D8	LNCBASE	mmu-miR-1199-5p	10090	miRNA	
URS0000537D7C	LNCBASE	mmu-miR-351-5p	10090	miRNA	
URS00005386B6	LNCBASE	mmu-miR-1929-5p	10090	miRNA	
URS000053966D	LNCBASE	hsa-miR-3619-5p	9606	miRNA	
URS000053FD11	LNCBASE	mmu-miR-500-3p	10090	miRNA	
URS00005416E3	LNCBASE	hsa-miR-31-5p	9606	miRNA	
URS0000543D82	LNCBASE	hsa-miR-184	9606	miRNA	
URS0000543D82	LNCBASE	mmu-miR-184-3p	10090	miRNA	
URS0000544FF1	LNCBASE	hsa-miR-502-5p	9606	miRNA	
URS0000545517	LNCBASE	mmu-miR-674-5p	10090	miRNA	
URS00005485E8	LNCBASE	hsa-miR-4745-5p	9606	miRNA	
URS000054FB91	LNCBASE	mmu-miR-16-1-3p	10090	miRNA	
URS0000550C66	LNCBASE	hsa-miR-452-5p	9606	miRNA	
URS000055128B	LNCBASE	hsa-miR-210-3p	9606	miRNA	
URS000055128B	LNCBASE	mmu-miR-210-3p	10090	miRNA	
URS00005517FD	LNCBASE	hsa-miR-138-1-3p	9606	miRNA	
URS0000552112	LNCBASE	hsa-miR-1283	9606	miRNA	
URS00005540D2	LNCBASE	hsa-miR-23a-3p	9606	miRNA	
URS00005540D2	LNCBASE	mmu-miR-23a-3p	10090	miRNA	
URS0000554A4F	LNCBASE	hsa-miR-199a-5p	9606	miRNA	
URS0000554A4F	LNCBASE	mmu-miR-199a-5p	10090	miRNA	
URS0000555DA6	LNCBASE	hsa-miR-4326	9606	miRNA	
URS00005586D0	LNCBASE	hsa-miR-1292-5p	9606	miRNA	
URS000055929F	LNCBASE	hsa-miR-5090	9606	miRNA	
URS000055B190	LNCBASE	hsa-miR-339-3p	9606	miRNA	
URS000055BB1F	LNCBASE	hsa-miR-23b-5p	9606	miRNA	
URS000055BBE5	LNCBASE	hsa-miR-429	9606	miRNA	
URS000055C019	LNCBASE	hsa-miR-1207-5p	9606	miRNA	
URS000055E199	LNCBASE	hsa-miR-141-5p	9606	miRNA	
URS000055E32C	LNCBASE	hsa-miR-5006-3p	9606	miRNA	
URS00005606AA	LNCBASE	hsa-miR-4422	9606	miRNA	
URS00005609ED	LNCBASE	hsa-miR-874-3p	9606	miRNA	
URS000056100C	LNCBASE	mmu-miR-450b-5p	10090	miRNA	
URS0000561F50	LNCBASE	mmu-miR-298-5p	10090	miRNA	
URS0000564D66	LNCBASE	hsa-miR-337-3p	9606	miRNA	
URS00005661CD	LNCBASE	mmu-miR-1188-5p	10090	miRNA	
URS00005662FF	LNCBASE	mmu-miR-466i-3p	10090	miRNA	
URS0000567AB1	LNCBASE	hsa-miR-4423-5p	9606	miRNA	
URS000056B04E	LNCBASE	hsa-miR-425-3p	9606	miRNA	
URS000056B180	LNCBASE	hsa-miR-4496	9606	miRNA	
URS000056DB1D	LNCBASE	hsa-miR-516a-5p	9606	miRNA	
URS000056F567	LNCBASE	mmu-miR-5099	10090	miRNA	
URS0000570FEF	LNCBASE	mmu-miR-1968-5p	10090	miRNA	
URS0000572E11	LNCBASE	hsa-miR-7-2-3p	9606	miRNA	
URS00005743AE	LNCBASE	hsa-miR-107	9606	miRNA	
URS00005743AE	LNCBASE	mmu-miR-107-3p	10090	miRNA	
URS000057466C	LNCBASE	hsa-miR-574-5p	9606	miRNA	
URS000057466C	LNCBASE	mmu-miR-574-5p	10090	miRNA	
URS0000574A2C	LNCBASE	hsa-miR-20a-5p	9606	miRNA	
URS0000574A2C	LNCBASE	mmu-miR-20a-5p	10090	miRNA	
URS0000576F83	LNCBASE	hsa-miR-584-5p	9606	miRNA	
URS0000578557	LNCBASE	hsa-miR-548ap-3p	9606	miRNA	
URS000057B50A	LNCBASE	hsa-miR-664b-3p	9606	miRNA	
URS000057DF36	LNCBASE	hsa-miR-1247-5p	9606	miRNA	
URS000057FDB8	LNCBASE	hsa-miR-3928-3p	9606	miRNA	
URS0000586C17	LNCBASE	mmu-miR-541-3p	10090	miRNA	
URS000058760A	LNCBASE	hsa-miR-10b-5p	9606	miRNA	
URS000058760A	LNCBASE	mmu-miR-10b-5p	10090	miRNA	
URS0000589066	LNCBASE	hsa-miR-4733-5p	9606	miRNA	
URS000058BB84	LNCBASE	hsa-miR-573	9606	miRNA	
URS000058BD24	LNCBASE	mmu-miR-466q	10090	miRNA	
URS000058BE2C	LNCBASE	mmu-miR-712-5p	10090	miRNA	
URS000058BF17	LNCBASE	hsa-miR-320b	9606	miRNA	
URS00005901AD	LNCBASE	hsa-miR-4772-3p	9606	miRNA	
URS00005916FD	LNCBASE	mmu-miR-1839-5p	10090	miRNA	
URS00005918D5	LNCBASE	hsa-let-7b-3p	9606	miRNA	
URS00005918D5	LNCBASE	mmu-let-7b-3p	10090	miRNA	
URS0000591950	LNCBASE	hsa-miR-7-5p	9606	miRNA	
URS0000591950	LNCBASE	mmu-miR-7a-5p	10090	miRNA	
URS000059273E	LNCBASE	hsa-miR-24-3p	9606	miRNA	
URS000059273E	LNCBASE	mmu-miR-24-3p	10090	miRNA	
URS000059311D	LNCBASE	hsa-miR-27b-3p	9606	miRNA	
URS000059311D	LNCBASE	mmu-miR-27b-3p	10090	miRNA	
URS0000593537	LNCBASE	hsa-miR-221-5p	9606	miRNA	
URS00005977B9	LNCBASE	hsa-miR-4317	9606	miRNA	
URS0000597BED	LNCBASE	hsa-miR-484	9606	miRNA	
URS0000597BED	LNCBASE	mmu-miR-484	10090	miRNA	
URS000059A01D	LNCBASE	hsa-miR-204-3p	9606	miRNA	
URS000059C31C	LNCBASE	hsa-miR-520h	9606	miRNA	
URS000059E19C	LNCBASE	hsa-miR-548b-5p	9606	miRNA	
URS000059EB31	LNCBASE	hsa-miR-2278	9606	miRNA	
URS00005A06DD	LNCBASE	hsa-miR-4664-5p	9606	miRNA	
URS00005A1F52	LNCBASE	hsa-miR-658	9606	miRNA	
URS00005A31EB	LNCBASE	hsa-miR-939-5p	9606	miRNA	
URS00005A4DCF	LNCBASE	hsa-miR-125a-5p	9606	miRNA	
URS00005A4DCF	LNCBASE	mmu-miR-125a-5p	10090	miRNA	
URS00005A7A84	LNCBASE	hsa-miR-148b-5p	9606	miRNA	
URS00005A8080	LNCBASE	hsa-miR-342-5p	9606	miRNA	
URS00005A8A8D	LNCBASE	hsa-miR-1268a	9606	miRNA	
URS00005ACB9D	LNCBASE	mmu-miR-18a-3p	10090	miRNA	
URS00005AD224	LNCBASE	mmu-miR-136-3p	10090	miRNA	
URS00005AF7FD	LNCBASE	mmu-miR-181c-3p	10090	miRNA	
URS00005B165A	LNCBASE	mmu-miR-540-3p	10090	miRNA	
URS00005B2C05	LNCBASE	mmu-miR-802-5p	10090	miRNA	
URS00005B3525	LNCBASE	hsa-miR-195-5p	9606	miRNA	
URS00005B3525	LNCBASE	mmu-miR-195a-5p	10090	miRNA	
URS00005B6542	LNCBASE	hsa-miR-4792	9606	miRNA	
URS00005B6CAF	LNCBASE	hsa-miR-4690-5p	9606	miRNA	
URS00005BE56D	LNCBASE	hsa-miR-3929	9606	miRNA	
URS00005C2A6D	LNCBASE	hsa-miR-143-3p	9606	miRNA	
URS00005C2A6D	LNCBASE	mmu-miR-143-3p	10090	miRNA	
URS00005C2E31	LNCBASE	hsa-miR-191-5p	9606	miRNA	
URS00005C2E31	LNCBASE	mmu-miR-191-5p	10090	piRNA	
URS00005C62FC	LNCBASE	hsa-miR-99a-3p	9606	miRNA	
URS00005C83FD	LNCBASE	mmu-miR-467b-5p	10090	miRNA	
URS00005CACA0	LNCBASE	hsa-miR-590-5p	9606	miRNA	
URS00005CC853	LNCBASE	mmu-miR-467e-5p	10090	miRNA	
URS00005CE113	LNCBASE	hsa-miR-1295a	9606	miRNA	
URS00005CF1BF	LNCBASE	hsa-miR-518f-5p	9606	miRNA	
URS00005D12AC	LNCBASE	hsa-miR-4454	9606	miRNA	
URS00005D3E30	LNCBASE	mmu-miR-690	10090	miRNA	
URS00005D7C80	LNCBASE	hsa-miR-3130-5p	9606	miRNA	
URS00005D986D	LNCBASE	hsa-miR-616-5p	9606	miRNA	
URS00005DBAF3	LNCBASE	hsa-miR-193a-3p	9606	miRNA	
URS00005E3F32	LNCBASE	hsa-miR-616-3p	9606	miRNA	
URS00005E5FB5	LNCBASE	mmu-miR-30b-3p	10090	miRNA	
URS00005E640C	LNCBASE	hsa-miR-3187-3p	9606	miRNA	
URS00005E651E	LNCBASE	hsa-miR-376c-3p	9606	miRNA	
URS00005E6C56	LNCBASE	mmu-miR-466d-3p	10090	miRNA	
URS00005E6F45	LNCBASE	hsa-miR-507	9606	miRNA	
URS00005E7CB2	LNCBASE	hsa-miR-493-3p	9606	miRNA	
URS00005EAAAD	LNCBASE	hsa-miR-150-3p	9606	miRNA	
URS00005EAB31	LNCBASE	mmu-miR-376b-3p	10090	miRNA	
URS00005ECFE5	LNCBASE	hsa-miR-522-5p	9606	miRNA	
URS00005EEDFF	LNCBASE	mmu-miR-365-2-5p	10090	miRNA	
URS00005F2D64	LNCBASE	hsa-miR-548d-5p	9606	miRNA	
URS00005F305A	LNCBASE	hsa-miR-4448	9606	miRNA	
URS00005F4832	LNCBASE	hsa-miR-4676-5p	9606	miRNA	
URS00005F5472	LNCBASE	hsa-miR-769-3p	9606	miRNA	
URS00005F5B1B	LNCBASE	hsa-miR-548a-5p	9606	miRNA	
URS00005F8E5B	LNCBASE	hsa-miR-151a-5p	9606	miRNA	
URS00005F8E5B	LNCBASE	mmu-miR-151-5p	10090	miRNA	
URS00005F9DAE	LNCBASE	hsa-miR-589-3p	9606	miRNA	
URS00005FAA14	LNCBASE	hsa-miR-744-3p	9606	miRNA	
URS00005FB354	LNCBASE	mmu-miR-673-5p	10090	miRNA	
URS00005FDE70	LNCBASE	hsa-miR-328-3p	9606	miRNA	
URS00005FDE70	LNCBASE	mmu-miR-328-3p	10090	miRNA	
URS00005FE063	LNCBASE	hsa-miR-3180	9606	miRNA	
URS0000601CC4	LNCBASE	hsa-miR-502-3p	9606	miRNA	
URS00006054DA	LNCBASE	hsa-miR-132-3p	9606	miRNA	
URS00006054DA	LNCBASE	mmu-miR-132-3p	10090	miRNA	
URS0000605E00	LNCBASE	hsa-miR-181b-5p	9606	miRNA	
URS0000605E00	LNCBASE	mmu-miR-181b-5p	10090	miRNA	
URS0000609C67	LNCBASE	hsa-miR-2355-5p	9606	miRNA	
URS000060A0B0	LNCBASE	hsa-miR-103a-2-5p	9606	miRNA	
URS000060A1F4	LNCBASE	hsa-miR-379-5p	9606	miRNA	
URS000060A1F4	LNCBASE	mmu-miR-379-5p	10090	miRNA	
URS000060AABB	LNCBASE	hsa-miR-1249-3p	9606	miRNA	
URS000060B2B9	LNCBASE	hsa-miR-7705	9606	miRNA	
URS0000611746	LNCBASE	hsa-miR-196b-5p	9606	miRNA	
URS0000611746	LNCBASE	mmu-miR-196b-5p	10090	miRNA	
URS000061AB33	LNCBASE	hsa-miR-188-3p	9606	miRNA	
URS000061AB33	LNCBASE	mmu-miR-188-3p	10090	miRNA	
URS000061B694	LNCBASE	hsa-miR-146b-5p	9606	miRNA	
URS000061B694	LNCBASE	mmu-miR-146b-5p	10090	piRNA	
URS000061BAF5	LNCBASE	hsa-miR-3619-3p	9606	miRNA	
URS000061BE3B	LNCBASE	hsa-miR-628-3p	9606	miRNA	
URS000061CB8F	LNCBASE	hsa-miR-16-1-3p	9606	miRNA	
URS000061D3E1	LNCBASE	mmu-miR-470-5p	10090	miRNA	
URS000061DF98	LNCBASE	mmu-miR-711	10090	miRNA	
URS000061E740	LNCBASE	hsa-miR-197-3p	9606	miRNA	
URS000073891E	LNCBASE	hsa-miR-874-5p	9606	miRNA	
URS00007455B8	LNCBASE	hsa-miR-1911-5p	9606	miRNA	
URS0000759916	LNCBASE	hsa-miR-612	9606	miRNA	
URS00007599CB	LNCBASE	hsa-miR-606	9606	miRNA	
URS00007599F1	LNCBASE	hsa-miR-548at-3p	9606	miRNA	
URS0000759A61	LNCBASE	hsa-miR-607	9606	miRNA	
URS0000759B98	LNCBASE	hsa-miR-593-5p	9606	miRNA	
URS0000759C7A	LNCBASE	hsa-miR-1266-3p	9606	miRNA	
URS0000759CCE	LNCBASE	hsa-miR-6511b-3p	9606	miRNA	
URS0000759CD8	LNCBASE	hsa-miR-921	9606	miRNA	
URS0000759D24	LNCBASE	hsa-miR-3685	9606	miRNA	
URS0000759D67	LNCBASE	hsa-miR-7850-5p	9606	miRNA	
URS0000759D8E	LNCBASE	hsa-miR-6859-5p	9606	miRNA	
URS0000759E8F	LNCBASE	hsa-miR-888-3p	9606	miRNA	
URS0000759EB8	LNCBASE	hsa-miR-4491	9606	miRNA	
URS0000759EBF	LNCBASE	hsa-miR-2681-5p	9606	miRNA	
URS0000759ECA	LNCBASE	hsa-miR-372-3p	9606	miRNA	
URS0000759F79	LNCBASE	hsa-miR-6718-5p	9606	miRNA	
URS000075A00C	LNCBASE	hsa-miR-650	9606	miRNA	
URS000075A073	LNCBASE	hsa-miR-936	9606	miRNA	
URS000075A099	LNCBASE	hsa-miR-802	9606	miRNA	
URS000075A0B9	LNCBASE	hsa-miR-6516-5p	9606	miRNA	
URS000075A169	LNCBASE	hsa-miR-770-5p	9606	miRNA	
URS000075A17D	LNCBASE	hsa-miR-4473	9606	miRNA	
URS000075A1F7	LNCBASE	hsa-miR-7977	9606	miRNA	
URS000075A29E	LNCBASE	hsa-miR-5680	9606	miRNA	
URS000075A32E	LNCBASE	hsa-miR-302d-5p	9606	miRNA	
URS000075A33B	LNCBASE	hsa-miR-6842-5p	9606	miRNA	
URS000075A3AC	LNCBASE	hsa-miR-541-3p	9606	miRNA	
URS000075A613	LNCBASE	hsa-miR-3689f	9606	miRNA	
URS000075A6F1	LNCBASE	hsa-miR-603	9606	miRNA	
URS000075A962	LNCBASE	hsa-miR-4482-5p	9606	miRNA	
URS000075A9FF	LNCBASE	hsa-miR-4452	9606	miRNA	
URS000075AA94	LNCBASE	hsa-miR-138-2-3p	9606	miRNA	
URS000075AB0E	LNCBASE	hsa-miR-4487	9606	miRNA	
URS000075AC39	LNCBASE	hsa-miR-373-5p	9606	miRNA	
URS000075AD14	LNCBASE	hsa-miR-5581-5p	9606	miRNA	
URS000075AEA5	LNCBASE	hsa-miR-548au-3p	9606	miRNA	
URS000075AEB2	LNCBASE	hsa-miR-1267	9606	miRNA	
URS000075AF4A	LNCBASE	hsa-miR-1825	9606	miRNA	
URS000075B05D	LNCBASE	hsa-miR-583	9606	miRNA	
URS000075B0F6	LNCBASE	hsa-miR-4476	9606	miRNA	
URS000075B11C	LNCBASE	hsa-miR-7976	9606	miRNA	
URS000075B186	LNCBASE	hsa-miR-5690	9606	miRNA	
URS000075B1CE	LNCBASE	hsa-miR-642b-5p	9606	miRNA	
URS000075B269	LNCBASE	hsa-miR-647	9606	miRNA	
URS000075B33B	LNCBASE	hsa-miR-617	9606	miRNA	
URS000075B447	LNCBASE	hsa-miR-182-3p	9606	miRNA	
URS000075B538	LNCBASE	hsa-miR-6514-5p	9606	miRNA	
URS000075B584	LNCBASE	hsa-miR-619-5p	9606	miRNA	
URS000075B5A4	LNCBASE	hsa-miR-3934-3p	9606	miRNA	
URS000075B6FC	LNCBASE	hsa-miR-6842-3p	9606	miRNA	
URS000075B74D	LNCBASE	hsa-miR-611	9606	miRNA	
URS000075B75E	LNCBASE	hsa-miR-595	9606	miRNA	
URS000075B793	LNCBASE	hsa-miR-7641	9606	miRNA	
URS000075B7A1	LNCBASE	hsa-miR-875-3p	9606	miRNA	
URS000075B7E4	LNCBASE	hsa-miR-613	9606	miRNA	
URS000075B84E	LNCBASE	hsa-miR-1915-5p	9606	miRNA	
URS000075B8FA	LNCBASE	hsa-miR-924	9606	miRNA	
URS000075B922	LNCBASE	hsa-miR-6747-3p	9606	miRNA	
URS000075BAE0	LNCBASE	mmu-miR-882	10090	miRNA	
URS000075BAE6	LNCBASE	hsa-miR-122-3p	9606	miRNA	
URS000075BB59	LNCBASE	hsa-miR-499a-3p	9606	miRNA	
URS000075BB5D	LNCBASE	hsa-miR-6500-3p	9606	miRNA	
URS000075BBD1	LNCBASE	hsa-miR-3689a-3p	9606	miRNA	
URS000075BBE1	LNCBASE	mmu-miR-1894-5p	10090	miRNA	
URS000075BC35	LNCBASE	hsa-miR-597-5p	9606	miRNA	
URS000075BD04	LNCBASE	hsa-miR-6516-3p	9606	miRNA	
URS000075BD0D	LNCBASE	hsa-miR-1976	9606	miRNA	
URS000075BE5F	LNCBASE	hsa-miR-380-5p	9606	miRNA	
URS000075BE7A	LNCBASE	mmu-miR-1952	10090	miRNA	
URS000075BFCB	LNCBASE	hsa-miR-6731-5p	9606	miRNA	
URS000075BFCD	LNCBASE	hsa-miR-602	9606	miRNA	
URS000075BFDA	LNCBASE	hsa-miR-5094	9606	miRNA	
URS000075C018	LNCBASE	hsa-miR-4265	9606	miRNA	
URS000075C04A	LNCBASE	hsa-miR-659-3p	9606	miRNA	
URS000075C082	LNCBASE	hsa-miR-1913	9606	miRNA	
URS000075C165	LNCBASE	hsa-miR-1224-3p	9606	miRNA	
URS000075C1B6	LNCBASE	hsa-miR-6840-5p	9606	miRNA	
URS000075C235	LNCBASE	hsa-miR-525-3p	9606	miRNA	
URS000075C267	LNCBASE	hsa-miR-557	9606	miRNA	
URS000075C286	LNCBASE	hsa-miR-6501-5p	9606	miRNA	
URS000075C2FC	LNCBASE	hsa-miR-325	9606	miRNA	
URS000075C340	LNCBASE	hsa-miR-601	9606	miRNA	
URS000075C34D	LNCBASE	hsa-miR-1273h-3p	9606	miRNA	
URS000075C4C7	LNCBASE	hsa-miR-657	9606	miRNA	
URS000075C58E	LNCBASE	hsa-miR-4524a-5p	9606	miRNA	
URS000075C59B	LNCBASE	hsa-miR-3657	9606	miRNA	
URS000075C59E	LNCBASE	hsa-miR-302a-5p	9606	miRNA	
URS000075C5FB	LNCBASE	hsa-miR-575	9606	miRNA	
URS000075C61C	LNCBASE	hsa-miR-571	9606	miRNA	
URS000075C639	LNCBASE	hsa-miR-632	9606	miRNA	
URS000075C646	LNCBASE	hsa-miR-942-3p	9606	miRNA	
URS000075C77C	LNCBASE	hsa-miR-2114-5p	9606	miRNA	
URS000075C7C4	LNCBASE	hsa-miR-548g-3p	9606	miRNA	
URS000075C862	LNCBASE	hsa-miR-1909-5p	9606	miRNA	
URS000075C986	LNCBASE	hsa-miR-662	9606	miRNA	
URS000075CA38	LNCBASE	hsa-miR-4999-5p	9606	miRNA	
URS000075CAC3	LNCBASE	hsa-miR-198	9606	miRNA	
URS000075CAF3	LNCBASE	hsa-miR-548au-5p	9606	miRNA	
URS000075CAF8	LNCBASE	hsa-miR-588	9606	miRNA	
URS000075CC1D	LNCBASE	hsa-miR-1231	9606	miRNA	
URS000075CCFE	LNCBASE	hsa-miR-4254	9606	miRNA	
URS000075CE29	LNCBASE	hsa-miR-634	9606	miRNA	
URS000075CEB8	LNCBASE	hsa-miR-572	9606	miRNA	
URS000075CED1	LNCBASE	hsa-miR-567	9606	miRNA	
URS000075CF50	LNCBASE	hsa-miR-6131	9606	miRNA	
URS000075D046	LNCBASE	hsa-miR-609	9606	miRNA	
URS000075D0F5	LNCBASE	hsa-miR-1225-5p	9606	miRNA	
URS000075D126	LNCBASE	hsa-miR-5582-3p	9606	miRNA	
URS000075D16F	LNCBASE	hsa-miR-210-5p	9606	miRNA	
URS000075D1A9	LNCBASE	mmu-miR-343	10090	miRNA	
URS000075D1DD	LNCBASE	hsa-miR-561-3p	9606	miRNA	
URS000075D202	LNCBASE	mmu-miR-105	10090	miRNA	
URS000075D269	LNCBASE	hsa-miR-548at-5p	9606	miRNA	
URS000075D2C7	LNCBASE	hsa-miR-5008-3p	9606	miRNA	
URS000075D311	LNCBASE	hsa-miR-548ax	9606	miRNA	
URS000075D33D	LNCBASE	hsa-miR-3689a-5p	9606	miRNA	
URS000075D33D	LNCBASE	hsa-miR-3689b-5p	9606	miRNA	
URS000075D33D	LNCBASE	hsa-miR-3689e	9606	miRNA	
URS000075D35F	LNCBASE	hsa-miR-922	9606	miRNA	
URS000075D3EF	LNCBASE	hsa-miR-651-3p	9606	miRNA	
URS000075D437	LNCBASE	hsa-miR-627-3p	9606	miRNA	
URS000075D491	LNCBASE	hsa-miR-3923	9606	miRNA	
URS000075D549	LNCBASE	hsa-miR-2115-5p	9606	miRNA	
URS000075D58E	LNCBASE	hsa-miR-19b-2-5p	9606	miRNA	
URS000075D612	LNCBASE	hsa-miR-5682	9606	miRNA	
URS000075D7E6	LNCBASE	hsa-miR-5586-3p	9606	miRNA	
URS000075D834	LNCBASE	mmu-miR-880-5p	10090	miRNA	
URS000075D89C	LNCBASE	hsa-miR-587	9606	miRNA	
URS000075D8A7	LNCBASE	hsa-miR-1236-3p	9606	miRNA	
URS000075D8E0	LNCBASE	hsa-miR-6509-3p	9606	miRNA	
URS000075DA61	LNCBASE	hsa-miR-1273h-5p	9606	miRNA	
URS000075DAFC	LNCBASE	hsa-miR-7851-3p	9606	miRNA	
URS000075DB2F	LNCBASE	hsa-miR-638	9606	miRNA	
URS000075DB77	LNCBASE	hsa-miR-604	9606	miRNA	
URS000075DC15	LNCBASE	hsa-miR-302c-5p	9606	miRNA	
URS000075DC55	LNCBASE	hsa-miR-635	9606	miRNA	
URS000075DCF1	LNCBASE	hsa-miR-6881-5p	9606	miRNA	
URS000075DD5B	LNCBASE	hsa-miR-649	9606	miRNA	
URS000075DD84	LNCBASE	hsa-miR-548an	9606	miRNA	
URS000075DDFA	LNCBASE	hsa-miR-4301	9606	miRNA	
URS000075E072	LNCBASE	hsa-miR-5196-3p	9606	miRNA	
URS000075E096	LNCBASE	hsa-miR-1243	9606	miRNA	
URS000075E0A8	LNCBASE	hsa-miR-621	9606	miRNA	
URS000075E148	LNCBASE	hsa-miR-631	9606	miRNA	
URS000075E2A1	LNCBASE	hsa-miR-6803-3p	9606	miRNA	
URS000075E2C3	LNCBASE	hsa-miR-3667-3p	9606	miRNA	
URS000075E34C	LNCBASE	hsa-miR-1914-3p	9606	miRNA	
URS000075E3D4	LNCBASE	hsa-miR-4513	9606	miRNA	
URS000075E3D9	LNCBASE	hsa-miR-5008-5p	9606	miRNA	
URS000075E460	LNCBASE	hsa-miR-6511a-3p	9606	miRNA	
URS000075E57D	LNCBASE	hsa-miR-518e-3p	9606	miRNA	
URS000075E5BD	LNCBASE	hsa-miR-614	9606	miRNA	
URS000075E661	LNCBASE	hsa-miR-522-3p	9606	miRNA	
URS000075E7A3	LNCBASE	hsa-miR-1281	9606	miRNA	
URS000075E887	LNCBASE	hsa-miR-626	9606	miRNA	
URS000075E8C3	LNCBASE	hsa-miR-6734-5p	9606	miRNA	
URS000075E8D3	LNCBASE	hsa-miR-3667-5p	9606	miRNA	
URS000075E8E6	LNCBASE	hsa-miR-4511	9606	miRNA	
URS000075E8EC	LNCBASE	hsa-miR-1263	9606	miRNA	
URS000075E8F5	LNCBASE	hsa-miR-298	9606	miRNA	
URS000075E909	LNCBASE	hsa-miR-1202	9606	miRNA	
URS000075E944	LNCBASE	hsa-miR-622	9606	miRNA	
URS000075E96D	LNCBASE	hsa-miR-7974	9606	miRNA	
URS000075E9BD	LNCBASE	hsa-miR-518f-3p	9606	miRNA	
URS000075EAB0	LNCBASE	hsa-miR-1226-5p	9606	miRNA	
URS000075EBEF	LNCBASE	hsa-miR-608	9606	miRNA	
URS000075ED17	LNCBASE	hsa-miR-564	9606	miRNA	
URS000075EDCB	LNCBASE	hsa-miR-3943	9606	miRNA	
URS000075EE0B	LNCBASE	hsa-miR-4420	9606	miRNA	
URS000075EE93	LNCBASE	hsa-miR-920	9606	miRNA	
URS000075EF6B	LNCBASE	hsa-miR-6507-5p	9606	miRNA	
URS000075EF8B	LNCBASE	hsa-miR-6087	9606	miRNA	
URS000075EF97	LNCBASE	hsa-miR-637	9606	miRNA	
URS000075EF99	LNCBASE	hsa-miR-548ay-5p	9606	miRNA	
URS000075F0D1	LNCBASE	hsa-miR-598-5p	9606	miRNA	
URS0000762B8A	LNCBASE	mmu-miR-101b-3p	10090	miRNA	
URS000077505C	LNCBASE	mmu-miR-337-5p	10090	miRNA	
URS00007777B8	LNCBASE	hsa-miR-6724-5p	9606	miRNA	
URS000077B07D	LNCBASE	hsa-miR-548e-5p	9606	miRNA	
