URS000000AB5A	SNODB	1	9606	snoRNA	
URS000000D517	SNODB	2	9606	snoRNA	
URS000000DAFC	SNODB	4	9606	snoRNA	
URS0000010A7C	SNODB	3	9606	snoRNA	
URS0000013F57	SNODB	5	9606	snoRNA	
URS0000018549	SNODB	6	9606	snoRNA	
URS000002084A	SNODB	7	9606	snoRNA	
URS000002951F	SNODB	9	9606	snoRNA	
URS000002FDBC	SNODB	8	9606	snoRNA	
URS00000335D1	SNODB	10	9606	snoRNA	
URS0000034D55	SNODB	11	9606	snoRNA	
URS000004A26B	SNODB	12	9606	snoRNA	
URS000004E6C0	SNODB	13	9606	snoRNA	
URS000004E6C0	SNODB	14	9606	snoRNA	
URS000004F833	SNODB	15	9606	snoRNA	
URS0000056589	SNODB	2033	9606	snoRNA	
URS0000056589	SNODB	2034	9606	snoRNA	
URS000005BADB	SNODB	16	9606	snoRNA	
URS0000064325	SNODB	17	9606	snoRNA	
URS0000066733	SNODB	19	9606	snoRNA	
URS0000069864	SNODB	20	9606	snoRNA	
URS000006D2A0	SNODB	23	9606	snoRNA	
URS0000080E9E	SNODB	21	9606	snoRNA	
URS000008230A	SNODB	18	9606	snoRNA	
URS000008DC88	SNODB	22	9606	snoRNA	
URS000008F76B	SNODB	26	9606	snoRNA	
URS00000A3335	SNODB	27	9606	snoRNA	
URS00000AFC24	SNODB	25	9606	snoRNA	
URS00000B589B	SNODB	24	9606	snoRNA	
URS00000B589B	SNODB	28	9606	snoRNA	
URS00000B589B	SNODB	29	9606	snoRNA	
URS00000B589B	SNODB	30	9606	snoRNA	
URS00000B589B	SNODB	31	9606	snoRNA	
URS00000B589B	SNODB	32	9606	snoRNA	
URS00000B589B	SNODB	33	9606	snoRNA	
URS00000C304D	SNODB	34	9606	snoRNA	
URS00000CC074	SNODB	35	9606	snoRNA	
URS00000D55EA	SNODB	37	9606	snoRNA	
URS00000DE3E2	SNODB	36	9606	snoRNA	
URS00000E9A93	SNODB	38	9606	snoRNA	
URS00000F2AEF	SNODB	39	9606	snoRNA	
URS00000F2AEF	SNODB	40	9606	snoRNA	
URS00000F2AEF	SNODB	41	9606	snoRNA	
URS00000F2AEF	SNODB	42	9606	snoRNA	
URS00000F4646	SNODB	43	9606	snoRNA	
URS00000F8A5F	SNODB	44	9606	snoRNA	
URS00000F9EBE	SNODB	45	9606	snoRNA	
URS0000104326	SNODB	46	9606	snoRNA	
URS000011E0DE	SNODB	47	9606	snoRNA	
URS000011E0DE	SNODB	48	9606	snoRNA	
URS0000130A5F	SNODB	49	9606	snoRNA	
URS0000147674	SNODB	52	9606	snoRNA	
URS0000148398	SNODB	50	9606	snoRNA	
URS000014DCD2	SNODB	51	9606	snoRNA	
URS000014FF3E	SNODB	53	9606	snoRNA	
URS000015A7CF	SNODB	55	9606	snoRNA	
URS000015F227	SNODB	54	9606	scaRNA	
URS0000164B86	SNODB	57	9606	snoRNA	
URS00001696A6	SNODB	56	9606	snoRNA	
URS0000180559	SNODB	58	9606	scaRNA	
URS0000185C0B	SNODB	60	9606	snoRNA	
URS000019135F	SNODB	59	9606	snoRNA	
URS0000196CD1	SNODB	62	9606	snoRNA	
URS0000197BB5	SNODB	63	9606	snoRNA	
URS00001B2620	SNODB	61	9606	scaRNA	
URS00001BD443	SNODB	65	9606	snoRNA	
URS00001C12A7	SNODB	64	9606	snoRNA	
URS00001D3737	SNODB	66	9606	snoRNA	
URS00001FC3CF	SNODB	67	9606	snoRNA	
URS00001FCA45	SNODB	69	9606	snoRNA	
URS0000202A89	SNODB	68	9606	snoRNA	
URS000020C605	SNODB	70	9606	snoRNA	
URS0000210FD6	SNODB	71	9606	snoRNA	
URS0000211ABF	SNODB	72	9606	snoRNA	
URS0000215639	SNODB	73	9606	snoRNA	
URS0000215639	SNODB	74	9606	snoRNA	
URS000021BC29	SNODB	75	9606	scaRNA	
URS000022BCB9	SNODB	77	9606	snoRNA	
URS000022C1CA	SNODB	76	9606	snoRNA	
URS000022EFB6	SNODB	78	9606	snoRNA	
URS000023DE4C	SNODB	1614	9606	scaRNA	
URS00002524EE	SNODB	81	9606	snoRNA	
URS00002585D2	SNODB	80	9606	snoRNA	
URS00002587B6	SNODB	79	9606	snoRNA	
URS000026935A	SNODB	84	9606	snoRNA	
URS0000269B1D	SNODB	83	9606	snoRNA	
URS000026BDF0	SNODB	82	9606	scaRNA	
URS000026D828	SNODB	87	9606	snoRNA	
URS000027315D	SNODB	88	9606	snoRNA	
URS000027BAE7	SNODB	85	9606	snoRNA	
URS0000285CCB	SNODB	86	9606	snoRNA	
URS000028CE2F	SNODB	89	9606	snoRNA	
URS000029360B	SNODB	90	9606	snoRNA	
URS0000294E00	SNODB	92	9606	snoRNA	
URS00002982D8	SNODB	91	9606	snoRNA	
URS000029D639	SNODB	94	9606	snoRNA	
URS00002B3204	SNODB	93	9606	scaRNA	
URS00002B3FE4	SNODB	95	9606	snoRNA	
URS00002B7232	SNODB	100	9606	snoRNA	
URS00002B7232	SNODB	101	9606	snoRNA	
URS00002B7232	SNODB	102	9606	snoRNA	
URS00002B7232	SNODB	96	9606	snoRNA	
URS00002B7232	SNODB	97	9606	snoRNA	
URS00002B7232	SNODB	98	9606	snoRNA	
URS00002B7232	SNODB	99	9606	snoRNA	
URS00002B9640	SNODB	103	9606	snoRNA	
URS00002BF97D	SNODB	104	9606	snoRNA	
URS00002C37BE	SNODB	106	9606	snoRNA	
URS00002E0A2C	SNODB	107	9606	snoRNA	
URS00002E0EE8	SNODB	108	9606	snoRNA	
URS00002E0EE8	SNODB	109	9606	snoRNA	
URS00002E0EE8	SNODB	110	9606	snoRNA	
URS00002E0EE8	SNODB	112	9606	snoRNA	
URS00002E5E66	SNODB	113	9606	snoRNA	
URS00002EC433	SNODB	114	9606	snoRNA	
URS00002F13BD	SNODB	115	9606	snoRNA	
URS00002F13BD	SNODB	116	9606	snoRNA	
URS00002F13BD	SNODB	117	9606	snoRNA	
URS00002F13BD	SNODB	118	9606	snoRNA	
URS00002F13BD	SNODB	119	9606	snoRNA	
URS00002F13BD	SNODB	120	9606	snoRNA	
URS00002F13BD	SNODB	121	9606	snoRNA	
URS00002F13BD	SNODB	122	9606	snoRNA	
URS00002F8E76	SNODB	123	9606	snoRNA	
URS00002FF4A6	SNODB	2035	9606	snoRNA	
URS000030BA79	SNODB	124	9606	snoRNA	
URS000030FCF9	SNODB	127	9606	snoRNA	
URS0000313FF1	SNODB	128	9606	snoRNA	
URS000031EDF0	SNODB	126	9606	snoRNA	
URS000031F86D	SNODB	125	9606	snoRNA	
URS00003289D2	SNODB	129	9606	snoRNA	
URS00003289D2	SNODB	130	9606	snoRNA	
URS00003289D2	SNODB	131	9606	snoRNA	
URS0000329D3E	SNODB	1615	9606	snoRNA	
URS000032B59A	SNODB	133	9606	snoRNA	
URS000032FEC4	SNODB	132	9606	snoRNA	
URS00003357E8	SNODB	1616	9606	snoRNA	
URS000033A30E	SNODB	134	9606	snoRNA	
URS000033FC0E	SNODB	135	9606	snoRNA	
URS000034C57A	SNODB	137	9606	snoRNA	
URS0000359B05	SNODB	136	9606	snoRNA	
URS000035BEB3	SNODB	138	9606	snoRNA	
URS0000361A8E	SNODB	139	9606	snoRNA	
URS00003640C3	SNODB	140	9606	snoRNA	
URS00003707F2	SNODB	141	9606	snoRNA	
URS00003737BE	SNODB	142	9606	snoRNA	
URS000037D7AE	SNODB	143	9606	snoRNA	
URS00003818BD	SNODB	144	9606	snoRNA	
URS00003852FE	SNODB	145	9606	snoRNA	
URS00003941F3	SNODB	147	9606	snoRNA	
URS00003A9200	SNODB	148	9606	snoRNA	
URS00003A960A	SNODB	146	9606	snoRNA	
URS00003B08B2	SNODB	151	9606	snoRNA	
URS00003B57B1	SNODB	150	9606	snoRNA	
URS00003B6A48	SNODB	149	9606	scaRNA	
URS00003BBC7E	SNODB	154	9606	snoRNA	
URS00003BC8C2	SNODB	152	9606	snoRNA	
URS00003BC8C2	SNODB	153	9606	snoRNA	
URS00003BD8F5	SNODB	155	9606	snoRNA	
URS00003C5431	SNODB	156	9606	snoRNA	
URS00003CCCBE	SNODB	157	9606	snoRNA	
URS00003CCCBE	SNODB	158	9606	snoRNA	
URS00003D103A	SNODB	161	9606	snoRNA	
URS00003D289D	SNODB	160	9606	snoRNA	
URS00003D5684	SNODB	159	9606	snoRNA	
URS00003DDA12	SNODB	164	9606	snoRNA	
URS00003E4134	SNODB	1617	9606	snoRNA	
URS00003E7565	SNODB	163	9606	snoRNA	
URS00003F1BD0	SNODB	162	9606	snoRNA	
URS000040478E	SNODB	1618	9606	snoRNA	
URS0000406CED	SNODB	165	9606	snoRNA	
URS000040E3BD	SNODB	2036	9606	snoRNA	
URS000041615F	SNODB	166	9606	snoRNA	
URS00004219CE	SNODB	167	9606	snoRNA	
URS000042BEC6	SNODB	105	9606	snoRNA	
URS0000434604	SNODB	168	9606	snoRNA	
URS000043549A	SNODB	169	9606	snoRNA	
URS0000438819	SNODB	170	9606	snoRNA	
URS00004416C5	SNODB	171	9606	telomerase_RNA	
URS0000446770	SNODB	173	9606	snoRNA	
URS0000451E99	SNODB	172	9606	snoRNA	
URS0000454FD5	SNODB	175	9606	snoRNA	
URS000045555D	SNODB	174	9606	snoRNA	
URS0000456F03	SNODB	176	9606	snoRNA	
URS00004632D2	SNODB	177	9606	snoRNA	
URS00004640CB	SNODB	179	9606	snoRNA	
URS0000466492	SNODB	178	9606	scaRNA	
URS0000467AB5	SNODB	180	9606	snoRNA	
URS0000468B49	SNODB	181	9606	snoRNA	
URS000046CCFB	SNODB	183	9606	snoRNA	
URS0000481B37	SNODB	182	9606	snoRNA	
URS000048213C	SNODB	1619	9606	snoRNA	
URS0000488BFE	SNODB	1620	9606	snoRNA	
URS0000488BFE	SNODB	184	9606	snoRNA	
URS00004A4D73	SNODB	185	9606	snoRNA	
URS00004A7003	SNODB	186	9606	telomerase_RNA	
URS00004A7D23	SNODB	187	9606	snoRNA	
URS00004ACFCF	SNODB	189	9606	snoRNA	
URS00004AEC70	SNODB	190	9606	snoRNA	
URS00004B4AC7	SNODB	188	9606	snoRNA	
URS00004B7978	SNODB	191	9606	snoRNA	
URS00004BB247	SNODB	192	9606	snoRNA	
URS00004BEE5E	SNODB	193	9606	snoRNA	
URS00004C6257	SNODB	194	9606	snoRNA	
URS00004C6FD8	SNODB	195	9606	snoRNA	
URS00004C8BD1	SNODB	196	9606	snoRNA	
URS00004D18E1	SNODB	197	9606	snoRNA	
URS00004D7B5D	SNODB	198	9606	snoRNA	
URS00004D7B5D	SNODB	199	9606	snoRNA	
URS00004DF250	SNODB	200	9606	snoRNA	
URS00004E0FA9	SNODB	203	9606	snoRNA	
URS00004EA987	SNODB	201	9606	snoRNA	
URS00004F2BDE	SNODB	202	9606	snoRNA	
URS00004F749B	SNODB	204	9606	snoRNA	
URS0000507EBE	SNODB	205	9606	snoRNA	
URS000050B350	SNODB	207	9606	snoRNA	
URS000050BD61	SNODB	208	9606	snoRNA	
URS0000513BE0	SNODB	210	9606	snoRNA	
URS00005160A3	SNODB	209	9606	snoRNA	
URS00005172B7	SNODB	206	9606	scaRNA	
URS000051B5A1	SNODB	211	9606	snoRNA	
URS000052FCE0	SNODB	212	9606	snoRNA	
URS000052FCE0	SNODB	213	9606	snoRNA	
URS000053336F	SNODB	214	9606	snoRNA	
URS00005357F7	SNODB	215	9606	snoRNA	
URS0000535D45	SNODB	216	9606	snoRNA	
URS000053962A	SNODB	217	9606	snoRNA	
URS000053D4AB	SNODB	218	9606	snoRNA	
URS000054DD16	SNODB	219	9606	snoRNA	
URS0000552BBC	SNODB	220	9606	snoRNA	
URS0000556628	SNODB	221	9606	snoRNA	
URS0000556628	SNODB	222	9606	snoRNA	
URS00005682D3	SNODB	223	9606	snoRNA	
URS0000569A4A	SNODB	224	9606	snoRNA	
URS0000571896	SNODB	225	9606	snoRNA	
URS000057460D	SNODB	226	9606	snoRNA	
URS0000599BEA	SNODB	228	9606	snoRNA	
URS00005A2612	SNODB	227	9606	scaRNA	
URS00005A3020	SNODB	229	9606	snoRNA	
URS00005A4CE1	SNODB	1910	9606	snoRNA	
URS00005ACA64	SNODB	230	9606	snoRNA	
URS00005B2B49	SNODB	231	9606	snoRNA	
URS00005B5A80	SNODB	233	9606	snoRNA	
URS00005B985B	SNODB	234	9606	snoRNA	
URS00005BBB0D	SNODB	235	9606	snoRNA	
URS00005C0742	SNODB	232	9606	scaRNA	
URS00005CE711	SNODB	237	9606	snoRNA	
URS00005D0E18	SNODB	2037	9606	snoRNA	
URS00005D459D	SNODB	236	9606	snoRNA	
URS00005D7632	SNODB	238	9606	snoRNA	
URS00005F1DD0	SNODB	239	9606	snoRNA	
URS00005F2496	SNODB	240	9606	snoRNA	
URS00005F3006	SNODB	241	9606	scaRNA	
URS00005F3006	SNODB	242	9606	scaRNA	
URS00005F7BA1	SNODB	245	9606	snoRNA	
URS00006020BE	SNODB	244	9606	snoRNA	
URS0000608804	SNODB	243	9606	scaRNA	
URS000060E88A	SNODB	2038	9606	snoRNA	
URS000061A08C	SNODB	246	9606	snoRNA	
URS000061A537	SNODB	247	9606	snoRNA	
URS000061A537	SNODB	248	9606	snoRNA	
URS000061AA47	SNODB	249	9606	snoRNA	
URS0000622DC6	SNODB	251	9606	snoRNA	
URS00006230DA	SNODB	252	9606	snoRNA	
URS00006231AB	SNODB	253	9606	snoRNA	
URS000062374B	SNODB	250	9606	snoRNA	
URS0000623764	SNODB	1913	9606	snoRNA	
URS0000623C4F	SNODB	260	9606	snoRNA	
URS0000623F72	SNODB	255	9606	snoRNA	
URS0000624BB7	SNODB	254	9606	snoRNA	
URS0000624CE3	SNODB	256	9606	snoRNA	
URS0000624F99	SNODB	257	9606	snoRNA	
URS00006250C4	SNODB	1911	9606	snoRNA	
URS0000625232	SNODB	259	9606	snoRNA	
URS000062539F	SNODB	1912	9606	snoRNA	
URS00006253B7	SNODB	263	9606	snoRNA	
URS000062548B	SNODB	264	9606	snoRNA	
URS00006258A0	SNODB	261	9606	snoRNA	
URS0000625D45	SNODB	1621	9606	snoRNA	
URS0000625E1C	SNODB	262	9606	snoRNA	
URS00006262E5	SNODB	267	9606	snoRNA	
URS0000626424	SNODB	268	9606	snoRNA	
URS00006269CF	SNODB	265	9606	snoRNA	
URS0000626A32	SNODB	1622	9606	snoRNA	
URS0000626DE9	SNODB	1612	9606	snoRNA	
URS000062766E	SNODB	1613	9606	snoRNA	
URS00006276F4	SNODB	269	9606	snoRNA	
URS0000627C19	SNODB	271	9606	snoRNA	
URS0000627E8B	SNODB	272	9606	snoRNA	
URS0000627FDE	SNODB	270	9606	snoRNA	
URS00006280D7	SNODB	1623	9606	snoRNA	
URS0000628281	SNODB	275	9606	snoRNA	
URS00006283BD	SNODB	1624	9606	snoRNA	
URS0000629234	SNODB	273	9606	snoRNA	
URS00006292A1	SNODB	1625	9606	snoRNA	
URS00006298DE	SNODB	274	9606	snoRNA	
URS000062A045	SNODB	276	9606	snoRNA	
URS000062A15C	SNODB	277	9606	snoRNA	
URS000062A58E	SNODB	279	9606	snoRNA	
URS000062AB91	SNODB	280	9606	snoRNA	
URS000062AC4B	SNODB	281	9606	snoRNA	
URS000062AE00	SNODB	278	9606	snoRNA	
URS000062B4FC	SNODB	282	9606	snoRNA	
URS000062B8D5	SNODB	283	9606	snoRNA	
URS000062BB2C	SNODB	1915	9606	snoRNA	
URS000062C002	SNODB	285	9606	snoRNA	
URS000062C164	SNODB	287	9606	snoRNA	
URS000062C44A	SNODB	286	9606	snoRNA	
URS000062C51B	SNODB	284	9606	snoRNA	
URS000062C5D9	SNODB	1914	9606	snoRNA	
URS000062C98F	SNODB	292	9606	snoRNA	
URS000062CA53	SNODB	293	9606	snoRNA	
URS000062CB87	SNODB	288	9606	snoRNA	
URS000062CFDA	SNODB	294	9606	snoRNA	
URS000062D0A0	SNODB	290	9606	snoRNA	
URS000062D18D	SNODB	297	9606	snoRNA	
URS000062DA9F	SNODB	295	9606	snoRNA	
URS000062DDA5	SNODB	298	9606	snoRNA	
URS000062DED0	SNODB	291	9606	snoRNA	
URS000062ED01	SNODB	296	9606	snoRNA	
URS000062EE63	SNODB	289	9606	snoRNA	
URS000062F4A9	SNODB	300	9606	snoRNA	
URS000062F4C6	SNODB	1626	9606	snoRNA	
URS000062FA9B	SNODB	301	9606	snoRNA	
URS000062FF1A	SNODB	302	9606	snoRNA	
URS0000630800	SNODB	303	9606	snoRNA	
URS0000630FE9	SNODB	304	9606	snoRNA	
URS000063108C	SNODB	299	9606	snoRNA	
URS00006317DF	SNODB	306	9606	snoRNA	
URS00006324BC	SNODB	305	9606	snoRNA	
URS0000632610	SNODB	307	9606	snoRNA	
URS0000632610	SNODB	308	9606	snoRNA	
URS0000632610	SNODB	309	9606	snoRNA	
URS0000632610	SNODB	310	9606	snoRNA	
URS0000632610	SNODB	311	9606	snoRNA	
URS0000632719	SNODB	312	9606	snoRNA	
URS0000632CF2	SNODB	313	9606	snoRNA	
URS0000632FDD	SNODB	316	9606	snoRNA	
URS00006331B6	SNODB	314	9606	snoRNA	
URS00006331B6	SNODB	315	9606	snoRNA	
URS0000633321	SNODB	1627	9606	snoRNA	
URS0000633894	SNODB	318	9606	snoRNA	
URS0000633952	SNODB	319	9606	snoRNA	
URS0000633AB4	SNODB	317	9606	snoRNA	
URS0000633AB6	SNODB	320	9606	snoRNA	
URS0000634240	SNODB	1628	9606	snoRNA	
URS0000634699	SNODB	322	9606	snoRNA	
URS0000634699	SNODB	323	9606	snoRNA	
URS00006346FD	SNODB	321	9606	snoRNA	
URS000063477D	SNODB	326	9606	snoRNA	
URS0000634C5A	SNODB	1629	9606	snoRNA	
URS0000634D9C	SNODB	1630	9606	snoRNA	
URS0000634EB5	SNODB	324	9606	snoRNA	
URS00006354E7	SNODB	1631	9606	snoRNA	
URS0000636105	SNODB	325	9606	snoRNA	
URS0000636753	SNODB	1632	9606	snoRNA	
URS000063690B	SNODB	327	9606	snoRNA	
URS000063690B	SNODB	328	9606	snoRNA	
URS000063690B	SNODB	329	9606	snoRNA	
URS000063690B	SNODB	332	9606	snoRNA	
URS0000636A2E	SNODB	335	9606	snoRNA	
URS0000636A8B	SNODB	1633	9606	snoRNA	
URS0000637558	SNODB	331	9606	snoRNA	
URS00006375AD	SNODB	333	9606	snoRNA	
URS00006375AD	SNODB	334	9606	snoRNA	
URS0000637A2B	SNODB	336	9606	snoRNA	
URS0000638059	SNODB	339	9606	snoRNA	
URS0000638562	SNODB	342	9606	snoRNA	
URS0000638562	SNODB	343	9606	snoRNA	
URS00006385CF	SNODB	337	9606	snoRNA	
URS0000638D3F	SNODB	338	9606	snoRNA	
URS0000639148	SNODB	340	9606	snoRNA	
URS0000639300	SNODB	341	9606	snoRNA	
URS0000639B09	SNODB	347	9606	snoRNA	
URS0000639D75	SNODB	348	9606	snoRNA	
URS000063A2E1	SNODB	344	9606	snoRNA	
URS000063A435	SNODB	349	9606	snoRNA	
URS000063A43F	SNODB	345	9606	snoRNA	
URS000063A7A9	SNODB	350	9606	snoRNA	
URS000063A91D	SNODB	346	9606	snoRNA	
URS000063AFF4	SNODB	351	9606	snoRNA	
URS000063AFF4	SNODB	352	9606	snoRNA	
URS000063AFF4	SNODB	353	9606	snoRNA	
URS000063B037	SNODB	355	9606	snoRNA	
URS000063B35D	SNODB	354	9606	snoRNA	
URS000063B456	SNODB	356	9606	snoRNA	
URS000063BFC1	SNODB	357	9606	snoRNA	
URS000063BFC1	SNODB	358	9606	snoRNA	
URS000063C47F	SNODB	360	9606	snoRNA	
URS000063C85E	SNODB	1634	9606	snoRNA	
URS000063C85E	SNODB	359	9606	snoRNA	
URS000063CBBE	SNODB	362	9606	snoRNA	
URS000063CE16	SNODB	364	9606	snoRNA	
URS000063CEBD	SNODB	363	9606	snoRNA	
URS000063CEC0	SNODB	365	9606	snoRNA	
URS000063D36F	SNODB	361	9606	snoRNA	
URS000063D71B	SNODB	369	9606	snoRNA	
URS000063D771	SNODB	366	9606	snoRNA	
URS000063D98E	SNODB	367	9606	snoRNA	
URS000063DFE2	SNODB	368	9606	snoRNA	
URS000063E6C3	SNODB	373	9606	snoRNA	
URS000063E927	SNODB	370	9606	snoRNA	
URS000063E976	SNODB	374	9606	snoRNA	
URS000063EA00	SNODB	375	9606	snoRNA	
URS000063EB1B	SNODB	376	9606	snoRNA	
URS000063EC12	SNODB	371	9606	snoRNA	
URS000063ED33	SNODB	372	9606	snoRNA	
URS000063EF58	SNODB	1636	9606	snoRNA	
URS000063F0CB	SNODB	1635	9606	snoRNA	
URS000063F175	SNODB	380	9606	snoRNA	
URS000063F2D8	SNODB	381	9606	snoRNA	
URS000063F860	SNODB	382	9606	snoRNA	
URS000063FF7D	SNODB	378	9606	snoRNA	
URS0000640360	SNODB	379	9606	snoRNA	
URS0000640372	SNODB	1638	9606	snoRNA	
URS0000640AE5	SNODB	383	9606	snoRNA	
URS0000640B31	SNODB	1637	9606	snoRNA	
URS0000640C62	SNODB	385	9606	snoRNA	
URS0000641640	SNODB	387	9606	snoRNA	
URS0000641AD0	SNODB	386	9606	snoRNA	
URS00006422E6	SNODB	388	9606	snoRNA	
URS0000642367	SNODB	391	9606	snoRNA	
URS00006431F6	SNODB	393	9606	snoRNA	
URS000064347B	SNODB	392	9606	snoRNA	
URS000064371C	SNODB	389	9606	snoRNA	
URS0000643E16	SNODB	390	9606	snoRNA	
URS0000643FAE	SNODB	394	9606	snoRNA	
URS00006441A0	SNODB	396	9606	snoRNA	
URS000064424F	SNODB	395	9606	snoRNA	
URS0000644A2D	SNODB	397	9606	snoRNA	
URS0000644C20	SNODB	402	9606	snoRNA	
URS00006457BC	SNODB	398	9606	snoRNA	
URS00006457E5	SNODB	399	9606	snoRNA	
URS0000645801	SNODB	400	9606	snoRNA	
URS0000645900	SNODB	404	9606	snoRNA	
URS0000645D3D	SNODB	401	9606	snoRNA	
URS0000646062	SNODB	1639	9606	snoRNA	
URS000064626B	SNODB	1640	9606	snoRNA	
URS0000646D2B	SNODB	1641	9606	snoRNA	
URS0000647500	SNODB	403	9606	snoRNA	
URS0000647C5C	SNODB	407	9606	snoRNA	
URS0000647FBC	SNODB	408	9606	snoRNA	
URS00006489D0	SNODB	409	9606	snoRNA	
URS0000648C1D	SNODB	406	9606	snoRNA	
URS0000648DBA	SNODB	405	9606	snoRNA	
URS0000648EAF	SNODB	410	9606	snoRNA	
URS000064930D	SNODB	412	9606	snoRNA	
URS0000649314	SNODB	413	9606	snoRNA	
URS00006496FC	SNODB	414	9606	snoRNA	
URS000064972A	SNODB	415	9606	snoRNA	
URS0000649DE4	SNODB	411	9606	snoRNA	
URS000064A0FE	SNODB	416	9606	snoRNA	
URS000064A1E7	SNODB	417	9606	snoRNA	
URS000064AE5E	SNODB	419	9606	snoRNA	
URS000064B135	SNODB	418	9606	snoRNA	
URS000064B297	SNODB	420	9606	snoRNA	
URS000064B626	SNODB	1642	9606	snoRNA	
URS000064B8EB	SNODB	423	9606	snoRNA	
URS000064B925	SNODB	422	9606	snoRNA	
URS000064BA0B	SNODB	425	9606	snoRNA	
URS000064BBC1	SNODB	424	9606	snoRNA	
URS000064C4B8	SNODB	426	9606	snoRNA	
URS000064C51A	SNODB	1917	9606	snoRNA	
URS000064C609	SNODB	431	9606	snoRNA	
URS000064C71B	SNODB	432	9606	snoRNA	
URS000064C81B	SNODB	1561	9606	snoRNA	
URS000064C987	SNODB	1916	9606	snoRNA	
URS000064D7D2	SNODB	1918	9606	snoRNA	
URS000064D8DC	SNODB	429	9606	snoRNA	
URS000064D922	SNODB	427	9606	snoRNA	
URS000064DD38	SNODB	428	9606	snoRNA	
URS000064DDEB	SNODB	1919	9606	snoRNA	
URS000064DFAF	SNODB	435	9606	snoRNA	
URS000064E0DA	SNODB	433	9606	snoRNA	
URS000064E1DF	SNODB	1647	9606	snoRNA	
URS000064E266	SNODB	1646	9606	snoRNA	
URS000064E32C	SNODB	1643	9606	snoRNA	
URS000064E7E7	SNODB	1644	9606	snoRNA	
URS000064EB5C	SNODB	434	9606	snoRNA	
URS000064F2D2	SNODB	1645	9606	snoRNA	
URS000064F355	SNODB	437	9606	snoRNA	
URS000064F491	SNODB	438	9606	snoRNA	
URS000064FA8C	SNODB	439	9606	snoRNA	
URS000064FE14	SNODB	446	9606	snoRNA	
URS000064FED0	SNODB	442	9606	snoRNA	
URS0000650132	SNODB	444	9606	snoRNA	
URS00006503CA	SNODB	440	9606	snoRNA	
URS000065044E	SNODB	443	9606	snoRNA	
URS0000650962	SNODB	445	9606	snoRNA	
URS0000650A43	SNODB	441	9606	snoRNA	
URS0000650AAE	SNODB	447	9606	snoRNA	
URS0000650B1E	SNODB	448	9606	snoRNA	
URS0000650B1E	SNODB	451	9606	snoRNA	
URS0000650DF5	SNODB	450	9606	snoRNA	
URS0000650FE5	SNODB	449	9606	snoRNA	
URS0000651282	SNODB	452	9606	snoRNA	
URS0000651322	SNODB	455	9606	snoRNA	
URS0000651343	SNODB	454	9606	snoRNA	
URS0000651480	SNODB	456	9606	snoRNA	
URS00006515DC	SNODB	453	9606	snoRNA	
URS0000651B2E	SNODB	457	9606	snoRNA	
URS0000651CAB	SNODB	1921	9606	snoRNA	
URS0000651DF1	SNODB	458	9606	snoRNA	
URS000065235D	SNODB	1922	9606	snoRNA	
URS0000652A3D	SNODB	460	9606	snoRNA	
URS00006538AD	SNODB	461	9606	snoRNA	
URS0000653FA4	SNODB	462	9606	snoRNA	
URS0000654513	SNODB	1923	9606	snoRNA	
URS00006546A1	SNODB	1920	9606	snoRNA	
URS00006546BC	SNODB	459	9606	snoRNA	
URS0000654965	SNODB	1650	9606	snoRNA	
URS0000654D24	SNODB	1649	9606	snoRNA	
URS0000654F50	SNODB	463	9606	snoRNA	
URS00006554DB	SNODB	1648	9606	snoRNA	
URS0000656163	SNODB	464	9606	snoRNA	
URS00006561BE	SNODB	467	9606	snoRNA	
URS0000656890	SNODB	466	9606	snoRNA	
URS0000656AD9	SNODB	470	9606	snoRNA	
URS0000656AFD	SNODB	468	9606	snoRNA	
URS0000656C2B	SNODB	471	9606	snoRNA	
URS0000656FA3	SNODB	474	9606	snoRNA	
URS00006570DA	SNODB	472	9606	snoRNA	
URS000065750C	SNODB	473	9606	snoRNA	
URS000065780A	SNODB	475	9606	snoRNA	
URS0000657AAB	SNODB	469	9606	snoRNA	
URS0000657C39	SNODB	478	9606	snoRNA	
URS0000657C48	SNODB	479	9606	snoRNA	
URS0000657DBC	SNODB	476	9606	snoRNA	
URS00006590F6	SNODB	480	9606	snoRNA	
URS000065912C	SNODB	2039	9606	snoRNA	
URS0000659C3B	SNODB	481	9606	snoRNA	
URS000065A0BD	SNODB	477	9606	snoRNA	
URS000065A7A0	SNODB	482	9606	snoRNA	
URS000065B4F5	SNODB	483	9606	snoRNA	
URS000065B7B7	SNODB	487	9606	snoRNA	
URS000065C090	SNODB	1652	9606	snoRNA	
URS000065C674	SNODB	1653	9606	snoRNA	
URS000065CE0E	SNODB	484	9606	snoRNA	
URS000065CF88	SNODB	1654	9606	snoRNA	
URS000065D0B9	SNODB	485	9606	snoRNA	
URS000065D2DF	SNODB	486	9606	snoRNA	
URS000065DBA2	SNODB	1651	9606	snoRNA	
URS000065DEBC	SNODB	490	9606	snoRNA	
URS000065E003	SNODB	491	9606	snoRNA	
URS000065E64E	SNODB	492	9606	snoRNA	
URS000065E6A9	SNODB	489	9606	snoRNA	
URS000065E84A	SNODB	488	9606	snoRNA	
URS000065EA55	SNODB	493	9606	snoRNA	
URS000065F714	SNODB	497	9606	snoRNA	
URS000065F8CD	SNODB	496	9606	snoRNA	
URS000065F92A	SNODB	495	9606	snoRNA	
URS00006602E1	SNODB	494	9606	snoRNA	
URS0000660494	SNODB	500	9606	snoRNA	
URS00006607B4	SNODB	498	9606	snoRNA	
URS0000660917	SNODB	499	9606	snoRNA	
URS0000660E95	SNODB	501	9606	snoRNA	
URS0000660F0A	SNODB	502	9606	snoRNA	
URS00006611EB	SNODB	1658	9606	snoRNA	
URS0000661285	SNODB	1659	9606	snoRNA	
URS00006613DA	SNODB	1656	9606	snoRNA	
URS000066189C	SNODB	503	9606	snoRNA	
URS0000661C2B	SNODB	1657	9606	snoRNA	
URS0000661CCE	SNODB	504	9606	snoRNA	
URS00006623A0	SNODB	505	9606	snoRNA	
URS00006625E3	SNODB	1660	9606	snoRNA	
URS00006629CA	SNODB	1661	9606	snoRNA	
URS000066315D	SNODB	506	9606	snoRNA	
URS000066338A	SNODB	1662	9606	snoRNA	
URS0000663971	SNODB	1663	9606	snoRNA	
URS00006649B8	SNODB	507	9606	snoRNA	
URS0000664A32	SNODB	509	9606	snoRNA	
URS0000664AB3	SNODB	512	9606	snoRNA	
URS00006653DE	SNODB	510	9606	snoRNA	
URS0000665AC5	SNODB	511	9606	snoRNA	
URS0000665D2F	SNODB	508	9606	snoRNA	
URS0000665D44	SNODB	1924	9606	snoRNA	
URS0000666766	SNODB	515	9606	snoRNA	
URS0000666D1E	SNODB	513	9606	snoRNA	
URS0000666DC3	SNODB	521	9606	snoRNA	
URS0000667113	SNODB	516	9606	snoRNA	
URS000066718C	SNODB	519	9606	snoRNA	
URS0000667C33	SNODB	1602	9606	snoRNA	
URS0000667FF2	SNODB	514	9606	snoRNA	
URS00006680E3	SNODB	1603	9606	snoRNA	
URS00006685FE	SNODB	517	9606	snoRNA	
URS0000668A82	SNODB	518	9606	snoRNA	
URS0000668D1E	SNODB	522	9606	snoRNA	
URS0000668E0B	SNODB	520	9606	snoRNA	
URS0000668EAA	SNODB	1925	9606	snoRNA	
URS0000668EB5	SNODB	528	9606	snoRNA	
URS000066958C	SNODB	526	9606	snoRNA	
URS0000669728	SNODB	1926	9606	snoRNA	
URS000066A199	SNODB	529	9606	snoRNA	
URS000066A217	SNODB	523	9606	snoRNA	
URS000066A27B	SNODB	524	9606	snoRNA	
URS000066A4C6	SNODB	527	9606	snoRNA	
URS000066A5ED	SNODB	530	9606	snoRNA	
URS000066B30B	SNODB	1907	9606	snoRNA	
URS000066B745	SNODB	525	9606	snoRNA	
URS000066BEF4	SNODB	531	9606	snoRNA	
URS000066BF81	SNODB	532	9606	snoRNA	
URS000066C61B	SNODB	533	9606	snoRNA	
URS000066C675	SNODB	1610	9606	snoRNA	
URS000066CB0A	SNODB	535	9606	snoRNA	
URS000066CC58	SNODB	1927	9606	snoRNA	
URS000066CF01	SNODB	534	9606	snoRNA	
URS000066CF48	SNODB	1908	9606	snoRNA	
URS000066D123	SNODB	539	9606	snoRNA	
URS000066D2E5	SNODB	538	9606	snoRNA	
URS000066D90C	SNODB	1664	9606	snoRNA	
URS000066D98E	SNODB	536	9606	snoRNA	
URS000066DCFB	SNODB	1665	9606	snoRNA	
URS000066DE68	SNODB	537	9606	snoRNA	
URS000066E0CA	SNODB	544	9606	snoRNA	
URS000066E3F5	SNODB	540	9606	snoRNA	
URS000066E864	SNODB	545	9606	snoRNA	
URS000066EA17	SNODB	541	9606	snoRNA	
URS000066F0AF	SNODB	1604	9606	snoRNA	
URS000066F504	SNODB	543	9606	snoRNA	
URS000066F8D0	SNODB	542	9606	snoRNA	
URS000066FABB	SNODB	1668	9606	snoRNA	
URS000066FE11	SNODB	548	9606	snoRNA	
URS000066FE38	SNODB	1666	9606	snoRNA	
URS000067018B	SNODB	546	9606	snoRNA	
URS000067020C	SNODB	547	9606	snoRNA	
URS000067075B	SNODB	553	9606	snoRNA	
URS0000670F96	SNODB	1928	9606	snoRNA	
URS000067191E	SNODB	552	9606	snoRNA	
URS0000671A7F	SNODB	549	9606	snoRNA	
URS0000671A7F	SNODB	550	9606	snoRNA	
URS0000671E90	SNODB	554	9606	snoRNA	
URS0000672C39	SNODB	555	9606	snoRNA	
URS0000673BDB	SNODB	551	9606	snoRNA	
URS0000673CBC	SNODB	560	9606	snoRNA	
URS0000673CF7	SNODB	561	9606	snoRNA	
URS0000673E8F	SNODB	562	9606	snoRNA	
URS000067445B	SNODB	558	9606	snoRNA	
URS00006746AA	SNODB	556	9606	snoRNA	
URS0000674865	SNODB	559	9606	snoRNA	
URS0000674D17	SNODB	563	9606	snoRNA	
URS0000674E65	SNODB	1669	9606	snoRNA	
URS000067529C	SNODB	564	9606	snoRNA	
URS00006752E2	SNODB	566	9606	snoRNA	
URS0000675B61	SNODB	1670	9606	snoRNA	
URS0000675FE1	SNODB	1671	9606	snoRNA	
URS00006761DA	SNODB	565	9606	snoRNA	
URS00006762EA	SNODB	568	9606	snoRNA	
URS000067654B	SNODB	569	9606	snoRNA	
URS00006765A7	SNODB	573	9606	snoRNA	
URS00006765A7	SNODB	574	9606	snoRNA	
URS0000676D30	SNODB	1672	9606	snoRNA	
URS00006770BF	SNODB	572	9606	snoRNA	
URS00006771A1	SNODB	570	9606	snoRNA	
URS00006771A1	SNODB	575	9606	snoRNA	
URS000067745B	SNODB	1673	9606	snoRNA	
URS000067793D	SNODB	1674	9606	snoRNA	
URS0000677D51	SNODB	576	9606	snoRNA	
URS0000677DD8	SNODB	1675	9606	snoRNA	
URS0000677DDC	SNODB	577	9606	snoRNA	
URS0000677F3C	SNODB	1930	9606	snoRNA	
URS000067818F	SNODB	579	9606	snoRNA	
URS00006781BE	SNODB	578	9606	snoRNA	
URS0000678289	SNODB	580	9606	snoRNA	
URS000067890D	SNODB	1929	9606	snoRNA	
URS0000678F5E	SNODB	585	9606	snoRNA	
URS0000679C0F	SNODB	586	9606	snoRNA	
URS0000679D2E	SNODB	581	9606	snoRNA	
URS0000679D94	SNODB	583	9606	snoRNA	
URS0000679E50	SNODB	582	9606	snoRNA	
URS0000679E95	SNODB	584	9606	snoRNA	
URS0000679FD0	SNODB	1676	9606	snoRNA	
URS000067A005	SNODB	1677	9606	snoRNA	
URS000067A005	SNODB	589	9606	snoRNA	
URS000067A412	SNODB	588	9606	snoRNA	
URS000067AF90	SNODB	587	9606	snoRNA	
URS000067B46E	SNODB	591	9606	snoRNA	
URS000067B8ED	SNODB	593	9606	snoRNA	
URS000067C03A	SNODB	594	9606	snoRNA	
URS000067C18D	SNODB	590	9606	snoRNA	
URS000067C43A	SNODB	597	9606	snoRNA	
URS000067C59A	SNODB	598	9606	snoRNA	
URS000067C6C9	SNODB	1680	9606	snoRNA	
URS000067C774	SNODB	599	9606	snoRNA	
URS000067CAFD	SNODB	1678	9606	snoRNA	
URS000067CDA6	SNODB	1679	9606	snoRNA	
URS000067D1FB	SNODB	595	9606	snoRNA	
URS000067D32E	SNODB	596	9606	snoRNA	
URS000067D430	SNODB	600	9606	scaRNA	
URS000067D6E9	SNODB	1682	9606	snoRNA	
URS000067D772	SNODB	1681	9606	snoRNA	
URS000067DA8A	SNODB	1684	9606	snoRNA	
URS000067DD90	SNODB	601	9606	snoRNA	
URS000067E1FA	SNODB	1685	9606	snoRNA	
URS000067E5A6	SNODB	1683	9606	snoRNA	
URS000067E6DC	SNODB	1931	9606	snoRNA	
URS000067E73A	SNODB	606	9606	snoRNA	
URS000067E883	SNODB	602	9606	snoRNA	
URS000067EA4E	SNODB	609	9606	snoRNA	
URS000067EB9D	SNODB	607	9606	snoRNA	
URS000067F09E	SNODB	608	9606	snoRNA	
URS000067F4AB	SNODB	603	9606	snoRNA	
URS000067FA94	SNODB	604	9606	snoRNA	
URS0000680170	SNODB	615	9606	snoRNA	
URS0000680605	SNODB	610	9606	snoRNA	
URS000068066E	SNODB	614	9606	snoRNA	
URS000068077D	SNODB	1932	9606	snoRNA	
URS000068078B	SNODB	612	9606	snoRNA	
URS0000680EAF	SNODB	613	9606	snoRNA	
URS00006810EA	SNODB	611	9606	snoRNA	
URS0000681191	SNODB	617	9606	snoRNA	
URS000068123A	SNODB	616	9606	snoRNA	
URS0000681BBE	SNODB	618	9606	snoRNA	
URS0000681D44	SNODB	619	9606	snoRNA	
URS0000682126	SNODB	623	9606	snoRNA	
URS00006825AE	SNODB	620	9606	snoRNA	
URS000068265C	SNODB	621	9606	snoRNA	
URS00006826C4	SNODB	622	9606	snoRNA	
URS0000682984	SNODB	624	9606	snoRNA	
URS0000682E3E	SNODB	631	9606	snoRNA	
URS0000682FEC	SNODB	626	9606	snoRNA	
URS000068429C	SNODB	625	9606	scaRNA	
URS00006846FB	SNODB	627	9606	snoRNA	
URS0000684F73	SNODB	628	9606	snoRNA	
URS0000685631	SNODB	629	9606	snoRNA	
URS0000685989	SNODB	633	9606	snoRNA	
URS0000685C97	SNODB	1933	9606	snoRNA	
URS0000685E67	SNODB	630	9606	snoRNA	
URS0000686085	SNODB	632	9606	snoRNA	
URS0000686613	SNODB	1934	9606	snoRNA	
URS00006868E5	SNODB	634	9606	snoRNA	
URS00006868FF	SNODB	2040	9606	snoRNA	
URS0000686E94	SNODB	635	9606	snoRNA	
URS0000686F5C	SNODB	639	9606	snoRNA	
URS0000687397	SNODB	636	9606	snoRNA	
URS0000687979	SNODB	637	9606	snoRNA	
URS0000687979	SNODB	638	9606	snoRNA	
URS00006879EE	SNODB	641	9606	snoRNA	
URS0000688170	SNODB	642	9606	snoRNA	
URS000068824B	SNODB	640	9606	snoRNA	
URS0000688767	SNODB	645	9606	snoRNA	
URS0000688C02	SNODB	646	9606	snoRNA	
URS000068907A	SNODB	648	9606	snoRNA	
URS0000689325	SNODB	644	9606	snoRNA	
URS00006895C8	SNODB	647	9606	snoRNA	
URS00006895CF	SNODB	1611	9606	snoRNA	
URS00006896B4	SNODB	643	9606	snoRNA	
URS0000689A11	SNODB	650	9606	snoRNA	
URS0000689C94	SNODB	651	9606	snoRNA	
URS0000689F56	SNODB	655	9606	snoRNA	
URS0000689F56	SNODB	656	9606	snoRNA	
URS000068A0FA	SNODB	657	9606	snoRNA	
URS000068A4EE	SNODB	649	9606	snoRNA	
URS000068A983	SNODB	652	9606	snoRNA	
URS000068A9F2	SNODB	653	9606	snoRNA	
URS000068AEE6	SNODB	654	9606	snoRNA	
URS000068B1DE	SNODB	658	9606	snoRNA	
URS000068B2F1	SNODB	659	9606	snoRNA	
URS000068C4B9	SNODB	1938	9606	snoRNA	
URS000068C656	SNODB	1940	9606	snoRNA	
URS000068C891	SNODB	660	9606	snoRNA	
URS000068CB02	SNODB	1935	9606	snoRNA	
URS000068D1F4	SNODB	1936	9606	snoRNA	
URS000068D2AD	SNODB	1939	9606	snoRNA	
URS000068D799	SNODB	1937	9606	snoRNA	
URS000068D8D3	SNODB	1686	9606	snoRNA	
URS000068D93E	SNODB	663	9606	snoRNA	
URS000068DB29	SNODB	661	9606	snoRNA	
URS000068DD0B	SNODB	1688	9606	snoRNA	
URS000068DD11	SNODB	662	9606	snoRNA	
URS000068DD11	SNODB	665	9606	snoRNA	
URS000068DF0F	SNODB	666	9606	snoRNA	
URS000068E47D	SNODB	667	9606	snoRNA	
URS000068E625	SNODB	1941	9606	snoRNA	
URS000068ED18	SNODB	668	9606	snoRNA	
URS000068ED1D	SNODB	669	9606	snoRNA	
URS000068ED8C	SNODB	664	9606	snoRNA	
URS000068EF43	SNODB	670	9606	snoRNA	
URS000068F8E0	SNODB	671	9606	snoRNA	
URS000068FBF1	SNODB	672	9606	snoRNA	
URS0000690006	SNODB	673	9606	snoRNA	
URS0000690497	SNODB	675	9606	snoRNA	
URS0000690AB9	SNODB	681	9606	snoRNA	
URS0000690DEC	SNODB	677	9606	snoRNA	
URS0000690EAD	SNODB	678	9606	snoRNA	
URS000069123B	SNODB	674	9606	snoRNA	
URS0000691595	SNODB	682	9606	snoRNA	
URS00006916B0	SNODB	679	9606	snoRNA	
URS00006916C8	SNODB	1942	9606	snoRNA	
URS00006916DC	SNODB	680	9606	snoRNA	
URS000069191D	SNODB	1689	9606	snoRNA	
URS0000692106	SNODB	1692	9606	snoRNA	
URS00006924C2	SNODB	683	9606	snoRNA	
URS00006926AF	SNODB	1693	9606	snoRNA	
URS0000692EDD	SNODB	1691	9606	snoRNA	
URS0000693C16	SNODB	1695	9606	snoRNA	
URS0000693C26	SNODB	1694	9606	snoRNA	
URS0000693E8E	SNODB	684	9606	snoRNA	
URS00006944C1	SNODB	686	9606	snoRNA	
URS00006944E4	SNODB	685	9606	snoRNA	
URS0000694E2A	SNODB	687	9606	snoRNA	
URS0000694F71	SNODB	688	9606	snoRNA	
URS000069573D	SNODB	689	9606	snoRNA	
URS0000695A7B	SNODB	696	9606	snoRNA	
URS000069636A	SNODB	697	9606	snoRNA	
URS00006963E8	SNODB	1696	9606	snoRNA	
URS00006968F8	SNODB	692	9606	snoRNA	
URS000069691F	SNODB	693	9606	snoRNA	
URS0000696CDC	SNODB	695	9606	snoRNA	
URS0000697361	SNODB	690	9606	snoRNA	
URS00006974E4	SNODB	694	9606	snoRNA	
URS0000697611	SNODB	2028	9606	snoRNA	
URS0000697668	SNODB	691	9606	snoRNA	
URS0000697875	SNODB	701	9606	snoRNA	
URS00006979EA	SNODB	698	9606	snoRNA	
URS0000697C31	SNODB	699	9606	snoRNA	
URS0000697F41	SNODB	700	9606	snoRNA	
URS00006988DC	SNODB	706	9606	snoRNA	
URS0000698A77	SNODB	707	9606	snoRNA	
URS0000698D1E	SNODB	702	9606	snoRNA	
URS0000698D61	SNODB	703	9606	snoRNA	
URS0000698D82	SNODB	709	9606	snoRNA	
URS0000698FC5	SNODB	705	9606	snoRNA	
URS0000699519	SNODB	704	9606	snoRNA	
URS00006997AA	SNODB	708	9606	snoRNA	
URS0000699824	SNODB	712	9606	snoRNA	
URS00006999D2	SNODB	1943	9606	snoRNA	
URS00006999DF	SNODB	710	9606	snoRNA	
URS000069A5FA	SNODB	711	9606	snoRNA	
URS000069AA82	SNODB	1698	9606	snoRNA	
URS000069B54C	SNODB	714	9606	snoRNA	
URS000069B54D	SNODB	713	9606	snoRNA	
URS000069C3DA	SNODB	1699	9606	snoRNA	
URS000069C4EF	SNODB	1697	9606	snoRNA	
URS000069C89B	SNODB	720	9606	snoRNA	
URS000069D3EA	SNODB	1944	9606	snoRNA	
URS000069D563	SNODB	718	9606	snoRNA	
URS000069DC9A	SNODB	717	9606	snoRNA	
URS000069E182	SNODB	719	9606	snoRNA	
URS000069E519	SNODB	716	9606	snoRNA	
URS000069E90E	SNODB	731	9606	snoRNA	
URS000069EBB7	SNODB	1700	9606	snoRNA	
URS000069EF50	SNODB	723	9606	snoRNA	
URS00006A0203	SNODB	724	9606	snoRNA	
URS00006A0332	SNODB	725	9606	snoRNA	
URS00006A1082	SNODB	721	9606	snoRNA	
URS00006A14A8	SNODB	726	9606	snoRNA	
URS00006A14E6	SNODB	727	9606	snoRNA	
URS00006A1884	SNODB	728	9606	snoRNA	
URS00006A1C0B	SNODB	729	9606	snoRNA	
URS00006A1C0B	SNODB	730	9606	snoRNA	
URS00006A1C85	SNODB	722	9606	snoRNA	
URS00006A1ED4	SNODB	732	9606	snoRNA	
URS00006A238C	SNODB	733	9606	snoRNA	
URS00006A254F	SNODB	734	9606	snoRNA	
URS00006A254F	SNODB	735	9606	snoRNA	
URS00006A2B14	SNODB	738	9606	snoRNA	
URS00006A2D08	SNODB	737	9606	snoRNA	
URS00006A2FF4	SNODB	736	9606	snoRNA	
URS00006A384C	SNODB	739	9606	snoRNA	
URS00006A384C	SNODB	740	9606	snoRNA	
URS00006A384C	SNODB	741	9606	snoRNA	
URS00006A384C	SNODB	742	9606	snoRNA	
URS00006A38AA	SNODB	744	9606	snoRNA	
URS00006A398A	SNODB	743	9606	snoRNA	
URS00006A4258	SNODB	748	9606	snoRNA	
URS00006A42F5	SNODB	747	9606	snoRNA	
URS00006A4586	SNODB	2041	9606	snoRNA	
URS00006A471A	SNODB	746	9606	snoRNA	
URS00006A4DC9	SNODB	745	9606	snoRNA	
URS00006A59B7	SNODB	1890	9606	snoRNA	
URS00006A5E9A	SNODB	1945	9606	snoRNA	
URS00006A5FBC	SNODB	1946	9606	snoRNA	
URS00006A6282	SNODB	749	9606	snoRNA	
URS00006A65B7	SNODB	751	9606	snoRNA	
URS00006A65B9	SNODB	750	9606	snoRNA	
URS00006A6778	SNODB	752	9606	snoRNA	
URS00006A6778	SNODB	753	9606	snoRNA	
URS00006A6778	SNODB	754	9606	snoRNA	
URS00006A6778	SNODB	755	9606	snoRNA	
URS00006A6778	SNODB	756	9606	snoRNA	
URS00006A6778	SNODB	757	9606	snoRNA	
URS00006A6778	SNODB	759	9606	snoRNA	
URS00006A7697	SNODB	758	9606	snoRNA	
URS00006A7795	SNODB	760	9606	snoRNA	
URS00006A7862	SNODB	1948	9606	snoRNA	
URS00006A78F3	SNODB	763	9606	snoRNA	
URS00006A7C5E	SNODB	1949	9606	snoRNA	
URS00006A7E8F	SNODB	764	9606	snoRNA	
URS00006A7F0F	SNODB	761	9606	snoRNA	
URS00006A82CA	SNODB	1947	9606	snoRNA	
URS00006A833E	SNODB	765	9606	snoRNA	
URS00006A84AA	SNODB	762	9606	snoRNA	
URS00006A84DF	SNODB	766	9606	snoRNA	
URS00006A84DF	SNODB	767	9606	snoRNA	
URS00006A860A	SNODB	2059	9606	snoRNA	
URS00006A87A0	SNODB	769	9606	snoRNA	
URS00006A8BE7	SNODB	768	9606	snoRNA	
URS00006A8DC5	SNODB	774	9606	snoRNA	
URS00006A933C	SNODB	776	9606	snoRNA	
URS00006A94D6	SNODB	1702	9606	snoRNA	
URS00006A9ACF	SNODB	770	9606	snoRNA	
URS00006AA0A3	SNODB	771	9606	snoRNA	
URS00006AA133	SNODB	1701	9606	snoRNA	
URS00006AA396	SNODB	775	9606	snoRNA	
URS00006AAB06	SNODB	772	9606	snoRNA	
URS00006AAF5B	SNODB	783	9606	snoRNA	
URS00006AB81D	SNODB	1950	9606	snoRNA	
URS00006ABB19	SNODB	782	9606	snoRNA	
URS00006ABCD0	SNODB	778	9606	snoRNA	
URS00006ABE86	SNODB	779	9606	snoRNA	
URS00006AC018	SNODB	780	9606	snoRNA	
URS00006AC16E	SNODB	781	9606	snoRNA	
URS00006AC439	SNODB	777	9606	snoRNA	
URS00006AC4B6	SNODB	785	9606	snoRNA	
URS00006AC65D	SNODB	786	9606	snoRNA	
URS00006AC67D	SNODB	787	9606	snoRNA	
URS00006ACA80	SNODB	784	9606	snoRNA	
URS00006AD30B	SNODB	791	9606	snoRNA	
URS00006AD346	SNODB	792	9606	snoRNA	
URS00006ADC43	SNODB	793	9606	snoRNA	
URS00006ADC79	SNODB	1951	9606	snoRNA	
URS00006AE004	SNODB	788	9606	snoRNA	
URS00006AE0CF	SNODB	794	9606	snoRNA	
URS00006AE9CD	SNODB	789	9606	snoRNA	
URS00006AEB04	SNODB	790	9606	snoRNA	
URS00006AF21F	SNODB	799	9606	snoRNA	
URS00006AF35C	SNODB	798	9606	snoRNA	
URS00006AF63C	SNODB	796	9606	snoRNA	
URS00006AF815	SNODB	795	9606	snoRNA	
URS00006AFC77	SNODB	801	9606	snoRNA	
URS00006AFD10	SNODB	800	9606	snoRNA	
URS00006B01A6	SNODB	805	9606	snoRNA	
URS00006B09CE	SNODB	2022	9606	snoRNA	
URS00006B0B45	SNODB	1593	9606	snoRNA	
URS00006B0B83	SNODB	1704	9606	snoRNA	
URS00006B0BE2	SNODB	802	9606	snoRNA	
URS00006B10B1	SNODB	803	9606	snoRNA	
URS00006B1777	SNODB	2021	9606	snoRNA	
URS00006B1E58	SNODB	804	9606	snoRNA	
URS00006B1ED5	SNODB	1703	9606	snoRNA	
URS00006B1FC8	SNODB	806	9606	snoRNA	
URS00006B25F2	SNODB	1705	9606	snoRNA	
URS00006B291E	SNODB	807	9606	snoRNA	
URS00006B2FA9	SNODB	808	9606	snoRNA	
URS00006B398F	SNODB	809	9606	snoRNA	
URS00006B4146	SNODB	810	9606	snoRNA	
URS00006B41C9	SNODB	812	9606	snoRNA	
URS00006B4208	SNODB	811	9606	snoRNA	
URS00006B422C	SNODB	1707	9606	snoRNA	
URS00006B42BC	SNODB	813	9606	snoRNA	
URS00006B4648	SNODB	814	9606	snoRNA	
URS00006B483D	SNODB	817	9606	snoRNA	
URS00006B4B59	SNODB	2023	9606	snoRNA	
URS00006B5017	SNODB	815	9606	snoRNA	
URS00006B5228	SNODB	816	9606	snoRNA	
URS00006B5455	SNODB	1708	9606	snoRNA	
URS00006B57E0	SNODB	1706	9606	snoRNA	
URS00006B5A79	SNODB	1952	9606	snoRNA	
URS00006B5BC5	SNODB	821	9606	snoRNA	
URS00006B61AB	SNODB	1953	9606	snoRNA	
URS00006B6608	SNODB	820	9606	snoRNA	
URS00006B6953	SNODB	822	9606	snoRNA	
URS00006B6C71	SNODB	823	9606	snoRNA	
URS00006B7350	SNODB	824	9606	snoRNA	
URS00006B7458	SNODB	825	9606	snoRNA	
URS00006B7EBB	SNODB	819	9606	snoRNA	
URS00006B7F32	SNODB	829	9606	snoRNA	
URS00006B812C	SNODB	831	9606	snoRNA	
URS00006B836F	SNODB	826	9606	snoRNA	
URS00006B87D2	SNODB	827	9606	snoRNA	
URS00006B8984	SNODB	830	9606	snoRNA	
URS00006B8A86	SNODB	828	9606	snoRNA	
URS00006B8E06	SNODB	1954	9606	snoRNA	
URS00006B8F16	SNODB	834	9606	snoRNA	
URS00006B921D	SNODB	835	9606	snoRNA	
URS00006B93E6	SNODB	1955	9606	snoRNA	
URS00006B9607	SNODB	832	9606	snoRNA	
URS00006B991A	SNODB	836	9606	snoRNA	
URS00006B9F9B	SNODB	837	9606	snoRNA	
URS00006BA0F5	SNODB	1956	9606	snoRNA	
URS00006BA413	SNODB	1957	9606	snoRNA	
URS00006BA6A8	SNODB	840	9606	snoRNA	
URS00006BA6C2	SNODB	839	9606	snoRNA	
URS00006BA8E0	SNODB	838	9606	snoRNA	
URS00006BABCA	SNODB	2042	9606	snoRNA	
URS00006BAF16	SNODB	1958	9606	snoRNA	
URS00006BB2D2	SNODB	842	9606	snoRNA	
URS00006BB446	SNODB	843	9606	snoRNA	
URS00006BB86E	SNODB	846	9606	snoRNA	
URS00006BBA07	SNODB	844	9606	snoRNA	
URS00006BBBA2	SNODB	845	9606	snoRNA	
URS00006BC1BF	SNODB	841	9606	snoRNA	
URS00006BC7F5	SNODB	847	9606	snoRNA	
URS00006BCC3D	SNODB	848	9606	snoRNA	
URS00006BD131	SNODB	849	9606	snoRNA	
URS00006BD5C3	SNODB	852	9606	snoRNA	
URS00006BDBF5	SNODB	851	9606	snoRNA	
URS00006BE5B3	SNODB	1711	9606	snoRNA	
URS00006BECFB	SNODB	853	9606	snoRNA	
URS00006BEDDC	SNODB	854	9606	snoRNA	
URS00006BEE7C	SNODB	1709	9606	snoRNA	
URS00006BFEF4	SNODB	1710	9606	snoRNA	
URS00006C0043	SNODB	856	9606	snoRNA	
URS00006C042F	SNODB	857	9606	snoRNA	
URS00006C0689	SNODB	858	9606	snoRNA	
URS00006C06EA	SNODB	1712	9606	snoRNA	
URS00006C094F	SNODB	859	9606	snoRNA	
URS00006C099A	SNODB	1713	9606	snoRNA	
URS00006C099F	SNODB	855	9606	snoRNA	
URS00006C0D78	SNODB	862	9606	snoRNA	
URS00006C0E59	SNODB	1714	9606	snoRNA	
URS00006C0F1E	SNODB	860	9606	snoRNA	
URS00006C1020	SNODB	1716	9606	snoRNA	
URS00006C181E	SNODB	861	9606	snoRNA	
URS00006C197B	SNODB	1715	9606	snoRNA	
URS00006C1D34	SNODB	865	9606	snoRNA	
URS00006C1D80	SNODB	868	9606	snoRNA	
URS00006C1E4E	SNODB	869	9606	snoRNA	
URS00006C207A	SNODB	863	9606	snoRNA	
URS00006C274D	SNODB	864	9606	snoRNA	
URS00006C2751	SNODB	867	9606	snoRNA	
URS00006C287C	SNODB	1717	9606	snoRNA	
URS00006C2FB0	SNODB	866	9606	snoRNA	
URS00006C3096	SNODB	872	9606	snoRNA	
URS00006C38E6	SNODB	870	9606	snoRNA	
URS00006C40DF	SNODB	873	9606	snoRNA	
URS00006C4459	SNODB	876	9606	snoRNA	
URS00006C447F	SNODB	2024	9606	snoRNA	
URS00006C4777	SNODB	871	9606	snoRNA	
URS00006C48E1	SNODB	874	9606	snoRNA	
URS00006C4946	SNODB	875	9606	snoRNA	
URS00006C4976	SNODB	1594	9606	snoRNA	
URS00006C4A64	SNODB	1591	9606	snoRNA	
URS00006C4B05	SNODB	880	9606	snoRNA	
URS00006C54D2	SNODB	877	9606	snoRNA	
URS00006C5D41	SNODB	881	9606	snoRNA	
URS00006C5E80	SNODB	879	9606	snoRNA	
URS00006C5EFE	SNODB	878	9606	snoRNA	
URS00006C6093	SNODB	885	9606	snoRNA	
URS00006C622C	SNODB	886	9606	snoRNA	
URS00006C6754	SNODB	887	9606	snoRNA	
URS00006C6F83	SNODB	1959	9606	snoRNA	
URS00006C7459	SNODB	884	9606	snoRNA	
URS00006C7891	SNODB	882	9606	snoRNA	
URS00006C793A	SNODB	1960	9606	snoRNA	
URS00006C8370	SNODB	883	9606	snoRNA	
URS00006C8A51	SNODB	888	9606	snoRNA	
URS00006C8A51	SNODB	889	9606	snoRNA	
URS00006C8B95	SNODB	891	9606	snoRNA	
URS00006C8D1B	SNODB	893	9606	snoRNA	
URS00006C9042	SNODB	897	9606	snoRNA	
URS00006C9249	SNODB	892	9606	snoRNA	
URS00006C9276	SNODB	894	9606	snoRNA	
URS00006C9451	SNODB	895	9606	snoRNA	
URS00006C9BFD	SNODB	896	9606	snoRNA	
URS00006C9D52	SNODB	890	9606	snoRNA	
URS00006CAD88	SNODB	2043	9606	snoRNA	
URS00006CAD88	SNODB	2044	9606	snoRNA	
URS00006CAD88	SNODB	2045	9606	snoRNA	
URS00006CAD88	SNODB	2046	9606	snoRNA	
URS00006CB892	SNODB	899	9606	snoRNA	
URS00006CB9B5	SNODB	1719	9606	snoRNA	
URS00006CBEA7	SNODB	1718	9606	snoRNA	
URS00006CC027	SNODB	898	9606	snoRNA	
URS00006CC403	SNODB	905	9606	snoRNA	
URS00006CC68C	SNODB	900	9606	snoRNA	
URS00006CC7CC	SNODB	904	9606	snoRNA	
URS00006CCD04	SNODB	903	9606	snoRNA	
URS00006CCF53	SNODB	906	9606	snoRNA	
URS00006CD075	SNODB	901	9606	snoRNA	
URS00006CD37C	SNODB	910	9606	snoRNA	
URS00006CD7AB	SNODB	908	9606	snoRNA	
URS00006CD872	SNODB	912	9606	snoRNA	
URS00006CD9B7	SNODB	909	9606	snoRNA	
URS00006CE02F	SNODB	907	9606	snoRNA	
URS00006CE133	SNODB	913	9606	snoRNA	
URS00006CE13F	SNODB	918	9606	snoRNA	
URS00006CE863	SNODB	916	9606	snoRNA	
URS00006CEBFE	SNODB	915	9606	snoRNA	
URS00006CED19	SNODB	914	9606	snoRNA	
URS00006CF09F	SNODB	920	9606	snoRNA	
URS00006CFC33	SNODB	921	9606	snoRNA	
URS00006CFD5E	SNODB	919	9606	snoRNA	
URS00006D051B	SNODB	922	9606	snoRNA	
URS00006D051F	SNODB	923	9606	snoRNA	
URS00006D05B3	SNODB	924	9606	snoRNA	
URS00006D0A95	SNODB	925	9606	snoRNA	
URS00006D1339	SNODB	927	9606	snoRNA	
URS00006D1413	SNODB	926	9606	snoRNA	
URS00006D14F8	SNODB	931	9606	snoRNA	
URS00006D1771	SNODB	932	9606	snoRNA	
URS00006D186A	SNODB	928	9606	snoRNA	
URS00006D193E	SNODB	935	9606	snoRNA	
URS00006D1F2F	SNODB	933	9606	snoRNA	
URS00006D2635	SNODB	934	9606	snoRNA	
URS00006D2F8D	SNODB	930	9606	snoRNA	
URS00006D3164	SNODB	929	9606	snoRNA	
URS00006D333F	SNODB	938	9606	snoRNA	
URS00006D35AE	SNODB	939	9606	snoRNA	
URS00006D367E	SNODB	940	9606	snoRNA	
URS00006D3E0E	SNODB	942	9606	snoRNA	
URS00006D3E67	SNODB	936	9606	snoRNA	
URS00006D3EC4	SNODB	937	9606	snoRNA	
URS00006D4050	SNODB	941	9606	snoRNA	
URS00006D4247	SNODB	944	9606	snoRNA	
URS00006D458D	SNODB	946	9606	snoRNA	
URS00006D48F7	SNODB	943	9606	snoRNA	
URS00006D4AD8	SNODB	945	9606	snoRNA	
URS00006D4CBE	SNODB	951	9606	snoRNA	
URS00006D4CBE	SNODB	952	9606	snoRNA	
URS00006D4F4D	SNODB	1961	9606	snoRNA	
URS00006D4F5C	SNODB	947	9606	snoRNA	
URS00006D4FDA	SNODB	948	9606	snoRNA	
URS00006D5070	SNODB	949	9606	snoRNA	
URS00006D507B	SNODB	950	9606	snoRNA	
URS00006D5693	SNODB	953	9606	snoRNA	
URS00006D60ED	SNODB	954	9606	snoRNA	
URS00006D63CB	SNODB	1962	9606	snoRNA	
URS00006D660D	SNODB	955	9606	snoRNA	
URS00006D67AA	SNODB	956	9606	snoRNA	
URS00006D7506	SNODB	957	9606	snoRNA	
URS00006D786D	SNODB	1605	9606	snoRNA	
URS00006D78EF	SNODB	1606	9606	snoRNA	
URS00006D7B24	SNODB	960	9606	snoRNA	
URS00006D7C6A	SNODB	958	9606	snoRNA	
URS00006D7E2D	SNODB	961	9606	snoRNA	
URS00006D7F60	SNODB	959	9606	snoRNA	
URS00006D876A	SNODB	1607	9606	snoRNA	
URS00006D8A5C	SNODB	963	9606	snoRNA	
URS00006D8D2C	SNODB	962	9606	snoRNA	
URS00006D8D58	SNODB	964	9606	snoRNA	
URS00006D97CE	SNODB	965	9606	snoRNA	
URS00006D9C39	SNODB	968	9606	snoRNA	
URS00006DA061	SNODB	967	9606	snoRNA	
URS00006DA08E	SNODB	966	9606	snoRNA	
URS00006DA236	SNODB	969	9606	snoRNA	
URS00006DA3E6	SNODB	970	9606	snoRNA	
URS00006DA4FC	SNODB	971	9606	snoRNA	
URS00006DABA0	SNODB	1722	9606	snoRNA	
URS00006DB015	SNODB	1720	9606	snoRNA	
URS00006DB64A	SNODB	1721	9606	snoRNA	
URS00006DB7F0	SNODB	1965	9606	snoRNA	
URS00006DB7FB	SNODB	974	9606	snoRNA	
URS00006DBC9E	SNODB	975	9606	snoRNA	
URS00006DBFFF	SNODB	972	9606	snoRNA	
URS00006DC464	SNODB	976	9606	snoRNA	
URS00006DC47F	SNODB	1909	9606	snoRNA	
URS00006DD113	SNODB	973	9606	snoRNA	
URS00006DD5DE	SNODB	1966	9606	snoRNA	
URS00006DD6F9	SNODB	977	9606	snoRNA	
URS00006DD9D8	SNODB	1964	9606	snoRNA	
URS00006DE18B	SNODB	1963	9606	snoRNA	
URS00006DE8FC	SNODB	978	9606	snoRNA	
URS00006DE9D5	SNODB	979	9606	snoRNA	
URS00006DEA0C	SNODB	980	9606	snoRNA	
URS00006DED88	SNODB	981	9606	snoRNA	
URS00006DF28D	SNODB	982	9606	snoRNA	
URS00006DF30E	SNODB	983	9606	snoRNA	
URS00006DF3FD	SNODB	984	9606	snoRNA	
URS00006DF9F5	SNODB	986	9606	snoRNA	
URS00006DFE33	SNODB	987	9606	snoRNA	
URS00006E00F4	SNODB	989	9606	snoRNA	
URS00006E0396	SNODB	990	9606	snoRNA	
URS00006E0411	SNODB	988	9606	snoRNA	
URS00006E0606	SNODB	992	9606	snoRNA	
URS00006E0AB4	SNODB	995	9606	snoRNA	
URS00006E15EC	SNODB	993	9606	snoRNA	
URS00006E18F8	SNODB	991	9606	snoRNA	
URS00006E1982	SNODB	994	9606	snoRNA	
URS00006E1EBF	SNODB	1592	9606	snoRNA	
URS00006E20B7	SNODB	996	9606	snoRNA	
URS00006E2565	SNODB	1000	9606	snoRNA	
URS00006E257E	SNODB	997	9606	snoRNA	
URS00006E2772	SNODB	999	9606	snoRNA	
URS00006E28B2	SNODB	2025	9606	snoRNA	
URS00006E2A34	SNODB	1001	9606	snoRNA	
URS00006E2FE7	SNODB	1967	9606	snoRNA	
URS00006E38EC	SNODB	1004	9606	snoRNA	
URS00006E3995	SNODB	1003	9606	snoRNA	
URS00006E3D08	SNODB	1005	9606	snoRNA	
URS00006E3D71	SNODB	1006	9606	snoRNA	
URS00006E3DE7	SNODB	1007	9606	snoRNA	
URS00006E3F76	SNODB	1008	9606	snoRNA	
URS00006E424F	SNODB	1011	9606	snoRNA	
URS00006E4255	SNODB	1012	9606	snoRNA	
URS00006E4313	SNODB	1009	9606	snoRNA	
URS00006E459E	SNODB	1015	9606	snoRNA	
URS00006E47B4	SNODB	1010	9606	snoRNA	
URS00006E4B28	SNODB	1014	9606	snoRNA	
URS00006E52FE	SNODB	1608	9606	snoRNA	
URS00006E53B3	SNODB	1013	9606	snoRNA	
URS00006E56BD	SNODB	1016	9606	snoRNA	
URS00006E58E2	SNODB	1017	9606	snoRNA	
URS00006E5B01	SNODB	1018	9606	snoRNA	
URS00006E5CAF	SNODB	1023	9606	snoRNA	
URS00006E5CDD	SNODB	1019	9606	snoRNA	
URS00006E61BA	SNODB	1020	9606	snoRNA	
URS00006E646E	SNODB	1025	9606	snoRNA	
URS00006E66DC	SNODB	1021	9606	snoRNA	
URS00006E66E9	SNODB	1724	9606	snoRNA	
URS00006E68B6	SNODB	1723	9606	snoRNA	
URS00006E6CFA	SNODB	1024	9606	snoRNA	
URS00006E7005	SNODB	1022	9606	snoRNA	
URS00006E7DAC	SNODB	1032	9606	snoRNA	
URS00006E85C1	SNODB	1026	9606	snoRNA	
URS00006E899A	SNODB	1030	9606	snoRNA	
URS00006E91FB	SNODB	1027	9606	snoRNA	
URS00006E936D	SNODB	1028	9606	snoRNA	
URS00006E9386	SNODB	1029	9606	snoRNA	
URS00006E9641	SNODB	1031	9606	snoRNA	
URS00006E96F2	SNODB	1726	9606	snoRNA	
URS00006EA861	SNODB	1033	9606	snoRNA	
URS00006EA99F	SNODB	1034	9606	snoRNA	
URS00006EB177	SNODB	1725	9606	snoRNA	
URS00006EB7C3	SNODB	1667	9606	snoRNA	
URS00006EB887	SNODB	1687	9606	snoRNA	
URS00006EBD36	SNODB	1727	9606	snoRNA	
URS00006EC784	SNODB	1035	9606	snoRNA	
URS00006ECE35	SNODB	1038	9606	snoRNA	
URS00006ED8B7	SNODB	1039	9606	snoRNA	
URS00006ED9F2	SNODB	1040	9606	snoRNA	
URS00006EDAD4	SNODB	1041	9606	snoRNA	
URS00006EDADE	SNODB	1037	9606	snoRNA	
URS00006EE0D1	SNODB	1036	9606	snoRNA	
URS00006EE874	SNODB	1042	9606	snoRNA	
URS00006EED37	SNODB	1043	9606	snoRNA	
URS00006EEEE6	SNODB	1971	9606	snoRNA	
URS00006EF2A4	SNODB	1044	9606	snoRNA	
URS00006EF4E5	SNODB	1046	9606	snoRNA	
URS00006EFA2B	SNODB	1973	9606	snoRNA	
URS00006EFC49	SNODB	1968	9606	snoRNA	
URS00006F0486	SNODB	1969	9606	snoRNA	
URS00006F0C1B	SNODB	1970	9606	snoRNA	
URS00006F0D71	SNODB	1972	9606	snoRNA	
URS00006F0FAC	SNODB	1050	9606	snoRNA	
URS00006F13F9	SNODB	1051	9606	snoRNA	
URS00006F167C	SNODB	1048	9606	snoRNA	
URS00006F17B1	SNODB	1053	9606	snoRNA	
URS00006F1C13	SNODB	1054	9606	snoRNA	
URS00006F26A9	SNODB	1049	9606	snoRNA	
URS00006F27EB	SNODB	1052	9606	snoRNA	
URS00006F2D78	SNODB	1055	9606	snoRNA	
URS00006F3336	SNODB	1057	9606	snoRNA	
URS00006F3554	SNODB	1058	9606	snoRNA	
URS00006F39E7	SNODB	1059	9606	snoRNA	
URS00006F3B25	SNODB	1056	9606	snoRNA	
URS00006F3B6D	SNODB	1063	9606	snoRNA	
URS00006F3D59	SNODB	1060	9606	scaRNA	
URS00006F3DE6	SNODB	1064	9606	snoRNA	
URS00006F4134	SNODB	1062	9606	snoRNA	
URS00006F4475	SNODB	1065	9606	snoRNA	
URS00006F4493	SNODB	1061	9606	snoRNA	
URS00006F4A90	SNODB	1974	9606	snoRNA	
URS00006F4D3F	SNODB	1975	9606	snoRNA	
URS00006F4DFA	SNODB	1067	9606	snoRNA	
URS00006F4E4F	SNODB	1070	9606	snoRNA	
URS00006F4ECF	SNODB	1069	9606	snoRNA	
URS00006F4F8C	SNODB	1071	9606	snoRNA	
URS00006F531E	SNODB	1598	9606	snoRNA	
URS00006F59B6	SNODB	1072	9606	snoRNA	
URS00006F59D9	SNODB	1068	9606	snoRNA	
URS00006F5B60	SNODB	1066	9606	snoRNA	
URS00006F5B71	SNODB	1073	9606	snoRNA	
URS00006F5DD9	SNODB	1074	9606	snoRNA	
URS00006F5E77	SNODB	2060	9606	snoRNA	
URS00006F60D2	SNODB	1729	9606	snoRNA	
URS00006F6366	SNODB	1730	9606	snoRNA	
URS00006F671A	SNODB	1731	9606	snoRNA	
URS00006F6999	SNODB	1728	9606	snoRNA	
URS00006F7179	SNODB	1075	9606	snoRNA	
URS00006F7827	SNODB	1077	9606	snoRNA	
URS00006F7AB2	SNODB	1076	9606	snoRNA	
URS00006F7F32	SNODB	1078	9606	snoRNA	
URS00006F7FE3	SNODB	1079	9606	snoRNA	
URS00006F89B3	SNODB	1080	9606	snoRNA	
URS00006F8A66	SNODB	1083	9606	snoRNA	
URS00006F8A72	SNODB	1084	9606	snoRNA	
URS00006F8E69	SNODB	1081	9606	snoRNA	
URS00006F926C	SNODB	1082	9606	snoRNA	
URS00006F993A	SNODB	1085	9606	snoRNA	
URS00006F99A3	SNODB	1086	9606	snoRNA	
URS00006F9C49	SNODB	1091	9606	snoRNA	
URS00006F9CCF	SNODB	1090	9606	snoRNA	
URS00006F9D5A	SNODB	1087	9606	snoRNA	
URS00006F9D89	SNODB	1089	9606	snoRNA	
URS00006FA0F0	SNODB	1088	9606	snoRNA	
URS00006FA44E	SNODB	1092	9606	snoRNA	
URS00006FA44E	SNODB	1609	9606	snoRNA	
URS00006FA8F3	SNODB	1093	9606	snoRNA	
URS00006FAF90	SNODB	1094	9606	snoRNA	
URS00006FB870	SNODB	1095	9606	snoRNA	
URS00006FB88C	SNODB	1097	9606	snoRNA	
URS00006FB8B0	SNODB	1096	9606	snoRNA	
URS00006FBDB8	SNODB	1100	9606	snoRNA	
URS00006FC667	SNODB	1099	9606	snoRNA	
URS00006FC7C7	SNODB	1098	9606	snoRNA	
URS00006FD415	SNODB	1101	9606	snoRNA	
URS00006FD4C6	SNODB	1102	9606	snoRNA	
URS00006FDEEB	SNODB	1104	9606	snoRNA	
URS00006FDF26	SNODB	1107	9606	snoRNA	
URS00006FE7CD	SNODB	1103	9606	snoRNA	
URS00006FEA7A	SNODB	1105	9606	snoRNA	
URS00006FED88	SNODB	1108	9606	snoRNA	
URS00006FF5FE	SNODB	1111	9606	snoRNA	
URS00006FFC7D	SNODB	1112	9606	snoRNA	
URS00006FFE91	SNODB	1110	9606	snoRNA	
URS0000700069	SNODB	1734	9606	snoRNA	
URS0000700069	SNODB	1735	9606	snoRNA	
URS0000700337	SNODB	1732	9606	snoRNA	
URS000070064A	SNODB	1109	9606	snoRNA	
URS0000700F59	SNODB	1733	9606	snoRNA	
URS0000700FD3	SNODB	1113	9606	snoRNA	
URS0000700FD3	SNODB	1114	9606	snoRNA	
URS0000701333	SNODB	1118	9606	snoRNA	
URS0000701472	SNODB	1115	9606	snoRNA	
URS00007014CB	SNODB	1117	9606	snoRNA	
URS000070168F	SNODB	1116	9606	snoRNA	
URS0000701BA1	SNODB	1120	9606	snoRNA	
URS00007024DA	SNODB	1121	9606	snoRNA	
URS000070290C	SNODB	1736	9606	snoRNA	
URS0000703301	SNODB	1737	9606	snoRNA	
URS0000703DE1	SNODB	1738	9606	snoRNA	
URS0000704142	SNODB	1119	9606	snoRNA	
URS00007041A9	SNODB	1122	9606	snoRNA	
URS00007043E2	SNODB	1124	9606	snoRNA	
URS00007047FA	SNODB	1125	9606	snoRNA	
URS000070481E	SNODB	1123	9606	snoRNA	
URS0000704941	SNODB	1128	9606	snoRNA	
URS000070530B	SNODB	1127	9606	snoRNA	
URS0000705325	SNODB	1739	9606	snoRNA	
URS0000705383	SNODB	1126	9606	snoRNA	
URS00007055D5	SNODB	1740	9606	snoRNA	
URS0000706530	SNODB	1129	9606	snoRNA	
URS0000706C1B	SNODB	1131	9606	snoRNA	
URS000070709B	SNODB	1741	9606	snoRNA	
URS0000707654	SNODB	1132	9606	snoRNA	
URS0000707CD5	SNODB	1133	9606	snoRNA	
URS0000708106	SNODB	1138	9606	snoRNA	
URS0000708207	SNODB	1134	9606	snoRNA	
URS0000708219	SNODB	1139	9606	snoRNA	
URS0000708227	SNODB	1137	9606	snoRNA	
URS0000708449	SNODB	1135	9606	snoRNA	
URS000070844F	SNODB	1136	9606	snoRNA	
URS0000708478	SNODB	1867	9606	snoRNA	
URS000070876C	SNODB	1868	9606	snoRNA	
URS000070879C	SNODB	1143	9606	snoRNA	
URS00007087D4	SNODB	1742	9606	snoRNA	
URS0000708B91	SNODB	1743	9606	snoRNA	
URS0000708C7D	SNODB	1141	9606	snoRNA	
URS0000708D75	SNODB	1140	9606	snoRNA	
URS00007093B4	SNODB	1744	9606	snoRNA	
URS000070954A	SNODB	1142	9606	snoRNA	
URS000070A1D6	SNODB	1745	9606	snoRNA	
URS000070A47A	SNODB	1144	9606	snoRNA	
URS000070B2CB	SNODB	1146	9606	snoRNA	
URS000070B454	SNODB	1147	9606	snoRNA	
URS000070B711	SNODB	1148	9606	snoRNA	
URS000070B7C4	SNODB	1150	9606	snoRNA	
URS000070B9F3	SNODB	1145	9606	snoRNA	
URS000070BB97	SNODB	1149	9606	snoRNA	
URS000070BF50	SNODB	1599	9606	snoRNA	
URS000070BFC2	SNODB	1884	9606	snoRNA	
URS000070C142	SNODB	1885	9606	snoRNA	
URS000070C400	SNODB	1754	9606	snoRNA	
URS000070C44D	SNODB	1151	9606	snoRNA	
URS000070C605	SNODB	1152	9606	snoRNA	
URS000070C7F1	SNODB	1749	9606	snoRNA	
URS000070C915	SNODB	1153	9606	snoRNA	
URS000070C990	SNODB	1746	9606	snoRNA	
URS000070CFEE	SNODB	1748	9606	snoRNA	
URS000070D590	SNODB	1747	9606	snoRNA	
URS000070D62C	SNODB	1750	9606	snoRNA	
URS000070E1BA	SNODB	1751	9606	snoRNA	
URS000070E2E3	SNODB	1752	9606	snoRNA	
URS000070E6ED	SNODB	1753	9606	snoRNA	
URS000070F1D8	SNODB	1869	9606	snoRNA	
URS000070F351	SNODB	1156	9606	snoRNA	
URS000070F492	SNODB	1158	9606	snoRNA	
URS000070F8B0	SNODB	1755	9606	snoRNA	
URS000070F968	SNODB	1154	9606	snoRNA	
URS000071037B	SNODB	1157	9606	snoRNA	
URS000071087B	SNODB	1155	9606	snoRNA	
URS000071090C	SNODB	1757	9606	snoRNA	
URS0000710DD9	SNODB	1159	9606	snoRNA	
URS0000711281	SNODB	1160	9606	snoRNA	
URS00007113F6	SNODB	1161	9606	snoRNA	
URS000071190D	SNODB	1163	9606	snoRNA	
URS0000711A49	SNODB	1164	9606	snoRNA	
URS0000711B24	SNODB	1162	9606	snoRNA	
URS0000711B61	SNODB	1165	9606	snoRNA	
URS0000711C76	SNODB	1756	9606	snoRNA	
URS0000711F43	SNODB	1167	9606	snoRNA	
URS0000711F78	SNODB	1168	9606	snoRNA	
URS000071234F	SNODB	1166	9606	snoRNA	
URS000071243C	SNODB	1171	9606	snoRNA	
URS0000712944	SNODB	111	9606	snoRNA	
URS0000712A03	SNODB	1176	9606	snoRNA	
URS0000712A20	SNODB	1174	9606	snoRNA	
URS0000712A75	SNODB	1173	9606	snoRNA	
URS0000712AF3	SNODB	1175	9606	snoRNA	
URS0000712C6E	SNODB	1172	9606	snoRNA	
URS00007131DA	SNODB	1177	9606	snoRNA	
URS00007131DA	SNODB	1181	9606	snoRNA	
URS000071367B	SNODB	1179	9606	snoRNA	
URS00007136D1	SNODB	1178	9606	snoRNA	
URS00007139C5	SNODB	1180	9606	snoRNA	
URS0000713B2F	SNODB	1182	9606	snoRNA	
URS0000713B53	SNODB	1758	9606	snoRNA	
URS000071403B	SNODB	1186	9606	snoRNA	
URS0000714052	SNODB	1185	9606	snoRNA	
URS0000714944	SNODB	1762	9606	snoRNA	
URS0000714BD2	SNODB	1761	9606	snoRNA	
URS0000714E47	SNODB	1183	9606	snoRNA	
URS0000715007	SNODB	1184	9606	snoRNA	
URS000071504D	SNODB	1760	9606	snoRNA	
URS00007154A9	SNODB	1759	9606	snoRNA	
URS00007156C4	SNODB	1763	9606	snoRNA	
URS0000715747	SNODB	1188	9606	snoRNA	
URS000071577B	SNODB	1189	9606	snoRNA	
URS00007157DD	SNODB	1187	9606	snoRNA	
URS0000715B07	SNODB	1190	9606	snoRNA	
URS0000715CC6	SNODB	1193	9606	snoRNA	
URS00007165EA	SNODB	1192	9606	snoRNA	
URS00007168E7	SNODB	1195	9606	snoRNA	
URS0000716A37	SNODB	1194	9606	snoRNA	
URS0000716B68	SNODB	1198	9606	snoRNA	
URS0000716E7D	SNODB	1196	9606	snoRNA	
URS0000716E7D	SNODB	1197	9606	snoRNA	
URS0000716E7D	SNODB	1199	9606	snoRNA	
URS0000716E7D	SNODB	1200	9606	snoRNA	
URS0000716E7D	SNODB	1201	9606	snoRNA	
URS0000716F59	SNODB	1202	9606	snoRNA	
URS0000717225	SNODB	1207	9606	snoRNA	
URS00007173F4	SNODB	1208	9606	snoRNA	
URS0000717536	SNODB	1203	9606	snoRNA	
URS0000717D1B	SNODB	1205	9606	snoRNA	
URS000071833C	SNODB	1206	9606	snoRNA	
URS0000718C0A	SNODB	1204	9606	snoRNA	
URS0000718C62	SNODB	1210	9606	snoRNA	
URS0000718E9B	SNODB	1211	9606	snoRNA	
URS0000719100	SNODB	1764	9606	snoRNA	
URS0000719975	SNODB	1765	9606	snoRNA	
URS0000719B91	SNODB	1209	9606	snoRNA	
URS0000719E73	SNODB	1766	9606	snoRNA	
URS000071A62C	SNODB	1768	9606	snoRNA	
URS000071A865	SNODB	1767	9606	snoRNA	
URS000071AB50	SNODB	1770	9606	snoRNA	
URS000071ACBD	SNODB	1769	9606	snoRNA	
URS000071ACBD	SNODB	1978	9606	snoRNA	
URS000071ACFD	SNODB	1212	9606	snoRNA	
URS000071B325	SNODB	1213	9606	snoRNA	
URS000071B3E3	SNODB	1216	9606	snoRNA	
URS000071B58F	SNODB	1214	9606	snoRNA	
URS000071BC75	SNODB	1976	9606	snoRNA	
URS000071BDBD	SNODB	1979	9606	snoRNA	
URS000071C0E6	SNODB	1977	9606	snoRNA	
URS000071C2EF	SNODB	1220	9606	snoRNA	
URS000071D11D	SNODB	1217	9606	snoRNA	
URS000071D972	SNODB	1218	9606	snoRNA	
URS000071DBFF	SNODB	1219	9606	snoRNA	
URS000071E220	SNODB	1222	9606	snoRNA	
URS000071E913	SNODB	1223	9606	snoRNA	
URS000071EB91	SNODB	1224	9606	snoRNA	
URS000071F072	SNODB	1221	9606	snoRNA	
URS000071F2B2	SNODB	1227	9606	snoRNA	
URS000071F967	SNODB	1229	9606	snoRNA	
URS000071FA40	SNODB	1226	9606	snoRNA	
URS000071FB7D	SNODB	1230	9606	snoRNA	
URS000071FE2B	SNODB	1232	9606	snoRNA	
URS000071FF42	SNODB	1231	9606	snoRNA	
URS0000720263	SNODB	1228	9606	snoRNA	
URS0000720336	SNODB	1225	9606	snoRNA	
URS00007205A0	SNODB	1238	9606	snoRNA	
URS000072079F	SNODB	1233	9606	snoRNA	
URS0000720849	SNODB	1771	9606	snoRNA	
URS0000720BD2	SNODB	1234	9606	snoRNA	
URS0000720EFA	SNODB	1600	9606	snoRNA	
URS0000720EFA	SNODB	1772	9606	snoRNA	
URS000072109E	SNODB	1235	9606	snoRNA	
URS00007210DA	SNODB	1237	9606	snoRNA	
URS0000721234	SNODB	1236	9606	snoRNA	
URS0000721508	SNODB	1239	9606	snoRNA	
URS0000721537	SNODB	2061	9606	snoRNA	
URS000072157F	SNODB	1773	9606	snoRNA	
URS0000721960	SNODB	1774	9606	snoRNA	
URS0000722083	SNODB	1241	9606	snoRNA	
URS0000723018	SNODB	1240	9606	snoRNA	
URS0000723361	SNODB	1242	9606	snoRNA	
URS00007234FC	SNODB	1246	9606	snoRNA	
URS0000723626	SNODB	1244	9606	snoRNA	
URS000072364D	SNODB	1247	9606	snoRNA	
URS0000723837	SNODB	1249	9606	snoRNA	
URS0000724753	SNODB	1248	9606	snoRNA	
URS000072497A	SNODB	1251	9606	snoRNA	
URS0000724F8B	SNODB	1252	9606	snoRNA	
URS000072524B	SNODB	1250	9606	snoRNA	
URS0000725609	SNODB	1254	9606	snoRNA	
URS0000725875	SNODB	1560	9606	snoRNA	
URS0000725A27	SNODB	1253	9606	snoRNA	
URS0000725DEF	SNODB	1980	9606	snoRNA	
URS0000725EA8	SNODB	1258	9606	snoRNA	
URS0000725F4A	SNODB	1255	9606	snoRNA	
URS00007261E0	SNODB	1256	9606	snoRNA	
URS0000726687	SNODB	1981	9606	snoRNA	
URS000072668C	SNODB	1260	9606	snoRNA	
URS0000726BB8	SNODB	1259	9606	snoRNA	
URS0000726F61	SNODB	1257	9606	snoRNA	
URS00007273F0	SNODB	1261	9606	snoRNA	
URS0000727736	SNODB	1263	9606	snoRNA	
URS0000727A83	SNODB	1262	9606	snoRNA	
URS0000727B45	SNODB	1266	9606	snoRNA	
URS0000728259	SNODB	1267	9606	snoRNA	
URS0000728270	SNODB	1264	9606	snoRNA	
URS0000728F90	SNODB	1265	9606	snoRNA	
URS00007292F4	SNODB	1272	9606	snoRNA	
URS000072968F	SNODB	1268	9606	snoRNA	
URS0000729849	SNODB	1269	9606	snoRNA	
URS0000729A81	SNODB	1271	9606	snoRNA	
URS0000729D3D	SNODB	2047	9606	snoRNA	
URS0000729DF1	SNODB	1273	9606	snoRNA	
URS0000729F65	SNODB	1275	9606	snoRNA	
URS000072A3AD	SNODB	1276	9606	snoRNA	
URS000072A7CD	SNODB	1286	9606	snoRNA	
URS000072A802	SNODB	1278	9606	snoRNA	
URS000072A96F	SNODB	1287	9606	snoRNA	
URS000072ACA7	SNODB	1281	9606	snoRNA	
URS000072BDC5	SNODB	1284	9606	snoRNA	
URS000072BF0E	SNODB	1279	9606	snoRNA	
URS000072C042	SNODB	1280	9606	snoRNA	
URS000072C309	SNODB	1285	9606	snoRNA	
URS000072CC0A	SNODB	1282	9606	snoRNA	
URS000072D77E	SNODB	1277	9606	snoRNA	
URS000072E179	SNODB	1283	9606	snoRNA	
URS000072E46E	SNODB	1290	9606	snoRNA	
URS000072E51D	SNODB	1288	9606	snoRNA	
URS000072E71D	SNODB	1291	9606	snoRNA	
URS000072EC7C	SNODB	1292	9606	snoRNA	
URS000072EF54	SNODB	1289	9606	snoRNA	
URS0000759A7B	SNODB	1293	9606	snoRNA	
URS0000759A7F	SNODB	1295	9606	snoRNA	
URS0000759AA2	SNODB	1296	9606	snoRNA	
URS0000759B0C	SNODB	2048	9606	scaRNA	
URS0000759BE6	SNODB	1294	9606	snoRNA	
URS0000759D60	SNODB	1297	9606	snoRNA	
URS0000759F95	SNODB	1298	9606	snoRNA	
URS0000759FE4	SNODB	998	9606	snoRNA	
URS000075A044	SNODB	917	9606	snoRNA	
URS000075A0ED	SNODB	567	9606	snoRNA	
URS000075A0F8	SNODB	1299	9606	snoRNA	
URS000075A19D	SNODB	1300	9606	snoRNA	
URS000075A3C2	SNODB	557	9606	snoRNA	
URS000075A57C	SNODB	1301	9606	snoRNA	
URS000075A673	SNODB	1002	9606	snoRNA	
URS000075A693	SNODB	1303	9606	snoRNA	
URS000075A722	SNODB	1304	9606	snoRNA	
URS000075A742	SNODB	1305	9606	snoRNA	
URS000075A77B	SNODB	1302	9606	snoRNA	
URS000075A82F	SNODB	1306	9606	snoRNA	
URS000075A9AB	SNODB	1307	9606	snoRNA	
URS000075AA41	SNODB	1308	9606	snoRNA	
URS000075AAF7	SNODB	1982	9606	snoRNA	
URS000075AB92	SNODB	797	9606	snoRNA	
URS000075ABAA	SNODB	1311	9606	snoRNA	
URS000075AC87	SNODB	1775	9606	snoRNA	
URS000075AD20	SNODB	258	9606	snoRNA	
URS000075ADDA	SNODB	605	9606	snoRNA	
URS000075ADDC	SNODB	421	9606	snoRNA	
URS000075AF2D	SNODB	571	9606	snoRNA	
URS000075AF3E	SNODB	1776	9606	snoRNA	
URS000075AF9C	SNODB	1777	9606	snoRNA	
URS000075AFFB	SNODB	1309	9606	snoRNA	
URS000075AFFC	SNODB	377	9606	snoRNA	
URS000075B118	SNODB	1310	9606	snoRNA	
URS000075B1B4	SNODB	1778	9606	snoRNA	
URS000075B1D8	SNODB	1313	9606	snoRNA	
URS000075B24B	SNODB	1170	9606	snoRNA	
URS000075B2D2	SNODB	1780	9606	snoRNA	
URS000075B384	SNODB	1312	9606	snoRNA	
URS000075B39E	SNODB	1314	9606	snoRNA	
URS000075B3D8	SNODB	330	9606	snoRNA	
URS000075B547	SNODB	1781	9606	snoRNA	
URS000075B5A7	SNODB	1779	9606	snoRNA	
URS000075B7EC	SNODB	1782	9606	snoRNA	
URS000075B818	SNODB	850	9606	snoRNA	
URS000075B92D	SNODB	1045	9606	snoRNA	
URS000075BAB3	SNODB	1318	9606	snoRNA	
URS000075BC07	SNODB	1215	9606	snoRNA	
URS000075BC17	SNODB	1319	9606	snoRNA	
URS000075BC4F	SNODB	266	9606	snoRNA	
URS000075BD61	SNODB	1270	9606	snoRNA	
URS000075BDA0	SNODB	1320	9606	snoRNA	
URS000075BDDC	SNODB	1315	9606	scaRNA	
URS000075BE3E	SNODB	1316	9606	snoRNA	
URS000075BE5B	SNODB	1317	9606	snoRNA	
URS000075BEB6	SNODB	1783	9606	snoRNA	
URS000075BFE5	SNODB	1784	9606	snoRNA	
URS000075C059	SNODB	1191	9606	snoRNA	
URS000075C168	SNODB	1321	9606	snoRNA	
URS000075C26A	SNODB	1322	9606	snoRNA	
URS000075C3B9	SNODB	1243	9606	snoRNA	
URS000075C3CE	SNODB	1323	9606	snoRNA	
URS000075C574	SNODB	1324	9606	snoRNA	
URS000075C687	SNODB	833	9606	snoRNA	
URS000075C745	SNODB	1325	9606	snoRNA	
URS000075C7E2	SNODB	2049	9606	snoRNA	
URS000075C953	SNODB	1326	9606	snoRNA	
URS000075C9D2	SNODB	1169	9606	snoRNA	
URS000075CB76	SNODB	1327	9606	snoRNA	
URS000075CBCD	SNODB	773	9606	snoRNA	
URS000075CD1A	SNODB	1106	9606	snoRNA	
URS000075CDDE	SNODB	1328	9606	snoRNA	
URS000075CFA2	SNODB	1329	9606	snoRNA	
URS000075CFA2	SNODB	1330	9606	snoRNA	
URS000075CFA5	SNODB	1331	9606	snoRNA	
URS000075D211	SNODB	1785	9606	snoRNA	
URS000075D268	SNODB	1786	9606	snoRNA	
URS000075D37A	SNODB	1274	9606	snoRNA	
URS000075D383	SNODB	1332	9606	snoRNA	
URS000075D440	SNODB	1333	9606	snoRNA	
URS000075D440	SNODB	1334	9606	snoRNA	
URS000075D478	SNODB	1130	9606	snoRNA	
URS000075D546	SNODB	1655	9606	snoRNA	
URS000075D592	SNODB	1335	9606	snoRNA	
URS000075D5CC	SNODB	1690	9606	snoRNA	
URS000075D5DD	SNODB	1336	9606	snoRNA	
URS000075D637	SNODB	1338	9606	snoRNA	
URS000075D68F	SNODB	1337	9606	scaRNA	
URS000075D68F	SNODB	1339	9606	scaRNA	
URS000075D742	SNODB	592	9606	snoRNA	
URS000075D829	SNODB	1341	9606	snoRNA	
URS000075D9D5	SNODB	1342	9606	snoRNA	
URS000075DABA	SNODB	715	9606	snoRNA	
URS000075DB88	SNODB	1343	9606	snoRNA	
URS000075DB96	SNODB	1047	9606	snoRNA	
URS000075DBBF	SNODB	1344	9606	snoRNA	
URS000075DD61	SNODB	1787	9606	snoRNA	
URS000075DDD9	SNODB	1340	9606	snoRNA	
URS000075DEC0	SNODB	1345	9606	snoRNA	
URS000075DEC0	SNODB	1346	9606	snoRNA	
URS000075DEC0	SNODB	1347	9606	snoRNA	
URS000075DEC0	SNODB	1348	9606	snoRNA	
URS000075DEC0	SNODB	1349	9606	snoRNA	
URS000075DEC0	SNODB	1350	9606	snoRNA	
URS000075DEC0	SNODB	1788	9606	snoRNA	
URS000075DEE9	SNODB	1351	9606	snoRNA	
URS000075DF00	SNODB	1352	9606	snoRNA	
URS000075DF1C	SNODB	1353	9606	snoRNA	
URS000075DF75	SNODB	1354	9606	snoRNA	
URS000075E000	SNODB	676	9606	snoRNA	
URS000075E0F0	SNODB	1355	9606	snoRNA	
URS000075E0F0	SNODB	1356	9606	snoRNA	
URS000075E488	SNODB	1358	9606	snoRNA	
URS000075E49C	SNODB	1245	9606	snoRNA	
URS000075E49E	SNODB	1359	9606	snoRNA	
URS000075E4E2	SNODB	1360	9606	snoRNA	
URS000075E4E2	SNODB	1361	9606	snoRNA	
URS000075E548	SNODB	1357	9606	snoRNA	
URS000075E548	SNODB	1363	9606	snoRNA	
URS000075E58E	SNODB	911	9606	snoRNA	
URS000075E61C	SNODB	465	9606	snoRNA	
URS000075E6A0	SNODB	902	9606	snoRNA	
URS000075E772	SNODB	1364	9606	lncRNA	
URS000075E781	SNODB	1362	9606	scaRNA	
URS000075E9C3	SNODB	1365	9606	snoRNA	
URS000075E9CA	SNODB	1366	9606	snoRNA	
URS000075EAA3	SNODB	1367	9606	snoRNA	
URS000075EAB9	SNODB	1369	9606	snoRNA	
URS000075EC44	SNODB	1370	9606	snoRNA	
URS000075EC65	SNODB	430	9606	snoRNA	
URS000075ED12	SNODB	818	9606	snoRNA	
URS000075ED7D	SNODB	1371	9606	snoRNA	
URS000075EE49	SNODB	1983	9606	snoRNA	
URS000075F030	SNODB	436	9606	snoRNA	
URS000075F03E	SNODB	985	9606	snoRNA	
URS000081232F	SNODB	1985	9606	snoRNA	
URS00008139D1	SNODB	1368	9606	snoRNA	
URS0000813AAB	SNODB	1986	9606	snoRNA	
URS0000813B55	SNODB	1987	9606	snoRNA	
URS0000813F0F	SNODB	1373	9606	snoRNA	
URS00008142CF	SNODB	1372	9606	snoRNA	
URS0000814588	SNODB	2062	9606	snoRNA	
URS000081487A	SNODB	1790	9606	snoRNA	
URS0000814D57	SNODB	1789	9606	snoRNA	
URS000081501D	SNODB	1791	9606	snoRNA	
URS000081552E	SNODB	1792	9606	snoRNA	
URS00008158B1	SNODB	1377	9606	snoRNA	
URS00008159A6	SNODB	1374	9606	snoRNA	
URS00008161A1	SNODB	1379	9606	snoRNA	
URS0000816BF9	SNODB	1380	9606	snoRNA	
URS0000816C2B	SNODB	1381	9606	snoRNA	
URS0000816C91	SNODB	1378	9606	snoRNA	
URS0000816F9C	SNODB	1382	9606	snoRNA	
URS0000817211	SNODB	1988	9606	snoRNA	
URS000081739E	SNODB	1375	9606	snoRNA	
URS00008178A0	SNODB	1376	9606	snoRNA	
URS0000817DE1	SNODB	1793	9606	snoRNA	
URS0000818374	SNODB	1383	9606	snoRNA	
URS0000818813	SNODB	1384	9606	snoRNA	
URS00008189C2	SNODB	1385	9606	snoRNA	
URS00008189C2	SNODB	1386	9606	snoRNA	
URS00008189E4	SNODB	1387	9606	snoRNA	
URS0000818BAE	SNODB	1388	9606	snoRNA	
URS0000818C6B	SNODB	1389	9606	snoRNA	
URS0000818CBA	SNODB	1390	9606	snoRNA	
URS0000818D69	SNODB	1799	9606	snoRNA	
URS000081961E	SNODB	1800	9606	snoRNA	
URS0000819838	SNODB	1871	9606	snoRNA	
URS0000819BF9	SNODB	1794	9606	snoRNA	
URS000081A18A	SNODB	1872	9606	snoRNA	
URS000081AF8F	SNODB	1848	9606	snoRNA	
URS000081B404	SNODB	1392	9606	snoRNA	
URS000081B86C	SNODB	1795	9606	snoRNA	
URS000081C463	SNODB	1796	9606	snoRNA	
URS000081C8D7	SNODB	1797	9606	snoRNA	
URS000081D482	SNODB	1391	9606	snoRNA	
URS000081DA44	SNODB	1870	9606	snoRNA	
URS000081DF00	SNODB	1801	9606	snoRNA	
URS000081DFA9	SNODB	1393	9606	snoRNA	
URS000081DFEA	SNODB	1395	9606	snoRNA	
URS000081E22F	SNODB	1394	9606	snoRNA	
URS000081E33F	SNODB	2063	9606	snoRNA	
URS000081E3D9	SNODB	1802	9606	snoRNA	
URS000081EAC0	SNODB	1399	9606	snoRNA	
URS000081EE97	SNODB	1401	9606	snoRNA	
URS000081F00F	SNODB	1397	9606	snoRNA	
URS000081F349	SNODB	1396	9606	snoRNA	
URS000081F58C	SNODB	1402	9606	snoRNA	
URS000081FC81	SNODB	1400	9606	snoRNA	
URS000081FCBD	SNODB	1994	9606	snoRNA	
URS000081FDDB	SNODB	1403	9606	snoRNA	
URS000081FFA5	SNODB	1989	9606	snoRNA	
URS000082032F	SNODB	1990	9606	snoRNA	
URS00008205D0	SNODB	1991	9606	snoRNA	
URS0000820831	SNODB	1992	9606	snoRNA	
URS0000820851	SNODB	1993	9606	snoRNA	
URS0000820B14	SNODB	1398	9606	snoRNA	
URS0000820CFB	SNODB	1404	9606	snoRNA	
URS0000821161	SNODB	1405	9606	snoRNA	
URS00008211B8	SNODB	1406	9606	snoRNA	
URS0000821263	SNODB	1873	9606	snoRNA	
URS0000821432	SNODB	1408	9606	snoRNA	
URS000082192A	SNODB	1409	9606	snoRNA	
URS0000821C41	SNODB	1995	9606	snoRNA	
URS0000822200	SNODB	1996	9606	snoRNA	
URS0000822206	SNODB	1997	9606	snoRNA	
URS000082237D	SNODB	1998	9606	snoRNA	
URS0000822912	SNODB	1999	9606	snoRNA	
URS0000822F63	SNODB	2000	9606	snoRNA	
URS000082309D	SNODB	1984	9606	snoRNA	
URS000082425A	SNODB	2001	9606	snoRNA	
URS0000824585	SNODB	1407	9606	snoRNA	
URS0000824AB8	SNODB	1851	9606	snoRNA	
URS0000824B9F	SNODB	1411	9606	snoRNA	
URS0000825302	SNODB	1875	9606	snoRNA	
URS000082532A	SNODB	1803	9606	snoRNA	
URS00008255E8	SNODB	1804	9606	snoRNA	
URS0000825739	SNODB	1807	9606	snoRNA	
URS0000825A56	SNODB	1808	9606	snoRNA	
URS0000825B05	SNODB	1410	9606	snoRNA	
URS00008262D9	SNODB	1805	9606	snoRNA	
URS0000827840	SNODB	1806	9606	snoRNA	
URS0000828048	SNODB	1809	9606	snoRNA	
URS0000828500	SNODB	1810	9606	snoRNA	
URS00008287DE	SNODB	1874	9606	snoRNA	
URS0000828975	SNODB	1811	9606	snoRNA	
URS0000828C5F	SNODB	1414	9606	snoRNA	
URS0000828D42	SNODB	1412	9606	snoRNA	
URS00008295AD	SNODB	1415	9606	snoRNA	
URS0000829D89	SNODB	1416	9606	snoRNA	
URS0000829EB0	SNODB	1417	9606	snoRNA	
URS000082A21B	SNODB	1418	9606	snoRNA	
URS000082A4DC	SNODB	1419	9606	snoRNA	
URS000082A8BF	SNODB	2002	9606	snoRNA	
URS000082ABFB	SNODB	2003	9606	snoRNA	
URS000082BE64	SNODB	1413	9606	snoRNA	
URS000082C6B1	SNODB	1420	9606	snoRNA	
URS000082C98B	SNODB	1815	9606	snoRNA	
URS000082CA79	SNODB	1812	9606	snoRNA	
URS000082CAB2	SNODB	1423	9606	snoRNA	
URS000082CD7E	SNODB	1813	9606	snoRNA	
URS000082D988	SNODB	1421	9606	snoRNA	
URS000082DCD4	SNODB	1814	9606	snoRNA	
URS000082DD93	SNODB	1422	9606	snoRNA	
URS000082E657	SNODB	1817	9606	snoRNA	
URS000082EA81	SNODB	1818	9606	snoRNA	
URS000082EF50	SNODB	1819	9606	snoRNA	
URS000082F581	SNODB	1876	9606	snoRNA	
URS000082F5F2	SNODB	1816	9606	snoRNA	
URS000082FB75	SNODB	1424	9606	snoRNA	
URS000082FC15	SNODB	1425	9606	snoRNA	
URS000082FD13	SNODB	1427	9606	snoRNA	
URS000082FE8E	SNODB	1428	9606	snoRNA	
URS000082FF53	SNODB	1429	9606	snoRNA	
URS0000830339	SNODB	1430	9606	snoRNA	
URS0000830A50	SNODB	1431	9606	snoRNA	
URS0000830D29	SNODB	2004	9606	snoRNA	
URS000083177C	SNODB	1426	9606	snoRNA	
URS0000831EDA	SNODB	2005	9606	snoRNA	
URS0000832239	SNODB	2006	9606	snoRNA	
URS00008322C5	SNODB	2007	9606	snoRNA	
URS000083282F	SNODB	1434	9606	snoRNA	
URS000083292E	SNODB	1437	9606	snoRNA	
URS000083292E	SNODB	1438	9606	snoRNA	
URS0000832FA3	SNODB	1439	9606	snoRNA	
URS0000833D06	SNODB	1440	9606	snoRNA	
URS0000833F7F	SNODB	1433	9606	snoRNA	
URS0000834185	SNODB	2008	9606	snoRNA	
URS00008341A7	SNODB	1435	9606	snoRNA	
URS000083467D	SNODB	2009	9606	snoRNA	
URS00008348B2	SNODB	1436	9606	snoRNA	
URS0000834B2C	SNODB	2010	9606	snoRNA	
URS0000834C72	SNODB	1432	9606	snoRNA	
URS00008B2C89	SNODB	2050	9606	snoRNA	
URS00008BFCED	SNODB	2013	9606	snoRNA	
URS00008E395B	SNODB	1442	9606	snoRNA	
URS00008E3964	SNODB	1441	9606	scaRNA	
URS00008E3967	SNODB	1443	9606	snoRNA	
URS00008E397A	SNODB	2011	9606	snoRNA	
URS00008E397A	SNODB	2012	9606	snoRNA	
URS00008E397E	SNODB	1446	9606	snoRNA	
URS00008E3980	SNODB	1821	9606	snoRNA	
URS00008E3981	SNODB	1444	9606	snoRNA	
URS00008E3987	SNODB	1445	9606	snoRNA	
URS00008E398A	SNODB	1820	9606	snoRNA	
URS00008E3990	SNODB	1822	9606	snoRNA	
URS00008E3997	SNODB	1447	9606	scaRNA	
URS00008E39A2	SNODB	1448	9606	snoRNA	
URS00008E39A2	SNODB	1449	9606	snoRNA	
URS00008E39AC	SNODB	1450	9606	snoRNA	
URS00008E39B9	SNODB	1451	9606	snoRNA	
URS00008E39B9	SNODB	1452	9606	snoRNA	
URS00008E39C3	SNODB	1453	9606	snoRNA	
URS00008E39CA	SNODB	2051	9606	snoRNA	
URS00008E39EB	SNODB	1454	9606	snoRNA	
URS00008E39EC	SNODB	1457	9606	snoRNA	
URS00008E39F0	SNODB	1455	9606	snoRNA	
URS00008E3A02	SNODB	1456	9606	snoRNA	
URS00008E3A08	SNODB	1823	9606	snoRNA	
URS00008E3A15	SNODB	1826	9606	snoRNA	
URS00008E3A21	SNODB	1458	9606	snoRNA	
URS00008E3A22	SNODB	1824	9606	snoRNA	
URS00008E3A32	SNODB	1827	9606	snoRNA	
URS00008E3A35	SNODB	1459	9606	snoRNA	
URS00008E3A35	SNODB	1825	9606	snoRNA	
URS00008E3A3C	SNODB	1460	9606	scaRNA	
URS00008E3A3E	SNODB	1461	9606	snoRNA	
URS00008E3A41	SNODB	1829	9606	snoRNA	
URS00008E3A4C	SNODB	1462	9606	snoRNA	
URS00008E3A56	SNODB	1828	9606	snoRNA	
URS00008E3A5F	SNODB	1830	9606	snoRNA	
URS00008E3A6E	SNODB	1466	9606	snoRNA	
URS00008E3A70	SNODB	1467	9606	snoRNA	
URS00008E3A72	SNODB	1463	9606	snoRNA	
URS00008E3A7A	SNODB	1464	9606	snoRNA	
URS0000A766EB	SNODB	1468	9606	snoRNA	
URS0000A769E6	SNODB	1465	9606	snoRNA	
URS0000A76B4D	SNODB	1831	9606	snoRNA	
URS0000A76DCB	SNODB	2052	9606	snoRNA	
URS0000A77E1F	SNODB	1469	9606	snoRNA	
URS0000A77ED7	SNODB	1470	9606	snoRNA	
URS0000A77ED7	SNODB	1472	9606	snoRNA	
URS0000A781B6	SNODB	1471	9606	snoRNA	
URS0000A7826C	SNODB	1834	9606	snoRNA	
URS0000A78A87	SNODB	1835	9606	snoRNA	
URS0000A79459	SNODB	1852	9606	snoRNA	
URS0000A7A1AB	SNODB	1562	9606	snoRNA	
URS0000A7A956	SNODB	1846	9606	snoRNA	
URS0000A7B8F4	SNODB	1853	9606	snoRNA	
URS0000A7C41F	SNODB	1833	9606	snoRNA	
URS0000A7E217	SNODB	1832	9606	snoRNA	
URS0000A7E854	SNODB	1886	9606	snoRNA	
URS0000A7F0A9	SNODB	1887	9606	snoRNA	
URS0000A7F2FF	SNODB	1473	9606	snoRNA	
URS0000A7F67A	SNODB	1888	9606	snoRNA	
URS0000A7F75C	SNODB	1474	9606	snoRNA	
URS0000A7F75C	SNODB	1798	9606	snoRNA	
URS0000A7F9CD	SNODB	1475	9606	snoRNA	
URS0000A7FFCE	SNODB	1559	9606	snoRNA	
URS0000A803B1	SNODB	1854	9606	snoRNA	
URS0000A82414	SNODB	2029	9606	snoRNA	
URS0000A831E2	SNODB	1563	9606	snoRNA	
URS0000A83A3D	SNODB	1566	9606	snoRNA	
URS0000A83D5A	SNODB	1567	9606	snoRNA	
URS0000A843FA	SNODB	1889	9606	snoRNA	
URS0000A84DBD	SNODB	1891	9606	snoRNA	
URS0000A85D05	SNODB	1892	9606	snoRNA	
URS0000A85D6C	SNODB	1568	9606	snoRNA	
URS0000A867B1	SNODB	1564	9606	snoRNA	
URS0000A86A9F	SNODB	1893	9606	snoRNA	
URS0000A86B60	SNODB	1863	9606	snoRNA	
URS0000A8711E	SNODB	1565	9606	snoRNA	
URS0000A87DBB	SNODB	1894	9606	snoRNA	
URS0000A87E35	SNODB	1601	9606	snoRNA	
URS0000A88E11	SNODB	1895	9606	snoRNA	
URS0000A899BB	SNODB	1479	9606	snoRNA	
URS0000A89E3B	SNODB	1896	9606	snoRNA	
URS0000A8A18F	SNODB	1897	9606	snoRNA	
URS0000A8A71A	SNODB	1898	9606	snoRNA	
URS0000A8AAE0	SNODB	1899	9606	snoRNA	
URS0000A8AB37	SNODB	1569	9606	snoRNA	
URS0000A8BE19	SNODB	1864	9606	snoRNA	
URS0000A8C404	SNODB	1476	9606	snoRNA	
URS0000A8C5E5	SNODB	1570	9606	snoRNA	
URS0000A8CD8A	SNODB	1571	9606	snoRNA	
URS0000A8DCC9	SNODB	1572	9606	snoRNA	
URS0000A8E179	SNODB	1477	9606	snoRNA	
URS0000A8E788	SNODB	1573	9606	snoRNA	
URS0000A8F432	SNODB	1478	9606	snoRNA	
URS0000A8F5CD	SNODB	1574	9606	snoRNA	
URS0000A8F7EC	SNODB	1582	9606	snoRNA	
URS0000A90AA7	SNODB	1865	9606	snoRNA	
URS0000A90AF3	SNODB	1575	9606	snoRNA	
URS0000A90C8C	SNODB	1583	9606	snoRNA	
URS0000A90F14	SNODB	2015	9606	snoRNA	
URS0000A92109	SNODB	1482	9606	snoRNA	
URS0000A92750	SNODB	2014	9606	snoRNA	
URS0000A92B30	SNODB	1481	9606	snoRNA	
URS0000A93C98	SNODB	1576	9606	snoRNA	
URS0000A95150	SNODB	2053	9606	snoRNA	
URS0000A95EA4	SNODB	1577	9606	snoRNA	
URS0000A96072	SNODB	2030	9606	snoRNA	
URS0000A97C42	SNODB	1584	9606	snoRNA	
URS0000A97C42	SNODB	1585	9606	snoRNA	
URS0000A98AD0	SNODB	1578	9606	snoRNA	
URS0000A98AD5	SNODB	1483	9606	snoRNA	
URS0000A9907A	SNODB	1883	9606	snoRNA	
URS0000A993EA	SNODB	2031	9606	snoRNA	
URS0000A99434	SNODB	1595	9606	snoRNA	
URS0000A9A0C1	SNODB	1480	9606	snoRNA	
URS0000A9A454	SNODB	1596	9606	snoRNA	
URS0000A9A472	SNODB	1486	9606	snoRNA	
URS0000A9A48B	SNODB	1484	9606	snoRNA	
URS0000A9A9FA	SNODB	1487	9606	snoRNA	
URS0000A9AC93	SNODB	1850	9606	snoRNA	
URS0000A9B200	SNODB	1579	9606	snoRNA	
URS0000A9B200	SNODB	1588	9606	snoRNA	
URS0000A9B3B3	SNODB	1855	9606	snoRNA	
URS0000A9B5A8	SNODB	1856	9606	snoRNA	
URS0000A9C359	SNODB	2054	9606	snoRNA	
URS0000A9C8EF	SNODB	1580	9606	snoRNA	
URS0000A9E6D5	SNODB	1857	9606	snoRNA	
URS0000A9EFD9	SNODB	1858	9606	snoRNA	
URS0000A9F116	SNODB	1859	9606	snoRNA	
URS0000A9F2CE	SNODB	1485	9606	snoRNA	
URS0000A9F951	SNODB	1900	9606	snoRNA	
URS0000A9F9BD	SNODB	2026	9606	snoRNA	
URS0000A9FA53	SNODB	1488	9606	snoRNA	
URS0000A9FE38	SNODB	1493	9606	snoRNA	
URS0000AA0298	SNODB	1489	9606	snoRNA	
URS0000AA0C90	SNODB	1901	9606	snoRNA	
URS0000AA0EC4	SNODB	1902	9606	snoRNA	
URS0000AA1831	SNODB	1903	9606	snoRNA	
URS0000AA1F28	SNODB	1904	9606	snoRNA	
URS0000AA2284	SNODB	1860	9606	snoRNA	
URS0000AA25A7	SNODB	1581	9606	snoRNA	
URS0000AA27D3	SNODB	1490	9606	snoRNA	
URS0000AA27D3	SNODB	1491	9606	snoRNA	
URS0000AA2D87	SNODB	1597	9606	snoRNA	
URS0000AA36DA	SNODB	1589	9606	snoRNA	
URS0000AA385A	SNODB	1590	9606	snoRNA	
URS0000AA385E	SNODB	1492	9606	snoRNA	
URS0000AA3E91	SNODB	1905	9606	snoRNA	
URS0000AA595F	SNODB	1498	9606	snoRNA	
URS0000AA7134	SNODB	1494	9606	snoRNA	
URS0000AA78CE	SNODB	1836	9606	snoRNA	
URS0000AA816B	SNODB	1837	9606	snoRNA	
URS0000AA83E0	SNODB	2027	9606	snoRNA	
URS0000AA9229	SNODB	1495	9606	snoRNA	
URS0000AA9229	SNODB	1496	9606	snoRNA	
URS0000AA9229	SNODB	1497	9606	snoRNA	
URS0000AA9229	SNODB	1500	9606	snoRNA	
URS0000AA95FD	SNODB	1504	9606	snoRNA	
URS0000AA9C41	SNODB	1877	9606	snoRNA	
URS0000AAA4A5	SNODB	1499	9606	snoRNA	
URS0000AAA4D0	SNODB	1501	9606	snoRNA	
URS0000AAA4D0	SNODB	1502	9606	snoRNA	
URS0000AAA80B	SNODB	1878	9606	snoRNA	
URS0000AAB145	SNODB	1503	9606	snoRNA	
URS0000AAB682	SNODB	1879	9606	snoRNA	
URS0000AAB804	SNODB	1866	9606	snoRNA	
URS0000AAC370	SNODB	2020	9606	snoRNA	
URS0000AAC423	SNODB	2032	9606	snoRNA	
URS0000AAC46A	SNODB	1507	9606	snoRNA	
URS0000AAD8D5	SNODB	1512	9606	snoRNA	
URS0000AADA4E	SNODB	1508	9606	snoRNA	
URS0000AAFECD	SNODB	1881	9606	snoRNA	
URS0000AB00C5	SNODB	1882	9606	snoRNA	
URS0000AB03E9	SNODB	1862	9606	snoRNA	
URS0000AB0645	SNODB	1586	9606	snoRNA	
URS0000AB0692	SNODB	1587	9606	snoRNA	
URS0000AB0CC2	SNODB	1861	9606	snoRNA	
URS0000AB1343	SNODB	1906	9606	snoRNA	
URS0000ABD7D2	SNODB	1509	9606	snoRNA	
URS0000ABD7D4	SNODB	1505	9606	snoRNA	
URS0000ABD7D7	SNODB	1510	9606	snoRNA	
URS0000ABD7DA	SNODB	1511	9606	snoRNA	
URS0000ABD7E3	SNODB	1506	9606	snoRNA	
URS0000ABD7E5	SNODB	1880	9606	snoRNA	
URS0000ABD7EB	SNODB	1517	9606	snoRNA	
URS0000ABD7F6	SNODB	1518	9606	snoRNA	
URS0000ABD7F8	SNODB	1519	9606	snoRNA	
URS0000ABD7FE	SNODB	1520	9606	snoRNA	
URS0000ABD802	SNODB	2016	9606	snoRNA	
URS0000ABD803	SNODB	2017	9606	snoRNA	
URS0000ABD80E	SNODB	1513	9606	snoRNA	
URS0000ABD80F	SNODB	1514	9606	snoRNA	
URS0000ABD811	SNODB	1515	9606	snoRNA	
URS0000ABD812	SNODB	1516	9606	snoRNA	
URS0000ABD814	SNODB	1523	9606	snoRNA	
URS0000ABD825	SNODB	1524	9606	snoRNA	
URS0000ABD828	SNODB	1521	9606	snoRNA	
URS0000ABD829	SNODB	1525	9606	snoRNA	
URS0000ABD82C	SNODB	2055	9606	snoRNA	
URS0000ABD834	SNODB	1526	9606	snoRNA	
URS0000ABD83F	SNODB	1522	9606	snoRNA	
URS0000ABD843	SNODB	1527	9606	snoRNA	
URS0000ABD844	SNODB	1528	9606	snoRNA	
URS0000ABD845	SNODB	2018	9606	snoRNA	
URS0000ABD847	SNODB	1529	9606	snoRNA	
URS0000ABD851	SNODB	2056	9606	snoRNA	
URS0000ABD853	SNODB	1532	9606	snoRNA	
URS0000ABD855	SNODB	1533	9606	snoRNA	
URS0000ABD85D	SNODB	1534	9606	snoRNA	
URS0000ABD85F	SNODB	1535	9606	snoRNA	
URS0000ABD864	SNODB	1530	9606	snoRNA	
URS0000ABD867	SNODB	1531	9606	snoRNA	
URS0000ABD86B	SNODB	1538	9606	snoRNA	
URS0000ABD86B	SNODB	1539	9606	snoRNA	
URS0000ABD86E	SNODB	1536	9606	snoRNA	
URS0000ABD875	SNODB	1540	9606	snoRNA	
URS0000ABD877	SNODB	1537	9606	snoRNA	
URS0000ABD87E	SNODB	1542	9606	snoRNA	
URS0000ABD882	SNODB	1838	9606	snoRNA	
URS0000ABD889	SNODB	1839	9606	snoRNA	
URS0000ABD890	SNODB	1840	9606	snoRNA	
URS0000ABD892	SNODB	1541	9606	snoRNA	
URS0000ABD894	SNODB	1841	9606	snoRNA	
URS0000ABD896	SNODB	1842	9606	snoRNA	
URS0000ABD89B	SNODB	1843	9606	snoRNA	
URS0000ABD89C	SNODB	1844	9606	snoRNA	
URS0000ABD8A3	SNODB	1543	9606	snoRNA	
URS0000ABD8A3	SNODB	1845	9606	snoRNA	
URS0000ABD8A4	SNODB	1544	9606	snoRNA	
URS0000ABD8AC	SNODB	1545	9606	snoRNA	
URS0000ABD8AD	SNODB	2057	9606	snoRNA	
URS0000ABD8AD	SNODB	2058	9606	snoRNA	
URS0000ABD8B0	SNODB	1548	9606	snoRNA	
URS0000ABD8B9	SNODB	1546	9606	snoRNA	
URS0000ABD8BD	SNODB	1547	9606	snoRNA	
URS0000ABD8BE	SNODB	1549	9606	snoRNA	
URS0000ABD8C0	SNODB	1550	9606	snoRNA	
URS0000ABD8C8	SNODB	1551	9606	snoRNA	
URS0000ABD8C9	SNODB	1554	9606	snoRNA	
URS0000ABD8CA	SNODB	1552	9606	snoRNA	
URS0000ABD8CD	SNODB	1555	9606	snoRNA	
URS0000ABD8D1	SNODB	1556	9606	snoRNA	
URS0000ABD8D2	SNODB	1557	9606	snoRNA	
URS0000ABD8D8	SNODB	1553	9606	snoRNA	
URS0000ABD8DD	SNODB	2019	9606	snoRNA	
URS0000ABD8E4	SNODB	2064	9606	snoRNA	
URS0000ABD8E7	SNODB	384	9606	snoRNA	
URS0000BC453E	SNODB	1847	9606	snoRNA	
URS0000BC45E9	SNODB	1849	9606	snoRNA	
URS0000BE73CF	SNODB	1558	9606	snoRNA	
URS0000EFB92B	SNODB	2089	9606	snoRNA	
URS0000EFB92C	SNODB	2066	9606	snoRNA	
URS0000EFB92D	SNODB	2080	9606	snoRNA	
URS0000EFB92E	SNODB	2082	9606	snoRNA	
URS0000EFB92F	SNODB	2078	9606	snoRNA	
URS0000EFB930	SNODB	2088	9606	snoRNA	
URS0000EFB931	SNODB	2065	9606	snoRNA	
URS0000EFB932	SNODB	2085	9606	snoRNA	
URS0000EFB933	SNODB	2076	9606	snoRNA	
URS0000EFB934	SNODB	2068	9606	snoRNA	
URS0000EFB935	SNODB	2069	9606	snoRNA	
URS0000EFB936	SNODB	2067	9606	snoRNA	
URS0000EFB937	SNODB	2086	9606	snoRNA	
URS0000EFB938	SNODB	2083	9606	snoRNA	
URS0000EFB939	SNODB	2087	9606	snoRNA	
URS0000EFB93A	SNODB	2071	9606	snoRNA	
URS0000EFB93B	SNODB	2070	9606	snoRNA	
URS0000EFB93C	SNODB	2072	9606	snoRNA	
URS0000EFB93D	SNODB	2075	9606	snoRNA	
URS0000EFB93E	SNODB	2077	9606	snoRNA	
URS0000EFB93F	SNODB	2081	9606	snoRNA	
URS0000EFB940	SNODB	2079	9606	snoRNA	
URS0000EFB941	SNODB	2084	9606	snoRNA	
URS0000EFB942	SNODB	2073	9606	snoRNA	
URS0000EFB943	SNODB	2074	9606	snoRNA	
