URS0000001EEC	SRPDB	Pyro.abys._AJ248283.1	272844	SRP_RNA	SRP RNA
URS0000007B38	SRPDB	Dani.reri._EH487580	7955	SRP_RNA	SRP RNA
URS000000CD52	SRPDB	Fuso.nucl._AE009951	190304	SRP_RNA	SRP RNA
URS000000F878	SRPDB	Plas.berg._DC223490	5823	SRP_RNA	SRP RNA
URS000000F878	SRPDB	Plas.berg._DC223613	5823	SRP_RNA	SRP RNA
URS000000FCE2	SRPDB	Esch.coli._AE014075	199310	SRP_RNA	SRP RNA
URS000000FCE2	SRPDB	Esch.coli._AM946981	469008	SRP_RNA	SRP RNA
URS000000FCE2	SRPDB	Esch.coli._AP009048	316407	SRP_RNA	SRP RNA
URS000000FCE2	SRPDB	Esch.coli._AP009240	409438	SRP_RNA	SRP RNA
URS000000FCE2	SRPDB	Esch.coli._AP010958	585395	SRP_RNA	SRP RNA
URS000000FCE2	SRPDB	Esch.coli._AP010960	585396	SRP_RNA	SRP RNA
URS000000FCE2	SRPDB	Esch.coli._BA000007	386585	SRP_RNA	SRP RNA
URS000000FCE2	SRPDB	Esch.coli._CP000243	364106	SRP_RNA	SRP RNA
URS000000FCE2	SRPDB	Esch.coli._CP000247	362663	SRP_RNA	SRP RNA
URS000000FCE2	SRPDB	Esch.coli._CP000468	405955	SRP_RNA	SRP RNA
URS000000FCE2	SRPDB	Esch.coli._CP000802	331112	SRP_RNA	SRP RNA
URS000000FCE2	SRPDB	Esch.coli._CP000819	413997	SRP_RNA	SRP RNA
URS000000FCE2	SRPDB	Esch.coli._CP000946	481805	SRP_RNA	SRP RNA
URS000000FCE2	SRPDB	Esch.coli._CP000948	316385	SRP_RNA	SRP RNA
URS000000FCE2	SRPDB	Esch.coli._CP000970	439855	SRP_RNA	SRP RNA
URS000000FCE2	SRPDB	Esch.coli._CP001164	444450	SRP_RNA	SRP RNA
URS000000FCE2	SRPDB	Esch.coli._CP001368	544404	SRP_RNA	SRP RNA
URS000000FCE2	SRPDB	Esch.coli._CP001396	595496	SRP_RNA	SRP RNA
URS000000FCE2	SRPDB	Esch.coli._CP001509	469008	SRP_RNA	SRP RNA
URS000000FCE2	SRPDB	Esch.coli._CP001637	536056	SRP_RNA	SRP RNA
URS000000FCE2	SRPDB	Esch.coli._CP001665	866768	SRP_RNA	SRP RNA
URS000000FCE2	SRPDB	Esch.coli._CP001846	701177	SRP_RNA	SRP RNA
URS000000FCE2	SRPDB	Esch.coli._CP001969	714962	SRP_RNA	SRP RNA
URS000000FCE2	SRPDB	Esch.coli._FM180568	574521	SRP_RNA	SRP RNA
URS000000FCE2	SRPDB	Esch.coli._U00096	511145	SRP_RNA	SRP RNA
URS000000FCE2	SRPDB	Esch.coli._U82664	562	SRP_RNA	SRP RNA
URS000000FCE2	SRPDB	Esch.coli._X01074	562	SRP_RNA	SRP RNA
URS000000FCE2	SRPDB	Salm.ente._AE006468	99287	SRP_RNA	SRP RNA
URS000000FCE2	SRPDB	Salm.ente._AE017220	321314	SRP_RNA	SRP RNA
URS000000FCE2	SRPDB	Salm.ente._AM933172	550537	SRP_RNA	SRP RNA
URS000000FCE2	SRPDB	Salm.ente._CP000857	476213	SRP_RNA	SRP RNA
URS000000FCE2	SRPDB	Salm.ente._CP000880	41514	SRP_RNA	SRP RNA
URS000000FCE2	SRPDB	Salm.ente._CP000886	1016998	SRP_RNA	SRP RNA
URS000000FCE2	SRPDB	Salm.ente._CP001113	423368	SRP_RNA	SRP RNA
URS000000FCE2	SRPDB	Salm.ente._CP001120	454169	SRP_RNA	SRP RNA
URS000000FCE2	SRPDB	Salm.ente._CP001127	439843	SRP_RNA	SRP RNA
URS000000FCE2	SRPDB	Salm.ente._CP001138	454166	SRP_RNA	SRP RNA
URS000000FCE2	SRPDB	Salm.ente._CP001144	439851	SRP_RNA	SRP RNA
URS000000FCE2	SRPDB	Salm.ente._CP001363	588858	SRP_RNA	SRP RNA
URS000000FCE2	SRPDB	Shig.boyd._CP000036	300268	SRP_RNA	SRP RNA
URS000000FCE2	SRPDB	Shig.boyd._CP001063	344609	SRP_RNA	SRP RNA
URS000000FCE2	SRPDB	Shig.dyse._CP000034	300267	SRP_RNA	SRP RNA
URS000000FCE2	SRPDB	Shig.sonn._CP000038	300269	SRP_RNA	SRP RNA
URS0000010800	SRPDB	Lact.john._AE017198	257314	SRP_RNA	SRP RNA
URS0000010800	SRPDB	Lact.john._FN298497	633699	SRP_RNA	SRP RNA
URS0000010872	SRPDB	Stre.pneu._AE005672	170187	SRP_RNA	SRP RNA
URS0000010872	SRPDB	Stre.pneu._AE007317	171101	SRP_RNA	SRP RNA
URS0000010872	SRPDB	Stre.pneu._CP000410	373153	SRP_RNA	SRP RNA
URS0000010872	SRPDB	Stre.pneu._CP000918	488221	SRP_RNA	SRP RNA
URS0000010872	SRPDB	Stre.pneu._CP000919	488222	SRP_RNA	SRP RNA
URS0000010872	SRPDB	Stre.pneu._CP000920	488223	SRP_RNA	SRP RNA
URS0000010872	SRPDB	Stre.pneu._CP000921	487213	SRP_RNA	SRP RNA
URS0000010872	SRPDB	Stre.pneu._CP000936	487214	SRP_RNA	SRP RNA
URS0000010872	SRPDB	Stre.pneu._CP001015	512566	SRP_RNA	SRP RNA
URS0000010872	SRPDB	Stre.pneu._CP001033	516950	SRP_RNA	SRP RNA
URS0000010872	SRPDB	Stre.pneu._CP001993	525381	SRP_RNA	SRP RNA
URS0000010872	SRPDB	Stre.pneu._CP002121	574093	SRP_RNA	SRP RNA
URS0000010872	SRPDB	Stre.pneu._CP002176	189423	SRP_RNA	SRP RNA
URS0000010872	SRPDB	Stre.pneu._FM211187	561276	SRP_RNA	SRP RNA
URS0000010872	SRPDB	Stre.pneu._FQ312027	869215	SRP_RNA	SRP RNA
URS0000010872	SRPDB	Stre.pneu._FQ312029	869216	SRP_RNA	SRP RNA
URS0000010872	SRPDB	Stre.pneu._FQ312030	869269	SRP_RNA	SRP RNA
URS0000010872	SRPDB	Stre.pneu._FQ312039	869311	SRP_RNA	SRP RNA
URS0000010872	SRPDB	Stre.pneu._FQ312042	869312	SRP_RNA	SRP RNA
URS0000010872	SRPDB	Stre.pneu._FQ312043	869304	SRP_RNA	SRP RNA
URS0000010872	SRPDB	Stre.pneu._FQ312044	869307	SRP_RNA	SRP RNA
URS0000010872	SRPDB	Stre.pneu._FQ312045	869303	SRP_RNA	SRP RNA
URS00000152F6	SRPDB	Cion.inte._BW103661	7719	SRP_RNA	SRP RNA
URS0000017799	SRPDB	Meth.mari._BX950229.1	39152	SRP_RNA	SRP RNA
URS0000021936	SRPDB	Meth.aeol._CP000743.1	419665	SRP_RNA	SRP RNA
URS0000022762	SRPDB	Natr.phar._CR936257.1	348780	SRP_RNA	SRP RNA
URS0000024D93	SRPDB	Homo.sapi._BU566906	9606	SRP_RNA	SRP RNA
URS000002A5DB	SRPDB	Humu.lupu._X65985	3486	SRP_RNA	SRP RNA
URS000002D8B7	SRPDB	Zea.mays._CD526459	4577	SRP_RNA	SRP RNA
URS000002F865	SRPDB	Pyro.abys._AX041106.1	29292	SRP_RNA	SRP RNA
URS0000032137	SRPDB	Trit.aest._BQ167677	4565	SRP_RNA	SRP RNA
URS0000032BF1	SRPDB	Ther.petr._CP000702	390874	SRP_RNA	SRP RNA
URS0000033B3F	SRPDB	Sacc.cere._M28116	4932	SRP_RNA	SRP RNA
URS0000034C39	SRPDB	Arth.aure._CP000474	290340	SRP_RNA	SRP RNA
URS000003D18E	SRPDB	Sulf.isla._CP001403.1	439386	SRP_RNA	SRP RNA
URS0000040DFF	SRPDB	Bifi.adol._AP009256	367928	SRP_RNA	SRP RNA
URS00000422E4	SRPDB	Halo.halo._X01698.1	2242	SRP_RNA	SRP RNA
URS000004481E	SRPDB	Lyco.escu._Z46745	4081	SRP_RNA	SRP RNA
URS0000045C77	SRPDB	Homo.sapi._X02067	9606	SRP_RNA	SRP RNA
URS00000478B7	SRPDB	Homo.sapi._X01037	9606	SRP_RNA	SRP RNA
URS0000047AA3	SRPDB	Halo.lacu._CP001365.1	416348	SRP_RNA	SRP RNA
URS0000047F84	SRPDB	Meth.acet._AE010299.1	188937	SRP_RNA	SRP RNA
URS000004887E	SRPDB	Sulf.solf._AE006641.1	273057	SRP_RNA	SRP RNA
URS000004887E	SRPDB	Sulf.solf._CP001800.1	555311	SRP_RNA	SRP RNA
URS0000048FD8	SRPDB	Plas.falc._AU088164	5833	SRP_RNA	SRP RNA
URS00000513EB	SRPDB	Wolb.endo._AB080664	188349	SRP_RNA	SRP RNA
URS000005358B	SRPDB	Heli.annu._AJ828095	4232	SRP_RNA	SRP RNA
URS000005BBF2	SRPDB	Igni.hosp._CP000816.1	453591	SRP_RNA	SRP RNA
URS0000062F80	SRPDB	Vibr.harv._CP000789	338187	SRP_RNA	SRP RNA
URS00000638C1	SRPDB	Bruc.abor._AE017223	262698	SRP_RNA	SRP RNA
URS00000638C1	SRPDB	Bruc.abor._CP000887	430066	SRP_RNA	SRP RNA
URS00000638C1	SRPDB	Bruc.meli._AM040264	359391	SRP_RNA	SRP RNA
URS0000069949	SRPDB	Baci.cere._CP000764	315749	SRP_RNA	SRP RNA
URS000006C5ED	SRPDB	Meth.mari._CP000609.1	402880	SRP_RNA	SRP RNA
URS000007022E	SRPDB	Stre.sang._CP000387	388919	SRP_RNA	SRP RNA
URS000007BC36	SRPDB	Sili.spec._CP000377	292414	SRP_RNA	SRP RNA
URS000007C76D	SRPDB	Acin.baum._CP000521	400667	SRP_RNA	SRP RNA
URS000007C76D	SRPDB	Acin.baum._CP000863	405416	SRP_RNA	SRP RNA
URS000007C76D	SRPDB	Acin.baum._CP001172	557600	SRP_RNA	SRP RNA
URS000007C76D	SRPDB	Acin.baum._CP001182	480119	SRP_RNA	SRP RNA
URS000007C76D	SRPDB	Acin.baum._CU459141	470	SRP_RNA	SRP RNA
URS000007D2D8	SRPDB	Mus.musc._AC099934	10090	SRP_RNA	SRP RNA
URS000007D2D8	SRPDB	Mus.musc._AC126244	10090	SRP_RNA	SRP RNA
URS000007D2D8	SRPDB	Mus.musc._AC157822	10090	SRP_RNA	SRP RNA
URS000007EB3B	SRPDB	Cory.jeik._CR931997	306537	SRP_RNA	SRP RNA
URS000008516E	SRPDB	Idio.loih._AE017340	283942	SRP_RNA	SRP RNA
URS000008BA82	SRPDB	Trit.aest._CD897082	4565	SRP_RNA	SRP RNA
URS00000955A6	SRPDB	Wolb.endo._AE017196	163164	SRP_RNA	SRP RNA
URS0000096CA0	SRPDB	Hype.buty._CP000493.1	415426	SRP_RNA	SRP RNA
URS00000983B1	SRPDB	Bart.hens._BX897699	38323	SRP_RNA	SRP RNA
URS000009C6FB	SRPDB	Wigg.glos._BA000021	36870	SRP_RNA	SRP RNA
URS000009CAE6	SRPDB	Guil.thet._AF041468	55529	SRP_RNA	SRP RNA
URS000009E627	SRPDB	Lyco.escu._Z29111	4081	SRP_RNA	SRP RNA
URS000009F8FE	SRPDB	Ratt.norv._AC091616	10116	SRP_RNA	SRP RNA
URS00000A09B8	SRPDB	Azoa.spec._AM406670	418699	SRP_RNA	SRP RNA
URS00000A6C78	SRPDB	Dani.rrer._BX470258	7955	SRP_RNA	SRP RNA
URS00000A7875	SRPDB	Zymo.mobi._AF203881	542	SRP_RNA	SRP RNA
URS00000AA349	SRPDB	Stre.aver._BA000030	227882	SRP_RNA	SRP RNA
URS00000AC397	SRPDB	Cand.Kora._CP000968.1	374847	SRP_RNA	SRP RNA
URS00000B6A26	SRPDB	Halo.halo._CP000544	349124	SRP_RNA	SRP RNA
URS00000C0922	SRPDB	Caul.cres._AE005673	190650	SRP_RNA	SRP RNA
URS00000C0922	SRPDB	Caul.cres._CP001340	565050	SRP_RNA	SRP RNA
URS00000C0922	SRPDB	Caul.cres._U22036	155892	SRP_RNA	SRP RNA
URS00000C2436	SRPDB	Ther.mela._CP000716	391009	SRP_RNA	SRP RNA
URS00000C277D	SRPDB	Onch.volv._BF727619	6282	SRP_RNA	SRP RNA
URS00000C3F88	SRPDB	Baci.circ._D11419	1397	SRP_RNA	SRP RNA
URS00000C5641	SRPDB	Oryz.sati._AP003253	39947	SRP_RNA	SRP RNA
URS00000C5641	SRPDB	Oryz.sati._AP003333	39947	SRP_RNA	SRP RNA
URS00000C6D1F	SRPDB	Rick.afri._CP001612	347255	SRP_RNA	SRP RNA
URS00000C6D1F	SRPDB	Rick.cono._AE006914	272944	SRP_RNA	SRP RNA
URS00000C6D1F	SRPDB	Rick.peac._CP001227	562019	SRP_RNA	SRP RNA
URS00000C6D1F	SRPDB	Rick.rick._CP000766	452659	SRP_RNA	SRP RNA
URS00000C6D1F	SRPDB	Rick.rick._CP000848	392021	SRP_RNA	SRP RNA
URS00000C6DFB	SRPDB	Onch.volv._AI249203	6282	SRP_RNA	SRP RNA
URS00000CA1C6	SRPDB	Fran.spec._CP000249	106370	SRP_RNA	SRP RNA
URS00000CD556	SRPDB	Azoa.spec._CR555306	76114	SRP_RNA	SRP RNA
URS00000CF2C8	SRPDB	Fran.alni._CT573213	326424	SRP_RNA	SRP RNA
URS00000D15A8	SRPDB	Cory.glut._AP009044	340322	SRP_RNA	SRP RNA
URS00000D15A8	SRPDB	Cory.glut._BA000036	196627	SRP_RNA	SRP RNA
URS00000D15A8	SRPDB	Cory.glut._BX927148	196627	SRP_RNA	SRP RNA
URS00000D195C	SRPDB	Lyco.escu._Z29109	4081	SRP_RNA	SRP RNA
URS00000E2773	SRPDB	Pyro.occu._M21085.1	2309	SRP_RNA	SRP RNA
URS00000E4223	SRPDB	Lact.acid._CP000033	272621	SRP_RNA	SRP RNA
URS00000E646F	SRPDB	Para.bras._CN238860	121759	SRP_RNA	SRP RNA
URS00000E646F	SRPDB	Para.bras._CN239248	121759	SRP_RNA	SRP RNA
URS00000E646F	SRPDB	Para.bras._CN240152	121759	SRP_RNA	SRP RNA
URS00000E646F	SRPDB	Para.bras._CN240538	121759	SRP_RNA	SRP RNA
URS00000E646F	SRPDB	Para.bras._CN241909	121759	SRP_RNA	SRP RNA
URS00000E646F	SRPDB	Para.bras._EH652573	121759	SRP_RNA	SRP RNA
URS00000E789B	SRPDB	Bras.napu._EE410150	3708	SRP_RNA	SRP RNA
URS00000E789B	SRPDB	Bras.napu._EE411027	3708	SRP_RNA	SRP RNA
URS00000E789B	SRPDB	Bras.napu._EE416381	3708	SRP_RNA	SRP RNA
URS00000EBEE9	SRPDB	Dani.rrer._CR925739	7955	SRP_RNA	SRP RNA
URS00000EC5A2	SRPDB	Stre.pyog._AE014074	198466	SRP_RNA	SRP RNA
URS00000EC5A2	SRPDB	Stre.pyog._BA000034	193567	SRP_RNA	SRP RNA
URS00000EF58B	SRPDB	Sus.scro._BP459377	9823	SRP_RNA	SRP RNA
URS00000FC390	SRPDB	Gluc.oxyd._CP000009	290633	SRP_RNA	SRP RNA
URS00000FD66D	SRPDB	Rueg.pome._CP000031	246200	SRP_RNA	SRP RNA
URS00000FEB88	SRPDB	Oryc.cuni._AB021174	9986	SRP_RNA	SRP RNA
URS0000100C7D	SRPDB	Shew.onei._AE014299	211586	SRP_RNA	SRP RNA
URS0000100C7D	SRPDB	Shew.spec._CP000444	60481	SRP_RNA	SRP RNA
URS0000100C7D	SRPDB	Shew.spec._CP000446	60480	SRP_RNA	SRP RNA
URS0000100C7D	SRPDB	Shew.spec._CP000469	94122	SRP_RNA	SRP RNA
URS000010104E	SRPDB	Stap.sapr._AP008934	342451	SRP_RNA	SRP RNA
URS00001046F2	SRPDB	Phyt.infe._CV911012	4787	SRP_RNA	SRP RNA
URS000010B231	SRPDB	Sacc.degr._CP000282	203122	SRP_RNA	SRP RNA
URS000010BB24	SRPDB	Lyco.escu._Z29104	4081	SRP_RNA	SRP RNA
URS000011087F	SRPDB	Wolb.endo._AE017321	292805	SRP_RNA	SRP RNA
URS000011375F	SRPDB	Leis.aeth._AY722731	5667	SRP_RNA	SRP RNA
URS000011375F	SRPDB	Leis.aeth._AY722732	5667	SRP_RNA	SRP RNA
URS000011C732	SRPDB	Porp.purp._U38804	2787	SRP_RNA	SRP RNA
URS0000123491	SRPDB	Meth.ferv._CP001696.1	573064	SRP_RNA	SRP RNA
URS0000127955	SRPDB	Rals.eutr._CP000090	264198	SRP_RNA	SRP RNA
URS00001290C9	SRPDB	Homo.sapi._AB061847	9606	SRP_RNA	SRP RNA
URS00001290C9	SRPDB	Homo.sapi._AL139099	9606	SRP_RNA	SRP RNA
URS00001290C9	SRPDB	Homo.sapi._BU566619	9606	SRP_RNA	SRP RNA
URS0000129BDB	SRPDB	Rhod.palu._CP000283	316057	SRP_RNA	SRP RNA
URS000013A359	SRPDB	List.mono._AE017262	265669	SRP_RNA	SRP RNA
URS000013AFA3	SRPDB	Shew.balt._CP000563	325240	SRP_RNA	SRP RNA
URS000013AFA3	SRPDB	Shew.balt._CP000753	402882	SRP_RNA	SRP RNA
URS000013AFA3	SRPDB	Shew.balt._CP000891	399599	SRP_RNA	SRP RNA
URS000013AFA3	SRPDB	Shew.balt._CP001252	407976	SRP_RNA	SRP RNA
URS000013AFA3	SRPDB	Shew.putr._CP000681	319224	SRP_RNA	SRP RNA
URS000013AFA3	SRPDB	Shew.spec._CP000503	351745	SRP_RNA	SRP RNA
URS000013CEC2	SRPDB	Dani.reri._CR854846	7955	SRP_RNA	SRP RNA
URS000013DEBB	SRPDB	Meth.labr._CP000559.1	410358	SRP_RNA	SRP RNA
URS0000140A81	SRPDB	Baci.subt._X06803	1423	SRP_RNA	SRP RNA
URS0000141B0B	SRPDB	Buch.aphi._AE016826	224915	SRP_RNA	SRP RNA
URS0000145150	SRPDB	Zea.mays._CF602412	4577	SRP_RNA	SRP RNA
URS0000146A18	SRPDB	Ther.fusc._CP000088	269800	SRP_RNA	SRP RNA
URS00001475FF	SRPDB	Gloe.viol._BA000045	251221	SRP_RNA	SRP RNA
URS000014A5A7	SRPDB	Trit.aest._CA626434	4565	SRP_RNA	SRP RNA
URS000014BADF	SRPDB	Leis.majo._AY722713	5664	sRNA	SRP RNA
URS000014BADF	SRPDB	Leis.majo._AY722714	5664	sRNA	SRP RNA
URS000014BADF	SRPDB	Leis.majo._AY722715	5664	sRNA	SRP RNA
URS000014DD8F	SRPDB	Zea.mays._AY108846	4577	SRP_RNA	SRP RNA
URS00001602B4	SRPDB	Baci.spha._D11418	1421	SRP_RNA	SRP RNA
URS0000162B36	SRPDB	Proc.mari._BX548175	74547	SRP_RNA	SRP RNA
URS0000162B36	SRPDB	Proc.mari._CP000554	59922	SRP_RNA	SRP RNA
URS0000163B34	SRPDB	Dros.mela._X01056	7227	SRP_RNA	SRP RNA
URS0000168BDE	SRPDB	Para.bras._EH655308	121759	SRP_RNA	SRP RNA
URS0000169645	SRPDB	Lact.brev._CP000416	387344	SRP_RNA	SRP RNA
URS000016A4CE	SRPDB	Nitr.hamb._CP000319	323097	SRP_RNA	SRP RNA
URS000016BBCF	SRPDB	Humu.lupu._AJ236706	3486	SRP_RNA	SRP RNA
URS000016CA73	SRPDB	Lact.lact._AE005176	272623	SRP_RNA	SRP RNA
URS000016CA73	SRPDB	Lact.lact._CP001834	684738	SRP_RNA	SRP RNA
URS000016CF90	SRPDB	Neph.oliv._AF137379	31312	SRP_RNA	SRP RNA
URS000017455F	SRPDB	Phyt.infe._CV919934	4787	SRP_RNA	SRP RNA
URS0000178F52	SRPDB	Sulf.toko._BA000023.2	273063	SRP_RNA	SRP RNA
URS000017900F	SRPDB	Rhod.palu._CP000301	316056	SRP_RNA	SRP RNA
URS000017D1F9	SRPDB	Stre.dysg._AB479809	119602	SRP_RNA	SRP RNA
URS000017D1F9	SRPDB	Stre.dysg._AB479810	119602	SRP_RNA	SRP RNA
URS000017D1F9	SRPDB	Stre.dysg._AP010935	486410	SRP_RNA	SRP RNA
URS000017E2DA	SRPDB	Zea.mays._CK327537	4577	SRP_RNA	SRP RNA
URS000017E50C	SRPDB	Baci.lich._AE017333	279010	SRP_RNA	SRP RNA
URS0000180621	SRPDB	Pyro.furi._AE009950.1	186497	SRP_RNA	SRP RNA
URS0000182FC0	SRPDB	Halo.wals._AM180088.1	362976	SRP_RNA	SRP RNA
URS0000185C72	SRPDB	Ther.koda._AP006878.1	69014	SRP_RNA	SRP RNA
URS0000188065	SRPDB	Eime.tene._CD666347	5802	SRP_RNA	SRP RNA
URS000018D85F	SRPDB	Meth.vulc._CP001787.1	579137	SRP_RNA	SRP RNA
URS000019093F	SRPDB	Rick.typh._AE017197	257363	SRP_RNA	SRP RNA
URS0000192F67	SRPDB	Meth.ther._X15364.1	145262	SRP_RNA	SRP RNA
URS000019867E	SRPDB	Pers.amer._X65992	3435	sRNA	SRP RNA
URS000019E1F5	SRPDB	Myco.pneu._CP002077	722438	SRP_RNA	SRP RNA
URS000019E1F5	SRPDB	Myco.pneu._U00089	272634	SRP_RNA	SRP RNA
URS000019E7D3	SRPDB	Ente.faec._AE016830	226185	SRP_RNA	SRP RNA
URS000019E7D3	SRPDB	Ente.spec._FP929058	1351	SRP_RNA	SRP RNA
URS00001A05D8	SRPDB	Colw.psyc._CP000083	167879	SRP_RNA	SRP RNA
URS00001A9C6A	SRPDB	Aede.aegy._DW714804	7159	SRP_RNA	SRP RNA
URS00001B35D0	SRPDB	Dros.mela._X00952	7227	SRP_RNA	SRP RNA
URS00001B6C74	SRPDB	Psyc.sp.._CP000713	349106	SRP_RNA	SRP RNA
URS00001BDB9D	SRPDB	Fran.tula._CP000439	401614	SRP_RNA	SRP RNA
URS00001BFEAD	SRPDB	Trep.dent._AE017226	243275	SRP_RNA	SRP RNA
URS00001BFF03	SRPDB	Citr.sine._CN181543	2711	SRP_RNA	SRP RNA
URS00001BFF03	SRPDB	Citr.sine._CN181544	2711	SRP_RNA	SRP RNA
URS00001C03DC	SRPDB	Baci.amyl._D13041	1390	SRP_RNA	SRP RNA
URS00001C03DC	SRPDB	Baci.subt._D26185	1423	SRP_RNA	SRP RNA
URS00001C03DC	SRPDB	Baci.subt._X06802	1423	SRP_RNA	SRP RNA
URS00001C03DC	SRPDB	Baci.subt._X12642	1423	SRP_RNA	SRP RNA
URS00001C03DC	SRPDB	Baci.subt._X14796	1423	SRP_RNA	SRP RNA
URS00001C1926	SRPDB	Nitr.mari._CP000866.1	436308	SRP_RNA	SRP RNA
URS00001C29D4	SRPDB	Medi.trun._AC136507	3880	SRP_RNA	SRP RNA
URS00001C2B0C	SRPDB	Para.bras._CN241137	121759	SRP_RNA	SRP RNA
URS00001C8C58	SRPDB	Porp.yezo._AP006715	2788	SRP_RNA	SRP RNA
URS00001CC9E9	SRPDB	Vibr.para._BA000031	223926	SRP_RNA	SRP RNA
URS00001D146E	SRPDB	Hahe.chej._CP000155	349521	SRP_RNA	SRP RNA
URS00001D243E	SRPDB	Sacc.cere._U18917	4932	SRP_RNA	SRP RNA
URS00001D3FE7	SRPDB	Pyro.isla._CP000504.1	384616	SRP_RNA	SRP RNA
URS00001D4207	SRPDB	Homo.sapi._BF875598	9606	SRP_RNA	SRP RNA
URS00001D5FAD	SRPDB	Xant.camp._AE008922	190485	SRP_RNA	SRP RNA
URS00001D5FAD	SRPDB	Xant.camp._AM039952	456327	SRP_RNA	SRP RNA
URS00001D5FAD	SRPDB	Xant.camp._AM920689	340	SRP_RNA	SRP RNA
URS00001D5FAD	SRPDB	Xant.camp._CP000050	314565	SRP_RNA	SRP RNA
URS00001D5FAD	SRPDB	Xant.euve._DQ256493	456327	SRP_RNA	SRP RNA
URS00001DFF6F	SRPDB	Zymo.mobi._CP001722	622759	SRP_RNA	SRP RNA
URS00001E0F59	SRPDB	Halo.sali._AM774415.1	478009	SRP_RNA	SRP RNA
URS00001E0F59	SRPDB	Halo.spec._AE004437.1	64091	SRP_RNA	SRP RNA
URS00001E31C8	SRPDB	Psyc.arct._CP000082	259536	SRP_RNA	SRP RNA
URS00001E53BA	SRPDB	Lact.delb._AF496545	29397	SRP_RNA	SRP RNA
URS00001E53BA	SRPDB	Lact.delb._CP000412	321956	SRP_RNA	SRP RNA
URS00001E53BA	SRPDB	Lact.delb._CR954253	390333	SRP_RNA	SRP RNA
URS00001E5F34	SRPDB	Meth.kand._AE009439.1	190192	SRP_RNA	SRP RNA
URS00001EA62A	SRPDB	Trop.whip._AE014184	203267	SRP_RNA	SRP RNA
URS00001EA62A	SRPDB	Trop.whip._BX251412	218496	SRP_RNA	SRP RNA
URS00001EA773	SRPDB	Meth.mari._CP000745.1	426368	SRP_RNA	SRP RNA
URS00001EAD88	SRPDB	Bifi.long._AE014295	206672	SRP_RNA	SRP RNA
URS00001EAD88	SRPDB	Bifi.long._CP000605	205913	SRP_RNA	SRP RNA
URS00001EAD88	SRPDB	Bifi.long._FP929034	722911	SRP_RNA	SRP RNA
URS00001F7886	SRPDB	Anab.vari._CP000117	240292	SRP_RNA	SRP RNA
URS00001F87C2	SRPDB	Rhod.palu._BX572594	258594	SRP_RNA	SRP RNA
URS00001F9427	SRPDB	Heli.hepa._AE017125	235279	SRP_RNA	SRP RNA
URS00001FD3A1	SRPDB	Meth.ther._AE000666.1	187420	SRP_RNA	SRP RNA
URS00001FF0A4	SRPDB	Myco.tube._CP001658	478434	SRP_RNA	SRP RNA
URS0000204A50	SRPDB	Baci.cere._D11413	1396	SRP_RNA	SRP RNA
URS000020938E	SRPDB	Nitr.wino._CP000115	323098	SRP_RNA	SRP RNA
URS00002148B4	SRPDB	Lact.case._CP000423	321967	SRP_RNA	SRP RNA
URS00002148B4	SRPDB	Lact.case._CP001084	498216	SRP_RNA	SRP RNA
URS0000215D10	SRPDB	Yarr.lipo._CR382127	284591	SRP_RNA	SRP RNA
URS0000215D10	SRPDB	Yarr.lipo._M20837	4952	SRP_RNA	SRP RNA
URS000021AF55	SRPDB	Ther.cele._X17240.1	2264	SRP_RNA	SRP RNA
URS0000226FBA	SRPDB	Sulf.isla._CP001404.1	419942	SRP_RNA	SRP RNA
URS0000227FC7	SRPDB	Baci.cere._AE017194	222523	SRP_RNA	SRP RNA
URS0000229214	SRPDB	Arth.spec._CP000454	290399	SRP_RNA	SRP RNA
URS000022A7B2	SRPDB	Heli.exil._EE659686	400408	SRP_RNA	SRP RNA
URS000022D412	SRPDB	Burk.mall._CP000010	243160	SRP_RNA	SRP RNA
URS000022D412	SRPDB	Burk.mall._CP000526	320388	SRP_RNA	SRP RNA
URS000022D412	SRPDB	Burk.mall._CP000546	412022	SRP_RNA	SRP RNA
URS000022D412	SRPDB	Burk.mall._CP000548	320389	SRP_RNA	SRP RNA
URS000022D412	SRPDB	Burk.pseu._BX571965	272560	SRP_RNA	SRP RNA
URS000022D412	SRPDB	Burk.pseu._CP000124	320372	SRP_RNA	SRP RNA
URS000022D412	SRPDB	Burk.pseu._CP000570	320373	SRP_RNA	SRP RNA
URS000022D412	SRPDB	Burk.pseu._CP000572	357348	SRP_RNA	SRP RNA
URS000022D412	SRPDB	Burk.pseu._CP001408	536230	SRP_RNA	SRP RNA
URS000022D412	SRPDB	Burk.thai._CP000086	271848	SRP_RNA	SRP RNA
URS000022D77D	SRPDB	Kluy.lact._CR382126	28985	SRP_RNA	SRP RNA
URS0000231DB9	SRPDB	Stap.aure._AC025951	1280	SRP_RNA	SRP RNA
URS0000231DB9	SRPDB	Stap.aure._AF368293	1280	SRP_RNA	SRP RNA
URS0000231DB9	SRPDB	Stap.aure._BA000017	158878	SRP_RNA	SRP RNA
URS0000231DB9	SRPDB	Stap.aure._BA000018	158879	SRP_RNA	SRP RNA
URS0000231DB9	SRPDB	Stap.aure._BA000033	196620	SRP_RNA	SRP RNA
URS0000231DB9	SRPDB	Stap.aure._BX571856	282458	SRP_RNA	SRP RNA
URS0000231DB9	SRPDB	Stap.aure._BX571857	282459	SRP_RNA	SRP RNA
URS0000231DB9	SRPDB	Stap.aure._CP000046	93062	SRP_RNA	SRP RNA
URS000023E00E	SRPDB	Neis.gono._CP001050	521006	SRP_RNA	SRP RNA
URS000023E00E	SRPDB	Neis.meni._AM421808	272831	SRP_RNA	SRP RNA
URS000024083D	SRPDB	Homo.sapi._BE083383	9606	SRP_RNA	SRP RNA
URS0000240A1E	SRPDB	Neur.cras._AL669999	5141	SRP_RNA	SRP RNA
URS0000242B09	SRPDB	Lyco.escu._Z29101	4081	SRP_RNA	SRP RNA
URS0000243787	SRPDB	Meth.flag._CP000284	265072	SRP_RNA	SRP RNA
URS000024BD84	SRPDB	Prun.arme._CB819242	36596	SRP_RNA	SRP RNA
URS000024BD84	SRPDB	Prun.arme._CV045835	36596	SRP_RNA	SRP RNA
URS000024F2BB	SRPDB	Rick.feli._CP000053	315456	SRP_RNA	SRP RNA
URS000025072B	SRPDB	Rick.prow._AJ235273	782	SRP_RNA	SRP RNA
URS000025072B	SRPDB	Rick.prow._CP001584	449216	SRP_RNA	SRP RNA
URS00002511A1	SRPDB	Baci.thur._D11412	1428	SRP_RNA	SRP RNA
URS0000252F1A	SRPDB	Sacc.mika._BN000249	114525	SRP_RNA	SRP RNA
URS00002587C3	SRPDB	Caen.brig._AC084446	6238	SRP_RNA	SRP RNA
URS00002587F8	SRPDB	Chro.sale._CP000285	290398	SRP_RNA	SRP RNA
URS0000259775	SRPDB	Pseu.fluo._CP000076	220664	SRP_RNA	SRP RNA
URS0000268D1E	SRPDB	Xeno.laev._DC048894	8355	SRP_RNA	SRP RNA
URS000026ACE7	SRPDB	Lact.plan._CP001617	644042	SRP_RNA	SRP RNA
URS000026C477	SRPDB	Neis.meni._CP000381	374833	SRP_RNA	SRP RNA
URS0000270D90	SRPDB	Clos.kluy._CP000673	431943	SRP_RNA	SRP RNA
URS0000272712	SRPDB	Schi.pomb._AU014035	4896	SRP_RNA	SRP RNA
URS0000273B28	SRPDB	Chro.viol._AE016825	243365	SRP_RNA	SRP RNA
URS0000279008	SRPDB	Rals.pick._CP001068	402626	SRP_RNA	SRP RNA
URS0000279008	SRPDB	Rals.pick._CP001644	428406	SRP_RNA	SRP RNA
URS0000279008	SRPDB	Rals.sola._AL646052	267608	SRP_RNA	SRP RNA
URS0000279008	SRPDB	Rals.sola._CU914168	564066	SRP_RNA	SRP RNA
URS0000279008	SRPDB	Rals.sola._FP885895	859655	SRP_RNA	SRP RNA
URS0000279008	SRPDB	Rals.sola._FP885897	859656	SRP_RNA	SRP RNA
URS0000279008	SRPDB	Rals.sola._FP885906	305	SRP_RNA	SRP RNA
URS000027A9F6	SRPDB	Bras.napu._EE537348	3708	SRP_RNA	SRP RNA
URS0000282124	SRPDB	Haem.ducr._AE017143	233412	SRP_RNA	SRP RNA
URS0000282124	SRPDB	Haem.ducr._U32175	730	SRP_RNA	SRP RNA
URS0000285838	SRPDB	List.mono._AL591984	1639	SRP_RNA	SRP RNA
URS000029110B	SRPDB	Humu.lupu._AJ236703	3486	SRP_RNA	SRP RNA
URS0000293503	SRPDB	Sacc.mika._AJ550802	114525	SRP_RNA	SRP RNA
URS0000293588	SRPDB	Leis.trop._AY722722	5666	SRP_RNA	SRP RNA
URS0000293588	SRPDB	Leis.trop._AY722723	5666	SRP_RNA	SRP RNA
URS0000293588	SRPDB	Leis.trop._AY781789	5666	SRP_RNA	SRP RNA
URS0000296097	SRPDB	Stap.epid._AF269814	1282	SRP_RNA	SRP RNA
URS0000296097	SRPDB	Stap.epid._AF269831	1282	SRP_RNA	SRP RNA
URS0000296097	SRPDB	Stap.epid._CP000029	176279	SRP_RNA	SRP RNA
URS00002963C4	SRPDB	Trit.aest._CA718249	4565	SRP_RNA	SRP RNA
URS00002973EB	SRPDB	Toxo.gond._CO743022	5811	SRP_RNA	SRP RNA
URS0000299010	SRPDB	Humu.japo._X65990	3485	SRP_RNA	SRP RNA
URS000029D759	SRPDB	Moor.ther._CP000232	264732	SRP_RNA	SRP RNA
URS00002A14C7	SRPDB	Proc.mari._CP000111	74546	SRP_RNA	SRP RNA
URS00002A14C7	SRPDB	Proc.mari._CP000551	146891	SRP_RNA	SRP RNA
URS00002A14C7	SRPDB	Proc.mari._CP000576	167546	SRP_RNA	SRP RNA
URS00002A3EC5	SRPDB	Bras.napu._EE400505	3708	SRP_RNA	SRP RNA
URS00002A58A9	SRPDB	Burk.ceno._CP000380	331271	SRP_RNA	SRP RNA
URS00002A58A9	SRPDB	Burk.ceno._CP000458	331272	SRP_RNA	SRP RNA
URS00002A58A9	SRPDB	Burk.ceno._CP000958	406425	SRP_RNA	SRP RNA
URS00002A58A9	SRPDB	Burk.spec._CP000151	482957	SRP_RNA	SRP RNA
URS00002A58A9	SRPDB	Burk.viet._CP000614	269482	SRP_RNA	SRP RNA
URS00002A5E64	SRPDB	Myco.hyop._AE017243	262719	SRP_RNA	SRP RNA
URS00002A5E64	SRPDB	Myco.hyop._AE017244	262722	SRP_RNA	SRP RNA
URS00002A5E64	SRPDB	Myco.hyop._AE017332	295358	SRP_RNA	SRP RNA
URS00002A88B7	SRPDB	Ajel.caps._CV620298	5037	SRP_RNA	SRP RNA
URS00002B2049	SRPDB	Camp.jeju._CP000538	354242	SRP_RNA	SRP RNA
URS00002B340E	SRPDB	Myco.mobi._AE017308	267748	SRP_RNA	SRP RNA
URS00002B5296	SRPDB	Chla.rein._X71484	3055	SRP_RNA	SRP RNA
URS00002BC63E	SRPDB	Bart.quin._BX897700	283165	SRP_RNA	SRP RNA
URS00002BE6A2	SRPDB	Tryp.bruc._AF047723	31286	SRP_RNA	SRP RNA
URS00002BE6A2	SRPDB	Tryp.bruc._X57047	5691	SRP_RNA	SRP RNA
URS00002C05A5	SRPDB	Arab.thal._AC005275	3702	SRP_RNA	SRP RNA
URS00002C105C	SRPDB	Baci.amyl._D11416	1390	SRP_RNA	SRP RNA
URS00002C3574	SRPDB	Trit.aest._CA694528	4565	SRP_RNA	SRP RNA
URS00002C7F19	SRPDB	Meth.maze._AE008384.1	192952	SRP_RNA	SRP RNA
URS00002C942E	SRPDB	Olig.carb._CP001196	504832	SRP_RNA	SRP RNA
URS00002C942E	SRPDB	Rhod.palu._CP000250	316058	SRP_RNA	SRP RNA
URS00002C95D9	SRPDB	Halo.muko._CP001688.1	485914	SRP_RNA	SRP RNA
URS00002C9640	SRPDB	Baci.clau._AP006627	66692	SRP_RNA	SRP RNA
URS00002C98CF	SRPDB	Lyco.escu._Z29260	4081	SRP_RNA	SRP RNA
URS00002D9582	SRPDB	Heli.acin._AM260522	382638	SRP_RNA	SRP RNA
URS00002D9582	SRPDB	Heli.pylo._AE000511	85962	SRP_RNA	SRP RNA
URS00002D9582	SRPDB	Heli.pylo._CP000012	290847	SRP_RNA	SRP RNA
URS00002D9582	SRPDB	Heli.pylo._CP000241	357544	SRP_RNA	SRP RNA
URS00002D9582	SRPDB	Heli.pylo._CP001072	512562	SRP_RNA	SRP RNA
URS00002D9582	SRPDB	Heli.pylo._CP001173	563041	SRP_RNA	SRP RNA
URS00002D9582	SRPDB	Heli.pylo._CP001582	637913	SRP_RNA	SRP RNA
URS00002D9582	SRPDB	Heli.pylo._CP001680	684950	SRP_RNA	SRP RNA
URS00002DC482	SRPDB	Myco.syno._AE017245	262723	SRP_RNA	SRP RNA
URS00002DE068	SRPDB	Lyco.escu._Z29100	4081	sRNA	SRP RNA
URS00002DE4AE	SRPDB	Meso.viri._AF166114	41882	SRP_RNA	SRP RNA
URS00002E0441	SRPDB	Cyan.cald._AF022186	2771	SRP_RNA	SRP RNA
URS00002E7B7B	SRPDB	Ehrl.cani._CP000107	269484	SRP_RNA	SRP RNA
URS00002E84CC	SRPDB	Clos.diff._AM180355	272563	SRP_RNA	SRP RNA
URS00002EC5E1	SRPDB	Erwi.caro._BX950851	218491	SRP_RNA	SRP RNA
URS00002ECAB8	SRPDB	Brad.japo._BA000040	224911	SRP_RNA	SRP RNA
URS00002ECAB8	SRPDB	Brad.spec._CP000494	288000	SRP_RNA	SRP RNA
URS00002ECAB8	SRPDB	Rhod.palu._CP000463	316055	SRP_RNA	SRP RNA
URS00002ED22F	SRPDB	Meso.flor._AE017263	265311	SRP_RNA	SRP RNA
URS00002F3F52	SRPDB	Sacc.kluy._AJ550805	4934	SRP_RNA	SRP RNA
URS00002F43EB	SRPDB	Schi.pomb._AU010514	4896	SRP_RNA	SRP RNA
URS00002F86C2	SRPDB	Sulf.isla._CP001399.1	429572	SRP_RNA	SRP RNA
URS00002F86C2	SRPDB	Sulf.isla._CP001400.1	427317	SRP_RNA	SRP RNA
URS00002F86C2	SRPDB	Sulf.isla._CP001402.1	426118	SRP_RNA	SRP RNA
URS0000308E68	SRPDB	Caul.cres._U49738	155892	SRP_RNA	SRP RNA
URS000031324A	SRPDB	Stre.agal._AL766845	211110	SRP_RNA	SRP RNA
URS000031324A	SRPDB	Stre.agal._CP000114	205921	SRP_RNA	SRP RNA
URS000031496D	SRPDB	Popu.trem._BU866844	113636	SRP_RNA	SRP RNA
URS000031496D	SRPDB	Popu.trem._DN498769	113636	SRP_RNA	SRP RNA
URS000031CA42	SRPDB	Legi.pneu._CP000675	400673	SRP_RNA	SRP RNA
URS000031CA42	SRPDB	Legi.pneu._CP001828	423212	SRP_RNA	SRP RNA
URS000031CA42	SRPDB	Legi.pneu._CR628336	297246	SRP_RNA	SRP RNA
URS000031D356	SRPDB	Pyro.cali._CP000561.1	410359	SRP_RNA	SRP RNA
URS0000328367	SRPDB	Meth.burt._CP000300.1	259564	SRP_RNA	SRP RNA
URS0000328EE3	SRPDB	Borr.burg._AE000783	224326	SRP_RNA	SRP RNA
URS0000328EE3	SRPDB	Borr.burg._CP001205	445985	SRP_RNA	SRP RNA
URS0000329132	SRPDB	Dict.disc._BJ387276	44689	SRP_RNA	SRP RNA
URS000032CA0F	SRPDB	Bras.napu._EE411418	3708	SRP_RNA	SRP RNA
URS000032F49D	SRPDB	Clos.teta._AE015927	212717	SRP_RNA	SRP RNA
URS00003346FF	SRPDB	Urea.parv._AF222894	273119	SRP_RNA	SRP RNA
URS00003346FF	SRPDB	Urea.parv._CP000942	505682	SRP_RNA	SRP RNA
URS0000335171	SRPDB	Myco.pulm._AL445565	2107	SRP_RNA	SRP RNA
URS0000335171	SRPDB	Myco.pulm._U06833	2107	SRP_RNA	SRP RNA
URS0000336D91	SRPDB	Xant.oryz._AE013598	291331	SRP_RNA	SRP RNA
URS0000336D91	SRPDB	Xant.oryz._AP008229	342109	SRP_RNA	SRP RNA
URS0000336D91	SRPDB	Xant.oryz._CP000967	360094	SRP_RNA	SRP RNA
URS0000337EAB	SRPDB	Baci.poly._D11421	1406	SRP_RNA	SRP RNA
URS0000342FA0	SRPDB	Cory.diph._BX248354	1717	SRP_RNA	SRP RNA
URS0000344A2A	SRPDB	Arch.fulg._AE000782.1	224325	SRP_RNA	SRP RNA
URS0000344A2A	SRPDB	Arch.fulg._X17237.1	2234	SRP_RNA	SRP RNA
URS0000344A8A	SRPDB	Phot.prof._CR378666	74109	SRP_RNA	SRP RNA
URS00003471BE	SRPDB	Cion.inte._BW223536	7719	SRP_RNA	SRP RNA
URS0000348902	SRPDB	Picr.torr._AE017261.1	263820	SRP_RNA	SRP RNA
URS000034C092	SRPDB	Uncu.prok._GQ447540.1	198431	SRP_RNA	SRP RNA
URS000034EE21	SRPDB	Pseu.mend._CP000680	399739	SRP_RNA	SRP RNA
URS0000351B78	SRPDB	Leis.dono._AY722733	5661	sRNA	SRP RNA
URS0000351B78	SRPDB	Leis.dono._AY722734	5661	sRNA	SRP RNA
URS0000351B78	SRPDB	Leis.dono._AY722735	5661	sRNA	SRP RNA
URS0000351B78	SRPDB	Leis.dono._AY781793	44271	sRNA	SRP RNA
URS0000351B78	SRPDB	Leis.dono._AY781794	44271	sRNA	SRP RNA
URS0000351B78	SRPDB	Leis.dono._AY781795	5661	sRNA	SRP RNA
URS0000351B78	SRPDB	Leis.infa._AY781792	5671	sRNA	SRP RNA
URS0000353A3A	SRPDB	Arab.tha._X55111	3702	SRP_RNA	SRP RNA
URS0000353A3A	SRPDB	Arab.thal._AF069442	3702	SRP_RNA	SRP RNA
URS0000353A3A	SRPDB	Arab.thal._AL161495	3702	SRP_RNA	SRP RNA
URS0000353A3A	SRPDB	Arab.thal._X69901	3702	SRP_RNA	SRP RNA
URS0000353A3A	SRPDB	Arab.thal._X72228	3702	SRP_RNA	SRP RNA
URS0000354645	SRPDB	Homo.sapi._BF908693	9606	SRP_RNA	SRP RNA
URS0000354645	SRPDB	Homo.sapi._BF908765	9606	SRP_RNA	SRP RNA
URS0000354645	SRPDB	Homo.sapi._BF908767	9606	SRP_RNA	SRP RNA
URS0000354645	SRPDB	Homo.sapi._BF909560	9606	SRP_RNA	SRP RNA
URS0000354645	SRPDB	Homo.sapi._BF909563	9606	SRP_RNA	SRP RNA
URS0000355547	SRPDB	Aede.aegy._DW714792	7159	SRP_RNA	SRP RNA
URS0000357591	SRPDB	Baci.subt._D11417	1423	SRP_RNA	SRP RNA
URS0000358F1E	SRPDB	Ostr.taur._CR954199	70448	SRP_RNA	SRP RNA
URS000035A196	SRPDB	Humu.lupu._AJ236705	3486	SRP_RNA	SRP RNA
URS000035E796	SRPDB	Clos.ther._CP000568	203119	SRP_RNA	SRP RNA
URS000035F9AE	SRPDB	Cyan.mero._AB002583	45157	SRP_RNA	SRP RNA
URS000035F9AE	SRPDB	Cyan.mero._AY286123	45157	SRP_RNA	SRP RNA
URS000036257D	SRPDB	Geob.uran._CP000698	351605	SRP_RNA	SRP RNA
URS000036445E	SRPDB	Proc.mari._AJ237851	1219	SRP_RNA	SRP RNA
URS0000364AAC	SRPDB	Cion.savi._BW549042	51511	SRP_RNA	SRP RNA
URS00003654B9	SRPDB	Lotu.japo._BW598799	34305	SRP_RNA	SRP RNA
URS0000366988	SRPDB	Pyro.aero._AE009441.1	178306	SRP_RNA	SRP RNA
URS00003674D0	SRPDB	Zygo.roux._AJ564197	4956	SRP_RNA	SRP RNA
URS000036751A	SRPDB	Cryp.parv._AA532232	5807	SRP_RNA	SRP RNA
URS00003701B2	SRPDB	Lyco.escu._Z29105	4081	SRP_RNA	SRP RNA
URS000037B6F9	SRPDB	Homo.sapi._AA559987	9606	SRP_RNA	SRP RNA
URS000037B7B9	SRPDB	Meth.smit._CP000678.1	420247	SRP_RNA	SRP RNA
URS0000387D35	SRPDB	Halo.volc._AF395888.1	2246	SRP_RNA	SRP RNA
URS000038EB3F	SRPDB	Sphi.alas._CP000356	317655	SRP_RNA	SRP RNA
URS000038FC38	SRPDB	Stre.pyog._AE004092	160490	SRP_RNA	SRP RNA
URS000038FC38	SRPDB	Stre.pyog._AE009949	186103	SRP_RNA	SRP RNA
URS000038FC38	SRPDB	Stre.pyog._AM295007	160491	SRP_RNA	SRP RNA
URS000038FC38	SRPDB	Stre.pyog._CP000003	286636	SRP_RNA	SRP RNA
URS000038FC38	SRPDB	Stre.pyog._CP000017	293653	SRP_RNA	SRP RNA
URS000038FC38	SRPDB	Stre.pyog._CP000056	319701	SRP_RNA	SRP RNA
URS000038FC38	SRPDB	Stre.pyog._CP000259	370551	SRP_RNA	SRP RNA
URS000038FC38	SRPDB	Stre.pyog._CP000260	370552	SRP_RNA	SRP RNA
URS000038FC38	SRPDB	Stre.pyog._CP000261	370553	SRP_RNA	SRP RNA
URS000038FC38	SRPDB	Stre.pyog._CP000829	471876	SRP_RNA	SRP RNA
URS000039486E	SRPDB	Noca.farc._AP006618	247156	SRP_RNA	SRP RNA
URS000039486E	SRPDB	Rhod.jost._CP000431	101510	SRP_RNA	SRP RNA
URS000039486E	SRPDB	Rhod.opac._AP011115	632772	SRP_RNA	SRP RNA
URS0000395F91	SRPDB	Meth.jann._L77117.1	243232	SRP_RNA	SRP RNA
URS0000397D97	SRPDB	Cupr.meta._CP000352	266264	SRP_RNA	SRP RNA
URS000039974F	SRPDB	Bras.napu._EE409827	3708	SRP_RNA	SRP RNA
URS00003999F3	SRPDB	Brev.brev._D12926	1393	SRP_RNA	SRP RNA
URS000039BE9C	SRPDB	Gall.gall._BM490490	9031	SRP_RNA	SRP RNA
URS000039DE7A	SRPDB	Ther.pend._CP000505.1	368408	SRP_RNA	SRP RNA
URS00003A649B	SRPDB	Ence.cuni._AL590449	284813	SRP_RNA	SRP RNA
URS00003A77D8	SRPDB	Clos.botu._CP000728	441772	SRP_RNA	SRP RNA
URS00003AA11A	SRPDB	Desu.vulg._AE017285	882	SRP_RNA	SRP RNA
URS00003AA11A	SRPDB	Desu.vulg._CP000527	391774	SRP_RNA	SRP RNA
URS00003AC1A3	SRPDB	Trep.pall._AE000520	243276	SRP_RNA	SRP RNA
URS00003AC1A3	SRPDB	Trep.pall._CP000805	455434	SRP_RNA	SRP RNA
URS00003AC1A3	SRPDB	Trep.pall._CP001752	666714	SRP_RNA	SRP RNA
URS00003AC9FE	SRPDB	Zea.mays._CB179518	4577	SRP_RNA	SRP RNA
URS00003AC9FE	SRPDB	Zea.mays._CF974802	4577	SRP_RNA	SRP RNA
URS00003ACFC1	SRPDB	Homo.sapi._AL627171	9606	SRP_RNA	SRP RNA
URS00003ACFC1	SRPDB	Homo.sapi._M20910	9606	SRP_RNA	SRP RNA
URS00003AD528	SRPDB	Sole.scut._X65993	4142	sRNA	SRP RNA
URS00003B3D10	SRPDB	Bord.para._BX640426	519	SRP_RNA	SRP RNA
URS00003B3D10	SRPDB	Bord.para._BX640441	518	SRP_RNA	SRP RNA
URS00003B3D10	SRPDB	Bord.pert._BX640415	520	SRP_RNA	SRP RNA
URS00003B4D35	SRPDB	Halo.mari._AY596297.1	272569	SRP_RNA	SRP RNA
URS00003B7379	SRPDB	Caen.eleg._Z34533	6239	SRP_RNA	SRP RNA
URS00003B791A	SRPDB	Grac.tenu._AY673996	285951	SRP_RNA	SRP RNA
URS00003B85AA	SRPDB	Carb.hydr._CP000141	246194	SRP_RNA	SRP RNA
URS00003B8EE7	SRPDB	Arab.thal._AL161496	3702	SRP_RNA	SRP RNA
URS00003B9A49	SRPDB	Pedi.pent._CP000422	278197	SRP_RNA	SRP RNA
URS00003BBB9E	SRPDB	Dict.disc._AJ699381	44689	SRP_RNA	SRP RNA
URS00003BBB9E	SRPDB	Dict.disc._BJ360333	44689	SRP_RNA	SRP RNA
URS00003BC00B	SRPDB	Sorg.bico._BE594178	4558	SRP_RNA	SRP RNA
URS00003C08AC	SRPDB	Lyco.escu._Z29110	4081	SRP_RNA	SRP RNA
URS00003C125E	SRPDB	Aero.pern._BA000002.3	272557	SRP_RNA	SRP RNA
URS00003C5C15	SRPDB	Camp.jeju._AL111168	192222	SRP_RNA	SRP RNA
URS00003C5C15	SRPDB	Camp.jeju._CP000025	195099	SRP_RNA	SRP RNA
URS00003C5C15	SRPDB	Camp.jeju._CP000768	360109	SRP_RNA	SRP RNA
URS00003C5C15	SRPDB	Camp.jeju._CP000814	407148	SRP_RNA	SRP RNA
URS00003C5C15	SRPDB	Camp.jeju._CP001876	567106	SRP_RNA	SRP RNA
URS00003C7940	SRPDB	Stap.aure._AP009351	426430	SRP_RNA	SRP RNA
URS00003C7940	SRPDB	Stap.aure._CP000253	93061	SRP_RNA	SRP RNA
URS00003C7940	SRPDB	Stap.aure._CP000255	451515	SRP_RNA	SRP RNA
URS00003C7940	SRPDB	Stap.aure._CP000703	359786	SRP_RNA	SRP RNA
URS00003C7940	SRPDB	Stap.aure._CP000736	359787	SRP_RNA	SRP RNA
URS00003C8C1D	SRPDB	Myco.bovi._AM408590	410289	SRP_RNA	SRP RNA
URS00003C8C1D	SRPDB	Myco.bovi._AP010918	561275	SRP_RNA	SRP RNA
URS00003C8C1D	SRPDB	Myco.bovi._BX248347	233413	SRP_RNA	SRP RNA
URS00003C8C1D	SRPDB	Myco.tube._CP000611	419947	SRP_RNA	SRP RNA
URS00003C8C1D	SRPDB	Myco.tube._CP000717	336982	SRP_RNA	SRP RNA
URS00003CA27A	SRPDB	Anop.gamb._CD747410	7165	SRP_RNA	SRP RNA
URS00003CBC43	SRPDB	Baci.alca._D11422	1445	SRP_RNA	SRP RNA
URS00003D0095	SRPDB	Fugu.rubr._U40756	31033	SRP_RNA	SRP RNA
URS00003D120E	SRPDB	Thio.deni._CP000116	292415	SRP_RNA	SRP RNA
URS00003D42D7	SRPDB	Alka.meta._CP000724	293826	SRP_RNA	SRP RNA
URS00003DA769	SRPDB	Meth.vann._CP000742.1	406327	SRP_RNA	SRP RNA
URS00003DD0ED	SRPDB	Meth.ther._CP000477.1	349307	SRP_RNA	SRP RNA
URS00003DEA54	SRPDB	Ratt.norv._AA923995	10116	SRP_RNA	SRP RNA
URS00003E3AE3	SRPDB	Shig.flex._AE005674	198214	SRP_RNA	SRP RNA
URS00003E3AE3	SRPDB	Shig.flex._AE014073	198215	SRP_RNA	SRP RNA
URS00003E3AE3	SRPDB	Shig.flex._CP000266	373384	SRP_RNA	SRP RNA
URS00003E3AE3	SRPDB	Shig.flex._CP001383	591020	SRP_RNA	SRP RNA
URS00003E6803	SRPDB	Cand.Bloc._CP000016	291272	SRP_RNA	SRP RNA
URS00003EB80B	SRPDB	Aspe.oryz._AP007169	510516	SRP_RNA	SRP RNA
URS00003ED604	SRPDB	Haem.infl._CP000671	374930	SRP_RNA	SRP RNA
URS00003ED604	SRPDB	Haem.infl._L42023	71421	SRP_RNA	SRP RNA
URS00003F0492	SRPDB	Xyle.fast._AE003849	160492	SRP_RNA	SRP RNA
URS00003F0492	SRPDB	Xyle.fast._AE009442	183190	SRP_RNA	SRP RNA
URS00003F0492	SRPDB	Xyle.fast._CP000941	405440	SRP_RNA	SRP RNA
URS00003F0492	SRPDB	Xyle.fast._CP001011	405441	SRP_RNA	SRP RNA
URS00003F14C8	SRPDB	Meth.caps._AE017282	243233	SRP_RNA	SRP RNA
URS00003F3490	SRPDB	Dein.radi._AE000513	243230	SRP_RNA	SRP RNA
URS00003F7089	SRPDB	Synt.wolf._CP000448	335541	SRP_RNA	SRP RNA
URS00003F7158	SRPDB	Baci.anth._AE016879	198094	SRP_RNA	SRP RNA
URS00003F7158	SRPDB	Baci.anth._AE017225	260799	SRP_RNA	SRP RNA
URS00003F7158	SRPDB	Baci.thur._AE017355	281309	SRP_RNA	SRP RNA
URS00003F7158	SRPDB	Baci.thur._CP000485	412694	SRP_RNA	SRP RNA
URS00003F9210	SRPDB	Rhod.balt._BX294144	243090	SRP_RNA	SRP RNA
URS00003F988D	SRPDB	Sulf.acid._CP000077.1	330779	SRP_RNA	SRP RNA
URS00003F988D	SRPDB	Sulf.solf._X17239.1	2287	SRP_RNA	SRP RNA
URS00003FC8AD	SRPDB	Dani.rrer._BX469912	7955	SRP_RNA	SRP RNA
URS000040086B	SRPDB	Mus.musc._DQ285765	10090	SRP_RNA	SRP RNA
URS0000403A65	SRPDB	Medi.trun._CX540689	3880	SRP_RNA	SRP RNA
URS000040886F	SRPDB	Zea.mays._CF919998	4577	SRP_RNA	SRP RNA
URS000040886F	SRPDB	Zea.mays._CK700970	4577	SRP_RNA	SRP RNA
URS0000408FBE	SRPDB	Kleb.pneu._AP006725	484021	SRP_RNA	SRP RNA
URS0000408FBE	SRPDB	Kleb.pneu._CP000647	272620	SRP_RNA	SRP RNA
URS0000408FBE	SRPDB	Kleb.pneu._CP000964	507522	SRP_RNA	SRP RNA
URS0000408FBE	SRPDB	Kleb.vari._CP001891	640131	SRP_RNA	SRP RNA
URS000040BBB5	SRPDB	Anap.marg._CP001079	320483	SRP_RNA	SRP RNA
URS000040D746	SRPDB	Clos.acet._AE001437	272562	SRP_RNA	SRP RNA
URS0000410CEB	SRPDB	Haem.infl._CP000672	374931	SRP_RNA	SRP RNA
URS0000410CEB	SRPDB	Haem.infl._FQ312006	862964	SRP_RNA	SRP RNA
URS00004160AC	SRPDB	Thal.pseu._EF067921	35128	SRP_RNA	SRP RNA
URS0000418983	SRPDB	Homo.sapi._CK004881	9606	SRP_RNA	SRP RNA
URS000041D570	SRPDB	Geob.meta._CP000148	269799	SRP_RNA	SRP RNA
URS000041E9F6	SRPDB	Dros.anan._CJ969290	7217	SRP_RNA	SRP RNA
URS000041FD4B	SRPDB	Borr.gari._CP000013	290434	SRP_RNA	SRP RNA
URS000042408B	SRPDB	Tryp.bruc._M80262	5691	SRP_RNA	SRP RNA
URS000042683A	SRPDB	Sulf.solf._Y08257.1	2287	SRP_RNA	SRP RNA
URS000042E7D5	SRPDB	Aede.aegy._DW714780	7159	SRP_RNA	SRP RNA
URS000043028E	SRPDB	Baci.pumi._D11415	1408	SRP_RNA	SRP RNA
URS000043221E	SRPDB	Sali.trop._CP000667	369723	SRP_RNA	SRP RNA
URS0000434E03	SRPDB	Zea.mays._X14661	4577	SRP_RNA	SRP RNA
URS0000437CFC	SRPDB	Rhiz.spec._CP001389	394	SRP_RNA	SRP RNA
URS0000437CFC	SRPDB	Sino.meli._AL591688	266834	SRP_RNA	SRP RNA
URS00004386B2	SRPDB	Lact.sali._CP000233	362948	SRP_RNA	SRP RNA
URS000043DC04	SRPDB	Mann.succ._AE016827	221988	SRP_RNA	SRP RNA
URS000043EC4E	SRPDB	Syne.spec._CP000097	316279	SRP_RNA	SRP RNA
URS000043FAF1	SRPDB	Bras.napu._EE412262	3708	SRP_RNA	SRP RNA
URS00004403FB	SRPDB	Gemm.aura._AP009153	379066	SRP_RNA	SRP RNA
URS000044309C	SRPDB	Vibr.chol._AE003852	243277	SRP_RNA	SRP RNA
URS000044309C	SRPDB	Vibr.chol._CP000627	345073	SRP_RNA	SRP RNA
URS000044309C	SRPDB	Vibr.chol._CP001233	579112	SRP_RNA	SRP RNA
URS000044309C	SRPDB	Vibr.chol._CP001235	345073	SRP_RNA	SRP RNA
URS000044309C	SRPDB	Vibr.chol._CP001485	593588	SRP_RNA	SRP RNA
URS000044561B	SRPDB	Bruc.cani._CP000872	483179	SRP_RNA	SRP RNA
URS000044561B	SRPDB	Bruc.meli._AE008917	224914	SRP_RNA	SRP RNA
URS000044561B	SRPDB	Bruc.meli._CP001488	546272	SRP_RNA	SRP RNA
URS000044561B	SRPDB	Bruc.micr._CP001578	568815	SRP_RNA	SRP RNA
URS000044561B	SRPDB	Bruc.ovis._CP000708	444178	SRP_RNA	SRP RNA
URS000044561B	SRPDB	Bruc.suis._CP000911	470137	SRP_RNA	SRP RNA
URS000044561B	SRPDB	Ochr.anth._CP000758	439375	SRP_RNA	SRP RNA
URS0000447108	SRPDB	Mari.aqua._CP000514	351348	SRP_RNA	SRP RNA
URS0000449BDE	SRPDB	Bdel.bact._BX842656	264462	SRP_RNA	SRP RNA
URS000044A1E0	SRPDB	Medi.trun._BE941271	3880	SRP_RNA	SRP RNA
URS000044A413	SRPDB	Prop.acne._AE017283	267747	SRP_RNA	SRP RNA
URS000044D2D2	SRPDB	Ther.onnu._CP000855.1	523850	SRP_RNA	SRP RNA
URS0000453191	SRPDB	Borr.afze._CP000395	390236	SRP_RNA	SRP RNA
URS000045545A	SRPDB	Leis.guya._AY722727	5670	SRP_RNA	SRP RNA
URS000045545A	SRPDB	Leis.guya._AY722728	5670	SRP_RNA	SRP RNA
URS000045AB89	SRPDB	Geob.ther._CP000557	420246	SRP_RNA	SRP RNA
URS000045D613	SRPDB	Camp.curv._CP000767	360105	SRP_RNA	SRP RNA
URS000045EE44	SRPDB	Nitr.euro._AL954747	228410	SRP_RNA	SRP RNA
URS000046706D	SRPDB	Odon.sine._Z67753	1514140	SRP_RNA	SRP RNA
URS000046713F	SRPDB	Bras.napu._EE411352	3708	SRP_RNA	SRP RNA
URS000046713F	SRPDB	Bras.napu._EE416873	3708	SRP_RNA	SRP RNA
URS000046A2A1	SRPDB	Meso.loti._BA000012	266835	SRP_RNA	SRP RNA
URS000046AFB8	SRPDB	Cory.effi._BA000035	196164	SRP_RNA	SRP RNA
URS000046CBD9	SRPDB	Humu.lupu._X65983	3486	SRP_RNA	SRP RNA
URS00004702E0	SRPDB	Buch.aphi._BA000003	107806	SRP_RNA	SRP RNA
URS00004702E0	SRPDB	Buch.aphi._CP001158	561501	SRP_RNA	SRP RNA
URS00004702E0	SRPDB	Buch.aphi._CP001161	563178	SRP_RNA	SRP RNA
URS0000472FD7	SRPDB	Lyco.escu._Z29106	4081	SRP_RNA	SRP RNA
URS00004741F9	SRPDB	Homo.sapi._BF909425	9606	SRP_RNA	SRP RNA
URS00004741F9	SRPDB	Homo.sapi._BF909438	9606	SRP_RNA	SRP RNA
URS0000477182	SRPDB	Coxi.burn._AE016828	227377	SRP_RNA	SRP RNA
URS0000477182	SRPDB	Coxi.burn._CP000733	434922	SRP_RNA	SRP RNA
URS0000477182	SRPDB	Coxi.burn._CP000890	360115	SRP_RNA	SRP RNA
URS0000477182	SRPDB	Coxi.burn._CP001019	434923	SRP_RNA	SRP RNA
URS0000477182	SRPDB	Coxi.burn._CP001020	434924	SRP_RNA	SRP RNA
URS00004779A8	SRPDB	Stap.mari._CP000575.1	399550	SRP_RNA	SRP RNA
URS00004779F7	SRPDB	Stre.pyog._CP000262	370554	SRP_RNA	SRP RNA
URS0000478D6E	SRPDB	Aede.aegy._DW714815	7159	SRP_RNA	SRP RNA
URS00004795D6	SRPDB	Clos.perf._BA000016	195102	SRP_RNA	SRP RNA
URS00004795D6	SRPDB	Clos.perf._CP000246	195103	SRP_RNA	SRP RNA
URS00004795D6	SRPDB	Clos.perf._CP000312	289380	SRP_RNA	SRP RNA
URS00004795D6	SRPDB	Clos.perf._D49784	1502	SRP_RNA	SRP RNA
URS000047AFFB	SRPDB	Meth.volt._M22560.1	2188	SRP_RNA	SRP RNA
URS000047C629	SRPDB	Clos.botu._AM412317	413999	SRP_RNA	SRP RNA
URS000047C629	SRPDB	Clos.botu._CP000726	441770	SRP_RNA	SRP RNA
URS000047C629	SRPDB	Clos.botu._CP000727	441771	SRP_RNA	SRP RNA
URS000047C864	SRPDB	Sacc.cast._AJ550804	27288	SRP_RNA	SRP RNA
URS000047D1CD	SRPDB	Stre.muta._AE014133	210007	SRP_RNA	SRP RNA
URS000047D1CD	SRPDB	Stre.muta._AF132127	1309	SRP_RNA	SRP RNA
URS000047D1CD	SRPDB	Stre.muta._AP010655	511691	SRP_RNA	SRP RNA
URS000047F060	SRPDB	Lept.coll._AF006750	1906844	SRP_RNA	SRP RNA
URS000048097F	SRPDB	Buch.aphi._AE013218	198804	SRP_RNA	SRP RNA
URS0000482FD2	SRPDB	Stre.ther._CP000024	299768	SRP_RNA	SRP RNA
URS0000486632	SRPDB	Cand.glab._CR380957	5478	SRP_RNA	SRP RNA
URS0000488ABE	SRPDB	Medi.trun._AC146941	3880	SRP_RNA	SRP RNA
URS000048B641	SRPDB	Pich.stip._CP000502	322104	SRP_RNA	SRP RNA
URS000048C165	SRPDB	Baci.cere._AE016877	226900	SRP_RNA	SRP RNA
URS000048C9E1	SRPDB	Meth.acet._X17238.1	2214	SRP_RNA	SRP RNA
URS000048DBAD	SRPDB	Meta.sedu._CP000682.1	399549	SRP_RNA	SRP RNA
URS0000490657	SRPDB	Ther.volc._BA000011.4	273116	SRP_RNA	SRP RNA
URS0000492D09	SRPDB	Tryp.bruc._S56681	5691	SRP_RNA	SRP RNA
URS0000494B0F	SRPDB	Acti.succ._CP000746	339671	SRP_RNA	SRP RNA
URS000049D634	SRPDB	Phot.lumi._BX571872	243265	SRP_RNA	SRP RNA
URS00004A048E	SRPDB	Neis.gono._AE004969	242231	SRP_RNA	SRP RNA
URS00004A048E	SRPDB	Neis.gono._AF482014	485	SRP_RNA	SRP RNA
URS00004A0CFA	SRPDB	Stre.suis._AM946016	218494	SRP_RNA	SRP RNA
URS00004A0CFA	SRPDB	Stre.suis._CP000407	391295	SRP_RNA	SRP RNA
URS00004A0CFA	SRPDB	Stre.suis._CP000408	391296	SRP_RNA	SRP RNA
URS00004A0CFA	SRPDB	Stre.suis._CP000837	423211	SRP_RNA	SRP RNA
URS00004A0CFA	SRPDB	Stre.suis._FM252031	568813	SRP_RNA	SRP RNA
URS00004A0CFA	SRPDB	Stre.suis._FM252032	568814	SRP_RNA	SRP RNA
URS00004A30AC	SRPDB	Past.mult._AE004439	272843	SRP_RNA	SRP RNA
URS00004AE1C2	SRPDB	Lyco.escu._Z29099	4081	SRP_RNA	SRP RNA
URS00004AF70F	SRPDB	Geob.kaus._BA000043	235909	SRP_RNA	SRP RNA
URS00004B20F0	SRPDB	Meth.bark._CP000099.1	269797	SRP_RNA	SRP RNA
URS00004B7300	SRPDB	Fran.tula._AJ749949	177416	SRP_RNA	SRP RNA
URS00004B7300	SRPDB	Fran.tula._AM233362	376619	SRP_RNA	SRP RNA
URS00004B7300	SRPDB	Fran.tula._AM286280	393115	SRP_RNA	SRP RNA
URS00004B7300	SRPDB	Fran.tula._CP000437	393011	SRP_RNA	SRP RNA
URS00004B7300	SRPDB	Fran.tula._CP000803	458234	SRP_RNA	SRP RNA
URS00004B7300	SRPDB	Fran.tula._CP001633	510831	SRP_RNA	SRP RNA
URS00004BE5BC	SRPDB	Fran.tula._CP000608	418136	SRP_RNA	SRP RNA
URS00004BE5BC	SRPDB	Fran.tula._CP000915	441952	SRP_RNA	SRP RNA
URS00004C29B6	SRPDB	Crit.fasc._AY781797	5656	SRP_RNA	SRP RNA
URS00004C29B6	SRPDB	Crit.luci._AY781798	46909	SRP_RNA	SRP RNA
URS00004C80FC	SRPDB	Humu.lupu._X65984	3486	SRP_RNA	SRP RNA
URS00004D0793	SRPDB	Desu.kamc._CP001140.1	490899	SRP_RNA	SRP RNA
URS00004D27EC	SRPDB	Bloc.flor._BX248583	203907	SRP_RNA	SRP RNA
URS00004DB434	SRPDB	Ther.gamm._CP001398.1	593117	SRP_RNA	SRP RNA
URS00004DC221	SRPDB	Sacc.cere._U18916	4932	SRP_RNA	SRP RNA
URS00004DE76A	SRPDB	Meth.mari._CP000867.1	444158	SRP_RNA	SRP RNA
URS00004E0F57	SRPDB	Baci.mace._D11420	44252	SRP_RNA	SRP RNA
URS00004E3C75	SRPDB	Pseu.syri._CP000075	205918	SRP_RNA	SRP RNA
URS00004E5FE7	SRPDB	Humu.japo._X65991	3485	SRP_RNA	SRP RNA
URS00004E6006	SRPDB	Burk.ambi._CP000440	339670	SRP_RNA	SRP RNA
URS00004E6006	SRPDB	Burk.ambi._CP001025	398577	SRP_RNA	SRP RNA
URS00004E8C72	SRPDB	Cion.inte._BW230361	7719	SRP_RNA	SRP RNA
URS00004EBF81	SRPDB	Baci.cere._CP000001	288681	SRP_RNA	SRP RNA
URS00004EE25B	SRPDB	Dech.arom._CP000089	159087	SRP_RNA	SRP RNA
URS00004EF770	SRPDB	Bifi.dent._CP001750	401473	SRP_RNA	SRP RNA
URS00004F359C	SRPDB	Symb.ther._AP006840	292459	SRP_RNA	SRP RNA
URS00004F9330	SRPDB	Cion.savi._BW551179	51511	SRP_RNA	SRP RNA
URS00004FBB76	SRPDB	Pyro.arse._CP000660.1	340102	SRP_RNA	SRP RNA
URS00004FC59D	SRPDB	Trit.aest._CJ572413	4565	SRP_RNA	SRP RNA
URS00004FC59D	SRPDB	Trit.aest._CJ679223	4565	SRP_RNA	SRP RNA
URS00004FCC35	SRPDB	Pseu.stut._CP000304	379731	SRP_RNA	SRP RNA
URS00005069A0	SRPDB	Enta.hist._AF487684	5759	SRP_RNA	SRP RNA
URS0000511B21	SRPDB	Meth.volt._CP002057.1	456320	SRP_RNA	SRP RNA
URS00005126D0	SRPDB	Medi.trun._AJ846712	3880	SRP_RNA	SRP RNA
URS000051BD2A	SRPDB	Lyco.escu._Z29107	4081	SRP_RNA	SRP RNA
URS000051C4FE	SRPDB	Proc.spec._AJ011025	1220	SRP_RNA	SRP RNA
URS000051C6D1	SRPDB	Leif.xyli._AE016822	281090	SRP_RNA	SRP RNA
URS0000523CD8	SRPDB	Deba.hans._CR382138	284592	SRP_RNA	SRP RNA
URS000052EE2F	SRPDB	Clos.novy._CP000382	386415	SRP_RNA	SRP RNA
URS00005330CB	SRPDB	Myco.gilv._CP000656	350054	SRP_RNA	SRP RNA
URS00005330CB	SRPDB	Myco.smeg._CP000480	246196	SRP_RNA	SRP RNA
URS00005330CB	SRPDB	Myco.spec._CP000518	189918	SRP_RNA	SRP RNA
URS00005330CB	SRPDB	Myco.spec._CP000580	164757	SRP_RNA	SRP RNA
URS0000535534	SRPDB	Gall.gall._AB073218	9031	SRP_RNA	SRP RNA
URS0000537EE1	SRPDB	Schi.pomb._M20264	4896	SRP_RNA	SRP RNA
URS0000537EE1	SRPDB	Schi.pomb._M20836	4896	SRP_RNA	SRP RNA
URS000053FF2E	SRPDB	Meth.boon._CP000780.1	456442	SRP_RNA	SRP RNA
URS000054A8E3	SRPDB	Sacc.kudr._AJ550803	114524	SRP_RNA	SRP RNA
URS000054CC94	SRPDB	Cion.inte._BW088710	7719	SRP_RNA	SRP RNA
URS000054E07B	SRPDB	Sacc.baya._AJ550801	4931	SRP_RNA	SRP RNA
URS000054E07B	SRPDB	Sacc.baya._BN000171	4931	SRP_RNA	SRP RNA
URS000054E07B	SRPDB	Sacc.baya._BN000250	4931	SRP_RNA	SRP RNA
URS0000552B51	SRPDB	Ther.neut._CP001014.1	444157	SRP_RNA	SRP RNA
URS0000556A91	SRPDB	Lyco.escu._Z29112	4081	SRP_RNA	SRP RNA
URS000055871E	SRPDB	Ferv.nodo._CP000771	381764	SRP_RNA	SRP RNA
URS000055BE0C	SRPDB	Uncu.meth._AM114193.2	351160	SRP_RNA	SRP RNA
URS000055E024	SRPDB	Neis.meni._AL157959	122587	SRP_RNA	SRP RNA
URS000055E024	SRPDB	Neis.meni._AM889136	662598	SRP_RNA	SRP RNA
URS0000563B2D	SRPDB	Sola.tube._DR037645	4113	SRP_RNA	SRP RNA
URS0000563B2D	SRPDB	Sola.tube._DR037646	4113	SRP_RNA	SRP RNA
URS00005653F1	SRPDB	Bord.aviu._AM167904	360910	SRP_RNA	SRP RNA
URS000056542F	SRPDB	Micr.lyso._M31831	1270	SRP_RNA	SRP RNA
URS00005671FD	SRPDB	Nitr.eutr._CP000450	335283	SRP_RNA	SRP RNA
URS0000567F4C	SRPDB	Ther.acid._AL445063.1	2303	SRP_RNA	SRP RNA
URS0000569159	SRPDB	Dein.geot._CP000359	319795	SRP_RNA	SRP RNA
URS0000571A56	SRPDB	Ocea.ihey._BA000028	221109	SRP_RNA	SRP RNA
URS0000578D6E	SRPDB	Xeno.laev._DC015625	8355	SRP_RNA	SRP RNA
URS000057B702	SRPDB	Oryz.sati._AC079888	39947	SRP_RNA	SRP RNA
URS000057BE71	SRPDB	Desu.psyc._CR522870	177439	SRP_RNA	SRP RNA
URS0000584A59	SRPDB	Dani.rrer._CU179657	7955	SRP_RNA	SRP RNA
URS00005856A5	SRPDB	Yarr.lipo._CR382130	284591	SRP_RNA	SRP RNA
URS0000586B86	SRPDB	Clos.beij._CP000721	290402	SRP_RNA	SRP RNA
URS0000587D10	SRPDB	Trit.aest._BE424647	4565	SRP_RNA	SRP RNA
URS000058B2E4	SRPDB	Zygo.roux._BN000170	4956	sRNA	SRP RNA
URS000058BEB3	SRPDB	Meth.mari._CP000562.1	368407	SRP_RNA	SRP RNA
URS000058E058	SRPDB	Syne.elon._AP008231	269084	SRP_RNA	SRP RNA
URS000058E058	SRPDB	Syne.elon._CP000100	1140	SRP_RNA	SRP RNA
URS0000595BC4	SRPDB	Baci.mega._D11414	1404	SRP_RNA	SRP RNA
URS00005977F9	SRPDB	Dros.mela._AC002512	7227	SRP_RNA	SRP RNA
URS00005977F9	SRPDB	Dros.mela._AC095014	7227	SRP_RNA	SRP RNA
URS00005977F9	SRPDB	Dros.mela._AE001572	7227	SRP_RNA	SRP RNA
URS00005977F9	SRPDB	Dros.mela._AE014297	7227	SRP_RNA	SRP RNA
URS0000598B67	SRPDB	Acin.spec._CR543861	202950	SRP_RNA	SRP RNA
URS000059CBEE	SRPDB	Stre.coel._AL939118	1902	SRP_RNA	SRP RNA
URS000059CBEE	SRPDB	Stre.livi._AY081854	1916	SRP_RNA	SRP RNA
URS000059EE12	SRPDB	Meth.palu._CP001338.1	521011	SRP_RNA	SRP RNA
URS000059FE9E	SRPDB	Popu.trem._DN489028	113636	SRP_RNA	SRP RNA
URS00005A224F	SRPDB	Leis.aeth._AY722730	5667	SRP_RNA	SRP RNA
URS00005A49EF	SRPDB	Plas.falc._EF690554	5833	SRP_RNA	SRP RNA
URS00005A50BF	SRPDB	Taen.gutt._CK235759	59729	SRP_RNA	SRP RNA
URS00005AA3D8	SRPDB	Aede.aegy._DW714923	7159	SRP_RNA	SRP RNA
URS00005B2447	SRPDB	Soda.glos._AP008232	343509	SRP_RNA	SRP RNA
URS00005B3081	SRPDB	Pyro.hori._BA000001.2	70601	SRP_RNA	SRP RNA
URS00005B3B77	SRPDB	Myco.myco._BX293980	272632	SRP_RNA	SRP RNA
URS00005B3B77	SRPDB	Myco.myco._CP001621	436113	SRP_RNA	SRP RNA
URS00005B3B77	SRPDB	Myco.myco._CP001668	436113	SRP_RNA	SRP RNA
URS00005B3B77	SRPDB	Myco.myco._CP002027	766747	SRP_RNA	SRP RNA
URS00005B3B77	SRPDB	Myco.myco._CP002107	865867	SRP_RNA	SRP RNA
URS00005B3B77	SRPDB	Myco.myco._X53678	2102	SRP_RNA	SRP RNA
URS00005B49BC	SRPDB	Myco.aviu._AE016958	262316	SRP_RNA	SRP RNA
URS00005B49BC	SRPDB	Myco.aviu._CP000479	243243	SRP_RNA	SRP RNA
URS00005BA663	SRPDB	List.mono._U15684	1639	SRP_RNA	SRP RNA
URS00005C503C	SRPDB	Halo.utah._CP001687.1	519442	SRP_RNA	SRP RNA
URS00005C64FE	SRPDB	Myco.mari._CP000854	216594	SRP_RNA	SRP RNA
URS00005C64FE	SRPDB	Myco.ulce._CP000325	362242	SRP_RNA	SRP RNA
URS00005C7A3E	SRPDB	Meth.stad._CP000102.1	339860	SRP_RNA	SRP RNA
URS00005CA3BE	SRPDB	Ther.ther._AE017221	262724	SRP_RNA	SRP RNA
URS00005CA3BE	SRPDB	Ther.ther._AP008226	300852	SRP_RNA	SRP RNA
URS00005CA3BE	SRPDB	Ther.ther._X12643	274	SRP_RNA	SRP RNA
URS00005CCE74	SRPDB	Myco.pene._BA000026	272633	SRP_RNA	SRP RNA
URS00005CD067	SRPDB	Legi.pneu._AE017354	272624	SRP_RNA	SRP RNA
URS00005CD067	SRPDB	Legi.pneu._CR628337	297245	SRP_RNA	SRP RNA
URS00005CD067	SRPDB	Legi.pneu._M31830	446	SRP_RNA	SRP RNA
URS00005D2020	SRPDB	Alca.bork._AM286690	393595	SRP_RNA	SRP RNA
URS00005D274D	SRPDB	Ashb.goss._AE016819	284811	SRP_RNA	SRP RNA
URS00005D3341	SRPDB	Leis.braz._AY722724	5660	SRP_RNA	SRP RNA
URS00005D3341	SRPDB	Leis.braz._AY722725	5660	SRP_RNA	SRP RNA
URS00005D3341	SRPDB	Leis.braz._AY722726	5660	SRP_RNA	SRP RNA
URS00005D3341	SRPDB	Leis.braz._AY781790	5660	SRP_RNA	SRP RNA
URS00005D3341	SRPDB	Leis.braz._AY781791	5660	SRP_RNA	SRP RNA
URS00005D816A	SRPDB	Yers.pest._AE009952	187410	SRP_RNA	SRP RNA
URS00005D816A	SRPDB	Yers.pest._AE017042	229193	SRP_RNA	SRP RNA
URS00005D816A	SRPDB	Yers.pest._AL590842	214092	SRP_RNA	SRP RNA
URS00005D816A	SRPDB	Yers.pest._CP000305	377628	SRP_RNA	SRP RNA
URS00005D816A	SRPDB	Yers.pest._CP000308	360102	SRP_RNA	SRP RNA
URS00005D816A	SRPDB	Yers.pest._CP000668	386656	SRP_RNA	SRP RNA
URS00005D816A	SRPDB	Yers.pest._CP000901	349746	SRP_RNA	SRP RNA
URS00005D816A	SRPDB	Yers.pest._CP001585	637382	SRP_RNA	SRP RNA
URS00005D816A	SRPDB	Yers.pest._CP001589	637385	SRP_RNA	SRP RNA
URS00005D816A	SRPDB	Yers.pest._CP001593	637386	SRP_RNA	SRP RNA
URS00005D816A	SRPDB	Yers.pseu._BX936398	273123	SRP_RNA	SRP RNA
URS00005D816A	SRPDB	Yers.pseu._CP000720	349747	SRP_RNA	SRP RNA
URS00005D816A	SRPDB	Yers.pseu._CP000950	502800	SRP_RNA	SRP RNA
URS00005D816A	SRPDB	Yers.pseu._CP001048	502801	SRP_RNA	SRP RNA
URS00005D9D5B	SRPDB	Stap.haem._AP006716	279808	SRP_RNA	SRP RNA
URS00005DC36F	SRPDB	Tryp.bruc._AC159431	5691	SRP_RNA	SRP RNA
URS00005DE9BA	SRPDB	Dani.reri._BX649540	7955	SRP_RNA	SRP RNA
URS00005DF6D8	SRPDB	Geob.sulf._AE017180	243231	SRP_RNA	SRP RNA
URS00005DF6D8	SRPDB	Geob.sulf._CP002031	663917	SRP_RNA	SRP RNA
URS00005DF912	SRPDB	Baci.amyl._CP000560	326423	SRP_RNA	SRP RNA
URS00005DF912	SRPDB	List.wels._AM263198	386043	SRP_RNA	SRP RNA
URS00005E2405	SRPDB	Stap.epid._AE015929	176280	SRP_RNA	SRP RNA
URS00005E2417	SRPDB	List.inno._AL596173	1642	SRP_RNA	SRP RNA
URS00005E4323	SRPDB	Pseu.ento._CT573326	384676	SRP_RNA	SRP RNA
URS00005E4323	SRPDB	Pseu.puti._AE015451	160488	SRP_RNA	SRP RNA
URS00005E4323	SRPDB	Pseu.puti._CP000712	351746	SRP_RNA	SRP RNA
URS00005E4323	SRPDB	Pseu.puti._CP000926	76869	SRP_RNA	SRP RNA
URS00005E4323	SRPDB	Pseu.puti._CP000949	390235	SRP_RNA	SRP RNA
URS00005E7688	SRPDB	Myco.capr._CP000123	340047	SRP_RNA	SRP RNA
URS00005E7688	SRPDB	Myco.capr._D00560	2095	SRP_RNA	SRP RNA
URS00005E7688	SRPDB	Myco.capr._S67588	2095	SRP_RNA	SRP RNA
URS00005E7E65	SRPDB	Syne.spec._BX569693	84588	SRP_RNA	SRP RNA
URS00005E9A4A	SRPDB	Haem.somn._CP000436	205914	SRP_RNA	SRP RNA
URS00005E9A4A	SRPDB	Haem.somn._CP000947	228400	SRP_RNA	SRP RNA
URS00005ECA09	SRPDB	Rhiz.etli._CP000133	347834	SRP_RNA	SRP RNA
URS00005ECA09	SRPDB	Rhiz.etli._CP001074	491916	SRP_RNA	SRP RNA
URS00005ECA09	SRPDB	Rhiz.legu._AM236080	216596	SRP_RNA	SRP RNA
URS00005ECA09	SRPDB	Rhiz.legu._CP001191	395492	SRP_RNA	SRP RNA
URS00005ECA09	SRPDB	Rhiz.legu._CP001622	395491	SRP_RNA	SRP RNA
URS00005F4BD5	SRPDB	Meth.ferv._M32222.1	2180	SRP_RNA	SRP RNA
URS00005F5858	SRPDB	Lyco.escu._Z46744	4081	SRP_RNA	SRP RNA
URS00005FD7AA	SRPDB	Lotu.corn._AP006364	34305	SRP_RNA	SRP RNA
URS00005FFBFB	SRPDB	Lyco.escu._Z29103	4081	SRP_RNA	SRP RNA
URS000060B71F	SRPDB	Baci.halo._BA000004	272558	SRP_RNA	SRP RNA
URS0000615C60	SRPDB	Medi.trun._CT485797	3880	SRP_RNA	SRP RNA
URS0000616D8D	SRPDB	Meth.hung._CP000254.1	323259	SRP_RNA	SRP RNA
URS0000619FE0	SRPDB	Myco.gall._CP001872	710128	SRP_RNA	SRP RNA
URS0000619FE0	SRPDB	Myco.gall._CP001873	708616	SRP_RNA	SRP RNA
URS000061BF8A	SRPDB	Pseu.aeru._AE004091	208964	SRP_RNA	SRP RNA
URS000061BF8A	SRPDB	Pseu.aeru._CP000744	381754	SRP_RNA	SRP RNA
URS000061BF8A	SRPDB	Pseu.aeru._FM209186	557722	SRP_RNA	SRP RNA
URS000061BF8A	SRPDB	Pseu.aeru._M31829	287	SRP_RNA	SRP RNA
URS000061BF8A	SRPDB	Pseu.aeru._X12644	287	SRP_RNA	SRP RNA
URS000061BF8A	SRPDB	Pseu.aeru._X14404	287	SRP_RNA	SRP RNA
URS000061E1C8	SRPDB	Ther.sibi._CP001463.1	604354	SRP_RNA	SRP RNA
URS00006213F1	SRPDB	Shew.loih._CP000606	323850	SRP_RNA	SRP RNA
URS0000621D19	SRPDB	Caen.eleg._Z30973	6239	SRP_RNA	SRP RNA
