URS00000011DF	TARBASE	hsa-miR-660-3p	9606	miRNA	
URS0000004CA3	TARBASE	hsa-miR-4429	9606	miRNA	
URS0000007170	TARBASE	mmu-miR-676-3p	10090	miRNA	
URS0000007FBA	TARBASE	hsa-miR-340-5p	9606	miRNA	
URS0000007FBA	TARBASE	mmu-miR-340-5p	10090	miRNA	
URS000000B1C9	TARBASE	hsa-let-7e-5p	9606	miRNA	
URS000000B1C9	TARBASE	mmu-let-7e-5p	10090	miRNA	
URS000000E601	TARBASE	hsa-miR-520f-3p	9606	miRNA	
URS000000EF0B	TARBASE	hsa-miR-4446-3p	9606	miRNA	
URS0000010C72	TARBASE	hsa-miR-320d	9606	miRNA	
URS0000010D30	TARBASE	hsa-miR-320c	9606	miRNA	
URS0000011312	TARBASE	mmu-miR-503-3p	10090	miRNA	
URS0000013DD8	TARBASE	hsa-miR-652-3p	9606	miRNA	
URS0000013DD8	TARBASE	mmu-miR-652-3p	10090	miRNA	
URS00000157F5	TARBASE	hsa-let-7a-2-3p	9606	miRNA	
URS000001C659	TARBASE	hsa-miR-135b-5p	9606	miRNA	
URS000001C659	TARBASE	mmu-miR-135b-5p	10090	miRNA	
URS000002103A	TARBASE	hsa-miR-1296-5p	9606	miRNA	
URS0000021B51	TARBASE	mmu-miR-155-5p	10090	miRNA	
URS0000021D08	TARBASE	hsa-miR-520g-3p	9606	miRNA	
URS0000024ACC	TARBASE	hsa-miR-518a-3p	9606	miRNA	
URS00000254A6	TARBASE	hsa-miR-338-3p	9606	miRNA	
URS00000254A6	TARBASE	mmu-miR-338-3p	10090	miRNA	
URS0000026A1D	TARBASE	hsa-miR-1269a	9606	miRNA	
URS0000028BB8	TARBASE	hsa-miR-132-5p	9606	miRNA	
URS0000029EBD	TARBASE	hsa-miR-199b-5p	9606	miRNA	
URS000002CF68	TARBASE	hsa-miR-4791	9606	miRNA	
URS000002D005	TARBASE	hsa-miR-4789-5p	9606	miRNA	
URS00000350B4	TARBASE	mmu-miR-376c-3p	10090	miRNA	
URS000003575B	TARBASE	hsa-miR-483-5p	9606	miRNA	
URS00000386E7	TARBASE	mmu-miR-872-5p	10090	miRNA	
URS00000393C7	TARBASE	hsa-miR-3691-5p	9606	miRNA	
URS000003ABC4	TARBASE	hsa-miR-26b-3p	9606	miRNA	
URS000003B660	TARBASE	hsa-miR-518c-5p	9606	miRNA	
URS000003E1A9	TARBASE	hsa-miR-141-3p	9606	miRNA	
URS000003E1A9	TARBASE	mmu-miR-141-3p	10090	miRNA	
URS000003F252	TARBASE	hsa-miR-181a-3p	9606	miRNA	
URS000003FD55	TARBASE	hsa-miR-339-5p	9606	miRNA	
URS000003FD55	TARBASE	mmu-miR-339-5p	10090	miRNA	
URS000004203C	TARBASE	hsa-miR-944	9606	miRNA	
URS0000042E1F	TARBASE	hsa-miR-20a-3p	9606	miRNA	
URS0000043B1D	TARBASE	hsa-miR-378f	9606	miRNA	
URS00000451A1	TARBASE	hsa-miR-378a-3p	9606	miRNA	
URS0000045DBD	TARBASE	hsa-miR-3613-5p	9606	miRNA	
URS000004B7B7	TARBASE	hsa-miR-4802-3p	9606	miRNA	
URS000004F117	TARBASE	mmu-miR-144-5p	10090	miRNA	
URS000004F5D8	TARBASE	hsa-let-7a-3p	9606	miRNA	
URS0000051137	TARBASE	mmu-miR-29b-1-5p	10090	miRNA	
URS000005481D	TARBASE	hsa-miR-324-5p	9606	miRNA	
URS000005481D	TARBASE	mmu-miR-324-5p	10090	miRNA	
URS00000565C2	TARBASE	mmu-miR-322-3p	10090	miRNA	
URS0000057A7C	TARBASE	hsa-miR-1248	9606	miRNA	
URS000005A8ED	TARBASE	hsa-miR-495-3p	9606	miRNA	
URS000005CF5F	TARBASE	hsa-miR-30d-5p	9606	miRNA	
URS000005CF5F	TARBASE	mmu-miR-30d-5p	10090	miRNA	
URS000005D4F5	TARBASE	hsa-miR-345-5p	9606	miRNA	
URS000005E7DD	TARBASE	hsa-miR-516b-5p	9606	miRNA	
URS0000062B37	TARBASE	hsa-miR-512-5p	9606	miRNA	
URS000006372A	TARBASE	hsa-miR-485-3p	9606	miRNA	
URS0000064E13	TARBASE	hsa-miR-4782-3p	9606	miRNA	
URS0000065566	TARBASE	hsa-miR-194-3p	9606	miRNA	
URS0000065566	TARBASE	mmu-miR-194-2-3p	10090	miRNA	
URS0000065D58	TARBASE	hsa-miR-30a-3p	9606	miRNA	
URS0000065D58	TARBASE	mmu-miR-30a-3p	10090	miRNA	
URS00000661A7	TARBASE	mmu-miR-101c	10090	miRNA	
URS0000068B85	TARBASE	hsa-miR-153-3p	9606	miRNA	
URS0000068B85	TARBASE	mmu-miR-153-3p	10090	miRNA	
URS0000068BEA	TARBASE	hsa-miR-518a-5p	9606	miRNA	
URS0000068BEA	TARBASE	hsa-miR-527	9606	miRNA	
URS000006983A	TARBASE	hsa-miR-4701-3p	9606	miRNA	
URS000006B702	TARBASE	hsa-miR-3140-3p	9606	miRNA	
URS000006F90B	TARBASE	hsa-miR-3609	9606	miRNA	
URS000006FDD4	TARBASE	hsa-miR-19a-3p	9606	miRNA	
URS000006FDD4	TARBASE	mmu-miR-19a-3p	10090	miRNA	
URS0000070B1D	TARBASE	hsa-miR-877-3p	9606	miRNA	
URS0000070CD2	TARBASE	hsa-miR-302a-3p	9606	miRNA	
URS0000070CD2	TARBASE	mmu-miR-302a-3p	10090	miRNA	
URS000007298F	TARBASE	hsa-miR-3607-5p	9606	miRNA	
URS0000072E4C	TARBASE	hsa-miR-3682-3p	9606	miRNA	
URS00000753AD	TARBASE	hsa-miR-1304-5p	9606	miRNA	
URS0000075B44	TARBASE	mmu-miR-669j	10090	miRNA	
URS0000076995	TARBASE	hsa-miR-29a-5p	9606	miRNA	
URS0000076995	TARBASE	mmu-miR-29a-5p	10090	miRNA	
URS0000076E54	TARBASE	hsa-miR-541-5p	9606	miRNA	
URS0000077AED	TARBASE	hsa-miR-493-5p	9606	miRNA	
URS0000078918	TARBASE	hsa-miR-4786-3p	9606	miRNA	
URS0000079D48	TARBASE	hsa-miR-1180-3p	9606	miRNA	
URS0000079F78	TARBASE	hsa-miR-5100	9606	miRNA	
URS000007A060	TARBASE	hsa-miR-330-3p	9606	miRNA	
URS000007D64A	TARBASE	hsa-miR-497-3p	9606	miRNA	
URS000007F792	TARBASE	hsa-miR-377-3p	9606	miRNA	
URS0000080D0A	TARBASE	hsa-miR-548o-3p	9606	miRNA	
URS0000081E1F	TARBASE	hsa-miR-409-5p	9606	miRNA	
URS0000081E1F	TARBASE	mmu-miR-409-5p	10090	miRNA	
URS00000821E0	TARBASE	hsa-miR-140-3p	9606	miRNA	
URS00000821E0	TARBASE	mmu-miR-140-3p	10090	miRNA	
URS0000083D87	TARBASE	hsa-miR-188-5p	9606	miRNA	
URS0000083D87	TARBASE	mmu-miR-188-5p	10090	miRNA	
URS0000084643	TARBASE	mmu-miR-202-3p	10090	miRNA	
URS0000085F64	TARBASE	hsa-miR-362-5p	9606	miRNA	
URS0000086A4D	TARBASE	hsa-miR-431-3p	9606	miRNA	
URS0000086A4D	TARBASE	mmu-miR-431-3p	10090	miRNA	
URS0000087207	TARBASE	hsa-miR-518d-5p	9606	miRNA	
URS0000087207	TARBASE	hsa-miR-520c-5p	9606	miRNA	
URS0000087207	TARBASE	hsa-miR-526a	9606	miRNA	
URS000008931A	TARBASE	hsa-miR-154-5p	9606	miRNA	
URS000008931A	TARBASE	mmu-miR-154-5p	10090	miRNA	
URS000008AA34	TARBASE	hsa-miR-548j-5p	9606	miRNA	
URS000008B558	TARBASE	hsa-miR-3940-3p	9606	miRNA	
URS000008C563	TARBASE	hsa-miR-551b-3p	9606	miRNA	
URS000008C563	TARBASE	mmu-miR-551b-3p	10090	miRNA	
URS000008DA94	TARBASE	hsa-miR-200a-3p	9606	miRNA	
URS000008DA94	TARBASE	mmu-miR-200a-3p	10090	miRNA	
URS000009262D	TARBASE	hsa-miR-21-3p	9606	miRNA	
URS0000096022	TARBASE	hsa-miR-22-3p	9606	miRNA	
URS0000096022	TARBASE	mmu-miR-22-3p	10090	miRNA	
URS0000099DC0	TARBASE	mmu-miR-669n	10090	miRNA	
URS000009AF54	TARBASE	hsa-miR-3653-3p	9606	miRNA	
URS000009C1E9	TARBASE	hsa-miR-550b-2-5p	9606	miRNA	
URS000009C45F	TARBASE	hsa-miR-489-3p	9606	miRNA	
URS000009EA8F	TARBASE	hsa-miR-1275	9606	miRNA	
URS00000A057E	TARBASE	hsa-miR-18b-3p	9606	miRNA	
URS00000A07C1	TARBASE	hsa-let-7d-5p	9606	miRNA	
URS00000A07C1	TARBASE	mmu-let-7d-5p	10090	miRNA	
URS00000A33DB	TARBASE	hsa-miR-127-5p	9606	miRNA	
URS00000A33DB	TARBASE	mmu-miR-127-5p	10090	piRNA	
URS00000A939F	TARBASE	hsa-miR-326	9606	miRNA	
URS00000A9FB9	TARBASE	hsa-miR-3605-3p	9606	miRNA	
URS00000AA464	TARBASE	hsa-miR-193b-3p	9606	miRNA	
URS00000AB32B	TARBASE	hsa-miR-3192-5p	9606	miRNA	
URS00000AD002	TARBASE	hsa-miR-455-5p	9606	miRNA	
URS00000AD02D	TARBASE	hsa-miR-548n	9606	miRNA	
URS00000AF209	TARBASE	mmu-miR-92a-2-5p	10090	miRNA	
URS00000AF45F	TARBASE	hsa-miR-3136-5p	9606	miRNA	
URS00000B0E50	TARBASE	hsa-miR-582-5p	9606	miRNA	
URS00000B1B47	TARBASE	hsa-miR-378e	9606	miRNA	
URS00000B59A2	TARBASE	hsa-miR-192-3p	9606	miRNA	
URS00000B59A2	TARBASE	mmu-miR-192-3p	10090	miRNA	
URS00000B6B44	TARBASE	hsa-miR-4783-3p	9606	miRNA	
URS00000B6FA1	TARBASE	hsa-miR-4766-3p	9606	miRNA	
URS00000B7E30	TARBASE	hsa-miR-223-3p	9606	miRNA	
URS00000B7E30	TARBASE	mmu-miR-223-3p	10090	miRNA	
URS00000B7F84	TARBASE	hsa-miR-548f-3p	9606	miRNA	
URS00000B989F	TARBASE	hsa-miR-363-5p	9606	miRNA	
URS00000BA274	TARBASE	hsa-miR-2116-5p	9606	miRNA	
URS00000BB229	TARBASE	hsa-miR-3115	9606	miRNA	
URS00000BD1DE	TARBASE	hsa-miR-219a-1-3p	9606	miRNA	
URS00000BE267	TARBASE	mmu-miR-706	10090	miRNA	
URS00000BE495	TARBASE	hsa-miR-423-3p	9606	miRNA	
URS00000BE495	TARBASE	mmu-miR-423-3p	10090	miRNA	
URS00000BF7F9	TARBASE	hsa-miR-4516	9606	miRNA	
URS00000C0921	TARBASE	hsa-miR-154-3p	9606	miRNA	
URS00000C0921	TARBASE	mmu-miR-154-3p	10090	miRNA	
URS00000C0D3F	TARBASE	hsa-miR-26a-1-3p	9606	miRNA	
URS00000C48FA	TARBASE	hsa-miR-4742-3p	9606	miRNA	
URS00000C4DB5	TARBASE	hsa-miR-2467-5p	9606	miRNA	
URS00000C5969	TARBASE	hsa-miR-383-5p	9606	miRNA	
URS00000C5BAA	TARBASE	hsa-miR-411-5p	9606	miRNA	
URS00000C5BAA	TARBASE	mmu-miR-411-5p	10090	piRNA	
URS00000C7662	TARBASE	hsa-miR-499a-5p	9606	miRNA	
URS00000C7662	TARBASE	mmu-miR-499-5p	10090	piRNA	
URS00000CC005	TARBASE	hsa-miR-500b-5p	9606	miRNA	
URS00000CF1D2	TARBASE	hsa-miR-361-5p	9606	miRNA	
URS00000CF1D2	TARBASE	mmu-miR-361-5p	10090	miRNA	
URS00000D0874	TARBASE	hsa-miR-1260a	9606	miRNA	
URS00000D0BB4	TARBASE	hsa-miR-3679-5p	9606	miRNA	
URS00000D2680	TARBASE	hsa-miR-548e-3p	9606	miRNA	
URS00000D4AB5	TARBASE	hsa-miR-517a-3p	9606	miRNA	
URS00000D5FFC	TARBASE	hsa-miR-3157-5p	9606	miRNA	
URS00000D6209	TARBASE	mmu-miR-466a-3p	10090	miRNA	
URS00000D6C3F	TARBASE	hsa-miR-2277-5p	9606	miRNA	
URS00000D812E	TARBASE	mmu-miR-672-5p	10090	miRNA	
URS00000D9C2B	TARBASE	mmu-miR-669c-5p	10090	miRNA	
URS00000DA3DF	TARBASE	hsa-miR-1343-3p	9606	miRNA	
URS00000DA6A7	TARBASE	hsa-miR-196a-5p	9606	miRNA	
URS00000DA6A7	TARBASE	mmu-miR-196a-5p	10090	miRNA	
URS00000DDA8A	TARBASE	mmu-miR-215-5p	10090	miRNA	
URS00000DE5AF	TARBASE	mmu-miR-31-5p	10090	miRNA	
URS00000DF6D0	TARBASE	hsa-miR-135a-5p	9606	miRNA	
URS00000E1DC5	TARBASE	hsa-miR-193b-5p	9606	miRNA	
URS00000E4877	TARBASE	hsa-miR-196a-3p	9606	miRNA	
URS00000E5433	TARBASE	hsa-miR-208a-3p	9606	miRNA	
URS00000E7139	TARBASE	hsa-miR-642a-3p	9606	miRNA	
URS00000EA063	TARBASE	hsa-miR-483-3p	9606	miRNA	
URS00000EC27B	TARBASE	mmu-miR-692	10090	miRNA	
URS00000ED600	TARBASE	hsa-miR-375	9606	miRNA	
URS00000ED600	TARBASE	mmu-miR-375-3p	10090	miRNA	
URS00000ED701	TARBASE	hsa-miR-520b	9606	miRNA	
URS00000EED18	TARBASE	hsa-miR-34a-3p	9606	miRNA	
URS00000EEE35	TARBASE	hsa-miR-501-3p	9606	miRNA	
URS00000EEF5F	TARBASE	hsa-miR-1307-5p	9606	miRNA	
URS00000F0F49	TARBASE	hsa-miR-424-5p	9606	miRNA	
URS00000F2C33	TARBASE	hsa-miR-642a-5p	9606	miRNA	
URS00000F6E49	TARBASE	hsa-miR-503-5p	9606	miRNA	
URS00000F7766	TARBASE	hsa-miR-3129-5p	9606	miRNA	
URS00000F8578	TARBASE	mmu-miR-3057-5p	10090	miRNA	
URS00000FB1B1	TARBASE	hsa-miR-93-3p	9606	miRNA	
URS00000FB1B1	TARBASE	mmu-miR-93-3p	10090	miRNA	
URS00000FC8EB	TARBASE	hsa-miR-1301-3p	9606	miRNA	
URS00000FD5FE	TARBASE	hsa-miR-566	9606	miRNA	
URS00000FDD2A	TARBASE	mmu-miR-669o-5p	10090	piRNA	
URS00000FFE5F	TARBASE	hsa-miR-190b	9606	miRNA	
URS00001012BC	TARBASE	hsa-miR-766-3p	9606	miRNA	
URS0000101689	TARBASE	hsa-miR-520a-3p	9606	miRNA	
URS0000101787	TARBASE	hsa-miR-452-3p	9606	miRNA	
URS0000104EFC	TARBASE	mmu-miR-667-5p	10090	miRNA	
URS0000105D19	TARBASE	hsa-miR-432-3p	9606	miRNA	
URS000010F787	TARBASE	hsa-miR-1537-3p	9606	miRNA	
URS000011166D	TARBASE	hsa-miR-3615	9606	miRNA	
URS00001123BD	TARBASE	hsa-miR-29b-1-5p	9606	miRNA	
URS0000113EBB	TARBASE	mmu-miR-148b-5p	10090	miRNA	
URS00001154D6	TARBASE	mmu-miR-290a-3p	10090	miRNA	
URS0000116A70	TARBASE	hsa-miR-660-5p	9606	miRNA	
URS000011C106	TARBASE	hsa-miR-4661-5p	9606	miRNA	
URS00001230A0	TARBASE	hsa-miR-101-3p	9606	miRNA	
URS00001230A0	TARBASE	mmu-miR-101a-3p	10090	miRNA	
URS00001234DF	TARBASE	hsa-miR-378d	9606	miRNA	
URS000012568D	TARBASE	hsa-miR-3198	9606	miRNA	
URS0000126D1F	TARBASE	mmu-miR-376a-3p	10090	miRNA	
URS00001270D3	TARBASE	hsa-miR-33b-3p	9606	miRNA	
URS000012846D	TARBASE	hsa-miR-3617-5p	9606	miRNA	
URS0000128E26	TARBASE	mmu-miR-291a-3p	10090	miRNA	
URS000012930C	TARBASE	hsa-miR-548aa	9606	miRNA	
URS000012930C	TARBASE	hsa-miR-548t-3p	9606	miRNA	
URS000012A1DD	TARBASE	hsa-miR-200b-5p	9606	miRNA	
URS000012A1DD	TARBASE	mmu-miR-200b-5p	10090	miRNA	
URS000012F9EC	TARBASE	hsa-miR-4691-3p	9606	miRNA	
URS00001310DE	TARBASE	hsa-miR-3916	9606	miRNA	
URS0000134ADC	TARBASE	hsa-miR-346	9606	miRNA	
URS0000135E29	TARBASE	hsa-miR-519a-3p	9606	miRNA	
URS0000136174	TARBASE	hsa-miR-3120-3p	9606	miRNA	
URS00001383CF	TARBASE	hsa-miR-523-3p	9606	miRNA	
URS000013A349	TARBASE	hsa-miR-4532	9606	miRNA	
URS000013D17D	TARBASE	hsa-miR-19b-3p	9606	miRNA	
URS000013D17D	TARBASE	mmu-miR-19b-3p	10090	miRNA	
URS000013E79D	TARBASE	hsa-miR-382-3p	9606	miRNA	
URS0000140295	TARBASE	hsa-miR-374c-3p	9606	miRNA	
URS0000142768	TARBASE	hsa-miR-4693-5p	9606	miRNA	
URS0000142DC3	TARBASE	hsa-miR-22-5p	9606	miRNA	
URS0000142DC3	TARBASE	mmu-miR-22-5p	10090	miRNA	
URS0000147F3E	TARBASE	mmu-miR-136-5p	10090	miRNA	
URS00001481F9	TARBASE	hsa-miR-4423-3p	9606	miRNA	
URS0000148B91	TARBASE	hsa-miR-342-3p	9606	miRNA	
URS0000148B91	TARBASE	mmu-miR-342-3p	10090	miRNA	
URS0000149452	TARBASE	hsa-miR-93-5p	9606	miRNA	
URS0000149452	TARBASE	mmu-miR-93-5p	10090	miRNA	
URS00001496AE	TARBASE	hsa-miR-490-3p	9606	miRNA	
URS000014D9C1	TARBASE	hsa-miR-200b-3p	9606	miRNA	
URS000014D9C1	TARBASE	mmu-miR-200b-3p	10090	miRNA	
URS000015188E	TARBASE	hsa-miR-548h-3p	9606	miRNA	
URS000015188E	TARBASE	hsa-miR-548z	9606	miRNA	
URS0000153377	TARBASE	hsa-miR-222-5p	9606	miRNA	
URS00001539CF	TARBASE	mmu-miR-434-5p	10090	miRNA	
URS0000155642	TARBASE	hsa-miR-192-5p	9606	miRNA	
URS0000155642	TARBASE	mmu-miR-192-5p	10090	miRNA	
URS0000156390	TARBASE	hsa-miR-4746-5p	9606	miRNA	
URS0000157026	TARBASE	hsa-miR-99a-5p	9606	miRNA	
URS0000157026	TARBASE	mmu-miR-99a-5p	10090	miRNA	
URS000015930E	TARBASE	mmu-miR-21a-3p	10090	miRNA	
URS00001597DC	TARBASE	hsa-miR-331-5p	9606	miRNA	
URS000015A0DE	TARBASE	mmu-miR-669b-5p	10090	miRNA	
URS000015B295	TARBASE	hsa-miR-487b-3p	9606	miRNA	
URS000015CE89	TARBASE	hsa-miR-1269b	9606	miRNA	
URS000015D23B	TARBASE	hsa-miR-26a-2-3p	9606	miRNA	
URS000015EBFE	TARBASE	mmu-miR-741-3p	10090	miRNA	
URS0000166778	TARBASE	hsa-miR-3074-5p	9606	miRNA	
URS0000167CC0	TARBASE	mmu-miR-3470a	10090	miRNA	
URS0000169868	TARBASE	hsa-miR-135a-3p	9606	miRNA	
URS000016A877	TARBASE	mmu-miR-493-5p	10090	miRNA	
URS000016B425	TARBASE	mmu-miR-18b-5p	10090	miRNA	
URS000016C318	TARBASE	hsa-miR-151a-3p	9606	miRNA	
URS000016D2D4	TARBASE	hsa-miR-10a-5p	9606	miRNA	
URS000016D2D4	TARBASE	mmu-miR-10a-5p	10090	miRNA	
URS000016E46F	TARBASE	hsa-miR-1185-1-3p	9606	miRNA	
URS000016FD1A	TARBASE	hsa-miR-150-5p	9606	miRNA	
URS000016FD1A	TARBASE	mmu-miR-150-5p	10090	miRNA	
URS000016FD1B	TARBASE	hsa-miR-487a-3p	9606	miRNA	
URS000016FF9C	TARBASE	hsa-miR-96-5p	9606	miRNA	
URS000016FF9C	TARBASE	mmu-miR-96-5p	10090	miRNA	
URS0000170CF4	TARBASE	hsa-miR-221-3p	9606	miRNA	
URS0000170CF4	TARBASE	mmu-miR-221-3p	10090	miRNA	
URS0000170D8B	TARBASE	hsa-miR-3127-5p	9606	miRNA	
URS0000171020	TARBASE	hsa-miR-3677-3p	9606	miRNA	
URS0000172999	TARBASE	mmu-miR-290a-5p	10090	miRNA	
URS00001754CF	TARBASE	hsa-miR-19a-5p	9606	miRNA	
URS00001799A3	TARBASE	hsa-miR-28-3p	9606	miRNA	
URS000017CCCB	TARBASE	hsa-miR-3173-3p	9606	miRNA	
URS000017D10B	TARBASE	hsa-miR-101-5p	9606	miRNA	
URS000017DBB8	TARBASE	hsa-miR-299-5p	9606	miRNA	
URS000017EA6A	TARBASE	hsa-miR-505-5p	9606	miRNA	
URS0000183BED	TARBASE	hsa-miR-23b-3p	9606	miRNA	
URS0000183BED	TARBASE	mmu-miR-23b-3p	10090	miRNA	
URS000018A401	TARBASE	mmu-miR-412-5p	10090	piRNA	
URS000018C677	TARBASE	hsa-miR-3605-5p	9606	miRNA	
URS000018C928	TARBASE	hsa-miR-181c-5p	9606	miRNA	
URS000018C928	TARBASE	mmu-miR-181c-5p	10090	miRNA	
URS000018D2BE	TARBASE	hsa-miR-4707-3p	9606	miRNA	
URS000018E6CD	TARBASE	hsa-miR-378g	9606	miRNA	
URS000018E72A	TARBASE	hsa-miR-323a-5p	9606	miRNA	
URS0000190AA4	TARBASE	mmu-miR-20a-3p	10090	miRNA	
URS00001919B0	TARBASE	hsa-miR-491-5p	9606	miRNA	
URS00001925C1	TARBASE	hsa-miR-125b-2-3p	9606	miRNA	
URS0000192F9C	TARBASE	hsa-miR-200c-3p	9606	miRNA	
URS0000192F9C	TARBASE	mmu-miR-200c-3p	10090	piRNA	
URS00001934CD	TARBASE	hsa-miR-544a	9606	miRNA	
URS00001935FA	TARBASE	hsa-miR-485-5p	9606	miRNA	
URS00001935FA	TARBASE	mmu-miR-485-5p	10090	miRNA	
URS00001938D9	TARBASE	hsa-miR-3200-5p	9606	miRNA	
URS00001941B8	TARBASE	hsa-miR-643	9606	miRNA	
URS00001989EA	TARBASE	mmu-miR-15a-3p	10090	miRNA	
URS000019907A	TARBASE	hsa-miR-30c-5p	9606	miRNA	
URS000019907A	TARBASE	mmu-miR-30c-5p	10090	miRNA	
URS0000199A33	TARBASE	mmu-miR-1187	10090	miRNA	
URS000019B0F7	TARBASE	hsa-miR-26a-5p	9606	miRNA	
URS000019B0F7	TARBASE	mmu-miR-26a-5p	10090	miRNA	
URS000019C8F1	TARBASE	mmu-miR-434-3p	10090	miRNA	
URS000019CD2B	TARBASE	mmu-miR-673-3p	10090	miRNA	
URS000019D79B	TARBASE	hsa-miR-708-5p	9606	miRNA	
URS000019D79B	TARBASE	mmu-miR-708-5p	10090	miRNA	
URS000019F055	TARBASE	hsa-miR-543	9606	miRNA	
URS000019F055	TARBASE	mmu-miR-543-3p	10090	miRNA	
URS00001A1CA6	TARBASE	hsa-miR-4793-3p	9606	miRNA	
URS00001A3555	TARBASE	hsa-miR-211-5p	9606	miRNA	
URS00001A405B	TARBASE	hsa-miR-100-3p	9606	miRNA	
URS00001A5096	TARBASE	hsa-miR-4685-3p	9606	miRNA	
URS00001A5F54	TARBASE	hsa-miR-520e	9606	miRNA	
URS00001A6B29	TARBASE	mmu-miR-666-5p	10090	miRNA	
URS00001A7F58	TARBASE	hsa-miR-92b-5p	9606	miRNA	
URS00001A9746	TARBASE	hsa-miR-25-5p	9606	miRNA	
URS00001AADF2	TARBASE	hsa-miR-514a-3p	9606	miRNA	
URS00001ADC0C	TARBASE	mmu-miR-467f	10090	miRNA	
URS00001AF64C	TARBASE	mmu-miR-542-5p	10090	miRNA	
URS00001AFC71	TARBASE	hsa-miR-212-5p	9606	miRNA	
URS00001B09C2	TARBASE	hsa-miR-4799-5p	9606	miRNA	
URS00001B0D1E	TARBASE	hsa-miR-579-3p	9606	miRNA	
URS00001B341F	TARBASE	hsa-miR-27a-5p	9606	miRNA	
URS00001B341F	TARBASE	mmu-miR-27a-5p	10090	miRNA	
URS00001B6361	TARBASE	hsa-miR-518d-3p	9606	miRNA	
URS00001B64CE	TARBASE	mmu-miR-106a-5p	10090	miRNA	
URS00001B9622	TARBASE	hsa-miR-19b-1-5p	9606	miRNA	
URS00001BB658	TARBASE	mmu-miR-429-5p	10090	miRNA	
URS00001BC212	TARBASE	hsa-miR-497-5p	9606	miRNA	
URS00001BCAC5	TARBASE	hsa-miR-488-3p	9606	miRNA	
URS00001C04A2	TARBASE	hsa-let-7f-2-3p	9606	miRNA	
URS00001C11BC	TARBASE	hsa-miR-301a-3p	9606	miRNA	
URS00001C11BC	TARBASE	mmu-miR-301a-3p	10090	miRNA	
URS00001C29D5	TARBASE	mmu-miR-34c-3p	10090	miRNA	
URS00001C308D	TARBASE	hsa-miR-99b-3p	9606	miRNA	
URS00001C308D	TARBASE	mmu-miR-99b-3p	10090	miRNA	
URS00001C3AC1	TARBASE	hsa-miR-296-5p	9606	miRNA	
URS00001C3AC1	TARBASE	mmu-miR-296-5p	10090	miRNA	
URS00001C406A	TARBASE	hsa-miR-432-5p	9606	miRNA	
URS00001C4513	TARBASE	mmu-miR-24-2-5p	10090	miRNA	
URS00001C4762	TARBASE	hsa-miR-218-1-3p	9606	miRNA	
URS00001C770D	TARBASE	hsa-miR-149-5p	9606	miRNA	
URS00001C770D	TARBASE	mmu-miR-149-5p	10090	miRNA	
URS00001C85C7	TARBASE	hsa-miR-1294	9606	miRNA	
URS00001C8A86	TARBASE	hsa-miR-423-5p	9606	miRNA	
URS00001C8A86	TARBASE	mmu-miR-423-5p	10090	miRNA	
URS00001C94E0	TARBASE	hsa-miR-15a-3p	9606	miRNA	
URS00001CC0F4	TARBASE	hsa-miR-4484	9606	miRNA	
URS00001CC379	TARBASE	hsa-miR-182-5p	9606	miRNA	
URS00001CC4BD	TARBASE	hsa-miR-510-5p	9606	miRNA	
URS00001CE409	TARBASE	mmu-miR-669i	10090	miRNA	
URS00001CF056	TARBASE	hsa-miR-574-3p	9606	miRNA	
URS00001CF056	TARBASE	mmu-miR-574-3p	10090	piRNA	
URS00001D3129	TARBASE	mmu-miR-17-3p	10090	miRNA	
URS00001D4A78	TARBASE	hsa-miR-1271-3p	9606	miRNA	
URS00001D5AA3	TARBASE	hsa-miR-367-3p	9606	miRNA	
URS00001D64A9	TARBASE	mmu-miR-675-3p	10090	miRNA	
URS00001D6605	TARBASE	hsa-miR-556-3p	9606	miRNA	
URS00001D69F6	TARBASE	hsa-miR-126-5p	9606	miRNA	
URS00001D69F6	TARBASE	mmu-miR-126a-5p	10090	miRNA	
URS00001D6BAE	TARBASE	hsa-miR-212-3p	9606	miRNA	
URS00001DA458	TARBASE	hsa-miR-92a-1-5p	9606	miRNA	
URS00001DABC0	TARBASE	hsa-miR-1293	9606	miRNA	
URS00001DB45B	TARBASE	mmu-miR-880-3p	10090	miRNA	
URS00001DBB42	TARBASE	hsa-miR-521	9606	miRNA	
URS00001DC04F	TARBASE	hsa-miR-1-3p	9606	miRNA	
URS00001DC04F	TARBASE	mmu-miR-1a-3p	10090	miRNA	
URS00001DC1D3	TARBASE	hsa-miR-4466	9606	miRNA	
URS00001DC9B8	TARBASE	mmu-miR-329-5p	10090	miRNA	
URS00001DCE55	TARBASE	mmu-miR-669g	10090	miRNA	
URS00001DD9A7	TARBASE	mmu-miR-25-5p	10090	miRNA	
URS00001DE669	TARBASE	hsa-miR-30e-5p	9606	miRNA	
URS00001DE669	TARBASE	mmu-miR-30e-5p	10090	miRNA	
URS00001DEE11	TARBASE	hsa-miR-24-2-5p	9606	miRNA	
URS00001E0AEA	TARBASE	hsa-miR-142-5p	9606	miRNA	
URS00001E0AEA	TARBASE	mmu-miR-142a-5p	10090	miRNA	
URS00001E2DBC	TARBASE	hsa-miR-501-5p	9606	miRNA	
URS00001E2F7A	TARBASE	hsa-miR-5581-3p	9606	miRNA	
URS00001E3523	TARBASE	hsa-miR-137	9606	miRNA	
URS00001E3DAA	TARBASE	hsa-miR-127-3p	9606	miRNA	
URS00001E3DAA	TARBASE	mmu-miR-127-3p	10090	miRNA	
URS00001E5014	TARBASE	mmu-miR-669l-5p	10090	miRNA	
URS00001E8884	TARBASE	hsa-miR-224-3p	9606	miRNA	
URS00001E8DA7	TARBASE	hsa-miR-3940-5p	9606	miRNA	
URS00001E9CCB	TARBASE	hsa-miR-16-2-3p	9606	miRNA	
URS00001EB9FC	TARBASE	hsa-miR-187-3p	9606	miRNA	
URS00001EE123	TARBASE	hsa-miR-379-3p	9606	miRNA	
URS00001EE123	TARBASE	mmu-miR-379-3p	10090	miRNA	
URS00001EFBE3	TARBASE	hsa-miR-146a-3p	9606	miRNA	
URS00001EFDE0	TARBASE	mmu-miR-770-3p	10090	miRNA	
URS00001EFEC1	TARBASE	hsa-miR-374b-3p	9606	miRNA	
URS00001F0C23	TARBASE	hsa-miR-125a-3p	9606	miRNA	
URS00001F0C23	TARBASE	mmu-miR-125a-3p	10090	miRNA	
URS00001F14FE	TARBASE	hsa-miR-550a-3p	9606	miRNA	
URS00001F1DA8	TARBASE	hsa-miR-126-3p	9606	miRNA	
URS00001F1DA8	TARBASE	mmu-miR-126a-3p	10090	miRNA	
URS00001F373E	TARBASE	hsa-miR-5001-5p	9606	miRNA	
URS00001F3F1D	TARBASE	hsa-miR-4698	9606	miRNA	
URS00001F4670	TARBASE	hsa-miR-296-3p	9606	miRNA	
URS00001F4670	TARBASE	mmu-miR-296-3p	10090	miRNA	
URS00001F5B39	TARBASE	hsa-miR-449a	9606	miRNA	
URS00001F5B39	TARBASE	mmu-miR-449a-5p	10090	piRNA	
URS00001F61BA	TARBASE	hsa-miR-1271-5p	9606	miRNA	
URS00001F7925	TARBASE	mmu-miR-224-5p	10090	miRNA	
URS00001F8B82	TARBASE	hsa-miR-5096	9606	miRNA	
URS00001F9866	TARBASE	hsa-miR-625-5p	9606	miRNA	
URS00001F9A0F	TARBASE	hsa-miR-218-2-3p	9606	miRNA	
URS00001FC26E	TARBASE	hsa-miR-4284	9606	miRNA	
URS00001FE271	TARBASE	mmu-miR-541-5p	10090	miRNA	
URS00001FFA8C	TARBASE	hsa-miR-381-3p	9606	miRNA	
URS00001FFA8C	TARBASE	mmu-miR-381-3p	10090	miRNA	
URS0000202B65	TARBASE	hsa-miR-491-3p	9606	miRNA	
URS0000204177	TARBASE	hsa-miR-136-3p	9606	miRNA	
URS00002075FA	TARBASE	hsa-miR-17-5p	9606	miRNA	
URS00002075FA	TARBASE	mmu-miR-17-5p	10090	miRNA	
URS0000209905	TARBASE	hsa-miR-125b-5p	9606	miRNA	
URS0000209905	TARBASE	mmu-miR-125b-5p	10090	miRNA	
URS000020BE6A	TARBASE	hsa-miR-124-3p	9606	miRNA	
URS000020BE6A	TARBASE	mmu-miR-124-3p	10090	miRNA	
URS000020C393	TARBASE	hsa-miR-3168	9606	miRNA	
URS000020C95B	TARBASE	hsa-miR-301a-5p	9606	miRNA	
URS000020CEC2	TARBASE	hsa-miR-576-3p	9606	miRNA	
URS000020D84A	TARBASE	hsa-miR-218-5p	9606	miRNA	
URS000020D84A	TARBASE	mmu-miR-218-5p	10090	piRNA	
URS000020E2DD	TARBASE	hsa-miR-197-5p	9606	miRNA	
URS000020F110	TARBASE	hsa-miR-512-3p	9606	miRNA	
URS000020F6B2	TARBASE	mmu-miR-376b-5p	10090	miRNA	
URS000021054B	TARBASE	mmu-miR-669d-5p	10090	miRNA	
URS0000211070	TARBASE	hsa-miR-1255b-5p	9606	miRNA	
URS000021202F	TARBASE	hsa-miR-508-5p	9606	miRNA	
URS00002152A8	TARBASE	hsa-miR-30b-3p	9606	miRNA	
URS00002198F3	TARBASE	hsa-miR-449c-5p	9606	miRNA	
URS000021D7C8	TARBASE	hsa-miR-186-3p	9606	miRNA	
URS000021ECD0	TARBASE	hsa-miR-3064-5p	9606	miRNA	
URS000022074F	TARBASE	mmu-miR-300-3p	10090	miRNA	
URS00002233F4	TARBASE	mmu-miR-410-5p	10090	miRNA	
URS0000224206	TARBASE	mmu-miR-297a-5p	10090	miRNA	
URS0000224AEA	TARBASE	hsa-miR-5193	9606	miRNA	
URS0000227241	TARBASE	hsa-miR-517-5p	9606	miRNA	
URS0000227253	TARBASE	mmu-miR-28a-3p	10090	miRNA	
URS0000229622	TARBASE	hsa-miR-181b-3p	9606	miRNA	
URS000022A78C	TARBASE	hsa-miR-455-3p	9606	miRNA	
URS000022B6DD	TARBASE	mmu-let-7a-1-3p	10090	miRNA	
URS000022B729	TARBASE	hsa-miR-3909	9606	miRNA	
URS0000235862	TARBASE	hsa-miR-765	9606	miRNA	
URS0000236310	TARBASE	hsa-miR-181d-5p	9606	miRNA	
URS0000236310	TARBASE	mmu-miR-181d-5p	10090	miRNA	
URS00002367FA	TARBASE	hsa-miR-185-3p	9606	miRNA	
URS00002373FD	TARBASE	hsa-miR-1908-5p	9606	miRNA	
URS0000237AF9	TARBASE	hsa-miR-335-5p	9606	miRNA	
URS0000237AF9	TARBASE	mmu-miR-335-5p	10090	miRNA	
URS0000237CBD	TARBASE	hsa-let-7i-3p	9606	miRNA	
URS0000237CBD	TARBASE	mmu-let-7i-3p	10090	miRNA	
URS0000237FB8	TARBASE	hsa-miR-30c-1-3p	9606	miRNA	
URS0000238FCE	TARBASE	mmu-miR-466f-3p	10090	miRNA	
URS0000239117	TARBASE	hsa-miR-1260b	9606	miRNA	
URS00002394F5	TARBASE	hsa-miR-3175	9606	miRNA	
URS000023B77E	TARBASE	hsa-miR-200a-5p	9606	miRNA	
URS000023B77E	TARBASE	mmu-miR-200a-5p	10090	miRNA	
URS000023BE29	TARBASE	hsa-miR-139-3p	9606	miRNA	
URS0000241987	TARBASE	hsa-miR-181a-2-3p	9606	miRNA	
URS0000243FF1	TARBASE	hsa-miR-3174	9606	miRNA	
URS000024463E	TARBASE	hsa-miR-29b-3p	9606	miRNA	
URS000024463E	TARBASE	mmu-miR-29b-3p	10090	miRNA	
URS0000244A71	TARBASE	hsa-miR-181c-3p	9606	miRNA	
URS0000246356	TARBASE	hsa-miR-885-5p	9606	miRNA	
URS000024A59E	TARBASE	hsa-miR-128-3p	9606	miRNA	
URS000024A59E	TARBASE	mmu-miR-128-3p	10090	miRNA	
URS000024AD66	TARBASE	hsa-miR-509-5p	9606	miRNA	
URS000024B619	TARBASE	hsa-miR-758-3p	9606	miRNA	
URS000024BA1E	TARBASE	mmu-miR-3473c	10090	miRNA	
URS000024DFCE	TARBASE	hsa-miR-433-3p	9606	miRNA	
URS000024DFCE	TARBASE	mmu-miR-433-3p	10090	miRNA	
URS0000250A40	TARBASE	hsa-miR-570-3p	9606	miRNA	
URS0000251D0B	TARBASE	hsa-miR-301b-3p	9606	miRNA	
URS000025282C	TARBASE	hsa-miR-371a-5p	9606	miRNA	
URS000025307A	TARBASE	hsa-miR-378c	9606	miRNA	
URS000025440F	TARBASE	mmu-miR-1843a-5p	10090	miRNA	
URS000025576D	TARBASE	hsa-miR-92b-3p	9606	miRNA	
URS000025576D	TARBASE	mmu-miR-92b-3p	10090	miRNA	
URS00002573C3	TARBASE	hsa-miR-582-3p	9606	miRNA	
URS0000258C1E	TARBASE	mmu-miR-299a-3p	10090	miRNA	
URS0000258D51	TARBASE	hsa-miR-548q	9606	miRNA	
URS0000259AE4	TARBASE	hsa-miR-664a-5p	9606	miRNA	
URS000025A6B4	TARBASE	hsa-miR-551b-5p	9606	miRNA	
URS000025BB5F	TARBASE	mmu-miR-758-3p	10090	miRNA	
URS000025C0E1	TARBASE	hsa-miR-5010-3p	9606	miRNA	
URS000025D232	TARBASE	hsa-miR-139-5p	9606	miRNA	
URS0000260A3A	TARBASE	hsa-miR-548l	9606	miRNA	
URS00002620A7	TARBASE	hsa-miR-142-3p	9606	miRNA	
URS00002620A7	TARBASE	mmu-miR-142a-3p	10090	miRNA	
URS000026261D	TARBASE	hsa-miR-140-5p	9606	miRNA	
URS000026261D	TARBASE	mmu-miR-140-5p	10090	miRNA	
URS000026875B	TARBASE	hsa-miR-548y	9606	miRNA	
URS000026C425	TARBASE	hsa-miR-873-3p	9606	miRNA	
URS000027080C	TARBASE	hsa-miR-302c-3p	9606	miRNA	
URS0000272039	TARBASE	hsa-miR-590-3p	9606	miRNA	
URS0000272A3D	TARBASE	hsa-miR-29c-3p	9606	miRNA	
URS0000272A3D	TARBASE	mmu-miR-29c-3p	10090	miRNA	
URS0000272A92	TARBASE	hsa-miR-134-5p	9606	miRNA	
URS0000272A92	TARBASE	mmu-miR-134-5p	10090	miRNA	
URS000027352D	TARBASE	hsa-miR-34b-3p	9606	miRNA	
URS000027464B	TARBASE	hsa-miR-675-3p	9606	miRNA	
URS0000277201	TARBASE	hsa-miR-1250-5p	9606	miRNA	
URS0000279B6F	TARBASE	hsa-miR-2110	9606	miRNA	
URS000027FB0A	TARBASE	mmu-miR-362-5p	10090	miRNA	
URS0000282A40	TARBASE	mmu-miR-294-3p	10090	piRNA	
URS000028425A	TARBASE	hsa-miR-4461	9606	miRNA	
URS0000284586	TARBASE	hsa-miR-513b-5p	9606	miRNA	
URS00002849B7	TARBASE	hsa-miR-147a	9606	miRNA	
URS0000285DCB	TARBASE	hsa-miR-374a-3p	9606	miRNA	
URS000028C188	TARBASE	hsa-miR-1246	9606	miRNA	
URS000028D142	TARBASE	hsa-let-7d-3p	9606	miRNA	
URS000028D142	TARBASE	mmu-let-7d-3p	10090	miRNA	
URS000028D811	TARBASE	hsa-miR-7-1-3p	9606	miRNA	
URS000028DE3F	TARBASE	hsa-miR-511-5p	9606	miRNA	
URS000028FD1A	TARBASE	hsa-miR-598-3p	9606	miRNA	
URS00002915C8	TARBASE	hsa-miR-409-3p	9606	miRNA	
URS00002915C8	TARBASE	mmu-miR-409-3p	10090	miRNA	
URS0000292363	TARBASE	hsa-miR-3127-3p	9606	miRNA	
URS00002971AB	TARBASE	hsa-miR-1226-3p	9606	miRNA	
URS0000298BA3	TARBASE	hsa-miR-519d-3p	9606	miRNA	
URS000029979D	TARBASE	hsa-let-7g-3p	9606	miRNA	
URS0000299AD8	TARBASE	hsa-miR-3651	9606	miRNA	
URS0000299FE3	TARBASE	hsa-miR-4738-3p	9606	miRNA	
URS000029AE45	TARBASE	hsa-miR-664a-3p	9606	miRNA	
URS000029C2DC	TARBASE	hsa-miR-194-5p	9606	miRNA	
URS000029C2DC	TARBASE	mmu-miR-194-5p	10090	piRNA	
URS000029D793	TARBASE	hsa-miR-3065-3p	9606	miRNA	
URS000029D9F1	TARBASE	hsa-miR-204-5p	9606	miRNA	
URS000029D9F1	TARBASE	mmu-miR-204-5p	10090	miRNA	
URS000029E173	TARBASE	hsa-miR-374a-5p	9606	miRNA	
URS00002A037E	TARBASE	hsa-miR-520d-5p	9606	miRNA	
URS00002A291B	TARBASE	hsa-miR-31-3p	9606	miRNA	
URS00002A36ED	TARBASE	hsa-miR-488-5p	9606	miRNA	
URS00002A71AD	TARBASE	hsa-miR-369-5p	9606	miRNA	
URS00002A71AD	TARBASE	mmu-miR-369-5p	10090	miRNA	
URS00002A79D7	TARBASE	mmu-miR-675-5p	10090	miRNA	
URS00002A7CF3	TARBASE	hsa-miR-513c-5p	9606	miRNA	
URS00002A8BC6	TARBASE	hsa-miR-887-3p	9606	miRNA	
URS00002AA0E2	TARBASE	mmu-miR-669p-5p	10090	miRNA	
URS00002AB575	TARBASE	hsa-miR-3611	9606	miRNA	
URS00002AD012	TARBASE	mmu-miR-483-5p	10090	miRNA	
URS00002AE1D6	TARBASE	mmu-miR-497a-5p	10090	miRNA	
URS00002B0920	TARBASE	hsa-miR-4421	9606	miRNA	
URS00002B0B46	TARBASE	hsa-miR-654-5p	9606	miRNA	
URS00002B2B5C	TARBASE	hsa-miR-191-3p	9606	miRNA	
URS00002B3783	TARBASE	hsa-miR-20b-5p	9606	miRNA	
URS00002B3783	TARBASE	mmu-miR-20b-5p	10090	miRNA	
URS00002B60FB	TARBASE	hsa-miR-1273g-3p	9606	miRNA	
URS00002B7450	TARBASE	hsa-miR-671-3p	9606	miRNA	
URS00002B8C45	TARBASE	hsa-miR-766-5p	9606	miRNA	
URS00002B9AD0	TARBASE	mmu-miR-31-3p	10090	miRNA	
URS00002BBA1C	TARBASE	hsa-miR-4435	9606	miRNA	
URS00002BBD4E	TARBASE	hsa-miR-224-5p	9606	miRNA	
URS00002BCF86	TARBASE	hsa-miR-424-3p	9606	miRNA	
URS00002C02E4	TARBASE	hsa-miR-548am-5p	9606	miRNA	
URS00002C02E4	TARBASE	hsa-miR-548c-5p	9606	miRNA	
URS00002C02E4	TARBASE	hsa-miR-548o-5p	9606	miRNA	
URS00002C0FCB	TARBASE	hsa-miR-130b-3p	9606	miRNA	
URS00002C0FCB	TARBASE	mmu-miR-130b-3p	10090	miRNA	
URS00002C10B3	TARBASE	hsa-miR-99b-5p	9606	miRNA	
URS00002C10B3	TARBASE	mmu-miR-99b-5p	10090	miRNA	
URS00002C11C3	TARBASE	hsa-miR-214-3p	9606	miRNA	
URS00002C11C3	TARBASE	mmu-miR-214-3p	10090	miRNA	
URS00002C28B2	TARBASE	hsa-miR-1185-5p	9606	miRNA	
URS00002C4233	TARBASE	hsa-miR-3180-3p	9606	miRNA	
URS00002C6949	TARBASE	hsa-miR-222-3p	9606	miRNA	
URS00002C6949	TARBASE	mmu-miR-222-3p	10090	miRNA	
URS00002C7B2B	TARBASE	hsa-miR-34c-5p	9606	miRNA	
URS00002C7B2B	TARBASE	mmu-miR-34c-5p	10090	miRNA	
URS00002C7C59	TARBASE	hsa-miR-34c-3p	9606	miRNA	
URS00002C83DA	TARBASE	hsa-miR-3138	9606	miRNA	
URS00002CA53E	TARBASE	hsa-miR-3130-3p	9606	miRNA	
URS00002CAE0C	TARBASE	hsa-miR-380-3p	9606	miRNA	
URS00002CBC6D	TARBASE	hsa-miR-4787-3p	9606	miRNA	
URS00002CCA6E	TARBASE	hsa-miR-3661	9606	miRNA	
URS00002D0FC3	TARBASE	hsa-miR-24-1-5p	9606	miRNA	
URS00002D3C42	TARBASE	mmu-miR-145a-3p	10090	miRNA	
URS00002D7227	TARBASE	mmu-miR-291a-5p	10090	miRNA	
URS00002D8367	TARBASE	mmu-miR-429-3p	10090	miRNA	
URS00002D98BC	TARBASE	mmu-miR-7b-5p	10090	miRNA	
URS00002DA33E	TARBASE	mmu-miR-302a-5p	10090	miRNA	
URS00002DABEA	TARBASE	hsa-miR-125b-1-3p	9606	miRNA	
URS00002DABEA	TARBASE	mmu-miR-125b-1-3p	10090	miRNA	
URS00002DD349	TARBASE	hsa-miR-23c	9606	miRNA	
URS00002DFEB9	TARBASE	mmu-miR-295-3p	10090	miRNA	
URS00002E0524	TARBASE	hsa-miR-1270	9606	miRNA	
URS00002E1509	TARBASE	hsa-miR-545-3p	9606	miRNA	
URS00002E177F	TARBASE	hsa-miR-509-3p	9606	miRNA	
URS00002E1785	TARBASE	hsa-miR-5095	9606	miRNA	
URS00002E2DE7	TARBASE	hsa-miR-95-3p	9606	miRNA	
URS00002E7823	TARBASE	mmu-miR-380-3p	10090	miRNA	
URS00002E857A	TARBASE	hsa-miR-451a	9606	miRNA	
URS00002E857A	TARBASE	mmu-miR-451a	10090	miRNA	
URS00002E8D60	TARBASE	hsa-miR-876-3p	9606	miRNA	
URS00002E92A8	TARBASE	hsa-miR-144-5p	9606	miRNA	
URS00002E99CB	TARBASE	hsa-miR-551a	9606	miRNA	
URS00002ECEE4	TARBASE	hsa-miR-1468-5p	9606	miRNA	
URS00002ED2C9	TARBASE	hsa-miR-3944-5p	9606	miRNA	
URS00002ED61F	TARBASE	hsa-miR-744-5p	9606	miRNA	
URS00002ED61F	TARBASE	mmu-miR-744-5p	10090	piRNA	
URS00002EEDBE	TARBASE	mmu-miR-762	10090	miRNA	
URS00002EF20A	TARBASE	hsa-miR-1286	9606	miRNA	
URS00002F3336	TARBASE	hsa-miR-629-5p	9606	miRNA	
URS00002F40E9	TARBASE	hsa-miR-654-3p	9606	miRNA	
URS00002F4762	TARBASE	hsa-miR-10a-3p	9606	miRNA	
URS00002F4D78	TARBASE	hsa-miR-29a-3p	9606	miRNA	
URS00002F4D78	TARBASE	mmu-miR-29a-3p	10090	miRNA	
URS00002F5FEE	TARBASE	hsa-miR-466	9606	miRNA	
URS00002F72ED	TARBASE	hsa-miR-3141	9606	miRNA	
URS00002F74F1	TARBASE	hsa-miR-1299	9606	miRNA	
URS00002F7DA3	TARBASE	mmu-miR-467g	10090	miRNA	
URS00002F8148	TARBASE	hsa-let-7f-1-3p	9606	miRNA	
URS00002F8148	TARBASE	mmu-let-7f-1-3p	10090	miRNA	
URS00002F98D4	TARBASE	mmu-miR-345-3p	10090	miRNA	
URS00002FB065	TARBASE	hsa-miR-3159	9606	miRNA	
URS00002FB368	TARBASE	hsa-miR-671-5p	9606	miRNA	
URS00002FB368	TARBASE	mmu-miR-671-5p	10090	miRNA	
URS00002FC5B0	TARBASE	hsa-miR-32-3p	9606	miRNA	
URS00002FCA7A	TARBASE	mmu-miR-292a-3p	10090	miRNA	
URS00002FCE92	TARBASE	mmu-miR-511-3p	10090	miRNA	
URS00003003B4	TARBASE	hsa-miR-4659a-3p	9606	miRNA	
URS000030640D	TARBASE	mmu-miR-466k	10090	miRNA	
URS0000306C70	TARBASE	hsa-miR-337-5p	9606	miRNA	
URS0000307592	TARBASE	hsa-miR-3677-5p	9606	miRNA	
URS0000307DF8	TARBASE	mmu-miR-664-5p	10090	miRNA	
URS000030913C	TARBASE	mmu-miR-133a-5p	10090	miRNA	
URS000030A921	TARBASE	mmu-miR-125b-2-3p	10090	miRNA	
URS000030B5E2	TARBASE	hsa-miR-4328	9606	miRNA	
URS000030BD69	TARBASE	hsa-miR-34a-5p	9606	miRNA	
URS000030BD69	TARBASE	mmu-miR-34a-5p	10090	miRNA	
URS000030C9DE	TARBASE	hsa-miR-652-5p	9606	miRNA	
URS0000310E32	TARBASE	mmu-miR-380-5p	10090	miRNA	
URS000031362A	TARBASE	hsa-miR-3199	9606	miRNA	
URS00003138EF	TARBASE	mmu-miR-211-5p	10090	miRNA	
URS0000315338	TARBASE	hsa-miR-130a-3p	9606	miRNA	
URS0000315338	TARBASE	mmu-miR-130a-3p	10090	miRNA	
URS0000315B13	TARBASE	hsa-miR-215-5p	9606	miRNA	
URS000031602A	TARBASE	hsa-miR-454-5p	9606	miRNA	
URS0000316FA5	TARBASE	hsa-miR-26b-5p	9606	miRNA	
URS0000316FA5	TARBASE	mmu-miR-26b-5p	10090	miRNA	
URS0000318E24	TARBASE	hsa-miR-216a-5p	9606	miRNA	
URS000031B6ED	TARBASE	hsa-miR-365a-5p	9606	miRNA	
URS000031BC7D	TARBASE	hsa-miR-624-5p	9606	miRNA	
URS000031E6A1	TARBASE	hsa-miR-361-3p	9606	miRNA	
URS0000324096	TARBASE	hsa-let-7b-5p	9606	miRNA	
URS0000324096	TARBASE	mmu-let-7b-5p	10090	miRNA	
URS000032555E	TARBASE	mmu-miR-501-3p	10090	miRNA	
URS000032599B	TARBASE	hsa-miR-492	9606	miRNA	
URS0000325AF9	TARBASE	hsa-miR-4804-5p	9606	miRNA	
URS0000328C0D	TARBASE	hsa-miR-378b	9606	miRNA	
URS0000329B12	TARBASE	mmu-miR-92a-3p	10090	piRNA	
URS000032A4F7	TARBASE	hsa-miR-130b-5p	9606	miRNA	
URS000032A93F	TARBASE	hsa-miR-376a-5p	9606	miRNA	
URS000032BD73	TARBASE	hsa-miR-133b	9606	miRNA	
URS000032BD73	TARBASE	mmu-miR-133b-3p	10090	miRNA	
URS000032D18A	TARBASE	mmu-miR-5620-3p	10090	miRNA	
URS000032EF64	TARBASE	hsa-miR-4458	9606	miRNA	
URS000032FC1A	TARBASE	hsa-miR-1303	9606	miRNA	
URS0000330617	TARBASE	hsa-miR-27b-5p	9606	miRNA	
URS0000330617	TARBASE	mmu-miR-27b-5p	10090	miRNA	
URS0000331800	TARBASE	hsa-miR-5699-3p	9606	miRNA	
URS000033285F	TARBASE	mmu-miR-878-5p	10090	piRNA	
URS0000332B22	TARBASE	mmu-miR-1a-1-5p	10090	miRNA	
URS00003345F0	TARBASE	mmu-miR-342-5p	10090	piRNA	
URS00003380C1	TARBASE	hsa-miR-330-5p	9606	miRNA	
URS00003380C1	TARBASE	mmu-miR-330-5p	10090	miRNA	
URS00003380CC	TARBASE	hsa-miR-122-5p	9606	miRNA	
URS00003380CC	TARBASE	mmu-miR-122-5p	10090	miRNA	
URS0000338542	TARBASE	hsa-miR-155-5p	9606	miRNA	
URS0000338A04	TARBASE	mmu-miR-466i-5p	10090	miRNA	
URS000033B91D	TARBASE	hsa-miR-1268b	9606	miRNA	
URS000033C95A	TARBASE	mmu-miR-455-3p	10090	miRNA	
URS000033CC69	TARBASE	hsa-miR-556-5p	9606	miRNA	
URS000033EBB8	TARBASE	hsa-miR-935	9606	miRNA	
URS000033F45D	TARBASE	hsa-miR-374b-5p	9606	miRNA	
URS000033F45D	TARBASE	mmu-miR-374b-5p	10090	miRNA	
URS000034309A	TARBASE	hsa-miR-155-3p	9606	miRNA	
URS0000345DEB	TARBASE	hsa-miR-183-3p	9606	miRNA	
URS0000345DEB	TARBASE	mmu-miR-183-3p	10090	miRNA	
URS0000346991	TARBASE	hsa-miR-302b-3p	9606	miRNA	
URS0000346991	TARBASE	mmu-miR-302b-3p	10090	miRNA	
URS0000346F1C	TARBASE	hsa-miR-200c-5p	9606	miRNA	
URS0000346F1C	TARBASE	mmu-miR-200c-5p	10090	miRNA	
URS0000347D0F	TARBASE	hsa-miR-448	9606	miRNA	
URS00003496BE	TARBASE	hsa-miR-9-3p	9606	miRNA	
URS000034979B	TARBASE	hsa-miR-208b-3p	9606	miRNA	
URS000034979B	TARBASE	mmu-miR-208b-3p	10090	miRNA	
URS000034B6F5	TARBASE	hsa-miR-206	9606	miRNA	
URS000034B6F5	TARBASE	mmu-miR-206-3p	10090	miRNA	
URS000034CD58	TARBASE	mmu-miR-293-5p	10090	miRNA	
URS000034DDB3	TARBASE	mmu-miR-329-3p	10090	miRNA	
URS000034E58D	TARBASE	hsa-miR-4521	9606	miRNA	
URS0000353492	TARBASE	hsa-miR-4286	9606	miRNA	
URS0000355E82	TARBASE	hsa-miR-665	9606	miRNA	
URS0000357286	TARBASE	hsa-miR-513a-5p	9606	miRNA	
URS000035925E	TARBASE	hsa-miR-3917	9606	miRNA	
URS000035AC91	TARBASE	hsa-miR-4425	9606	miRNA	
URS000035BB59	TARBASE	mmu-miR-122-3p	10090	miRNA	
URS000035CC3E	TARBASE	hsa-miR-18a-5p	9606	miRNA	
URS000035CC3E	TARBASE	mmu-miR-18a-5p	10090	miRNA	
URS000035D2F9	TARBASE	hsa-miR-4767	9606	miRNA	
URS000035E174	TARBASE	hsa-miR-382-5p	9606	miRNA	
URS000035E174	TARBASE	mmu-miR-382-5p	10090	miRNA	
URS000035E9A9	TARBASE	hsa-miR-576-5p	9606	miRNA	
URS00003602F7	TARBASE	mmu-miR-466h-5p	10090	miRNA	
URS0000361F30	TARBASE	hsa-miR-1273e	9606	miRNA	
URS0000365CE3	TARBASE	mmu-miR-143-5p	10090	piRNA	
URS0000366551	TARBASE	hsa-miR-2682-5p	9606	miRNA	
URS00003676C9	TARBASE	hsa-miR-518b	9606	miRNA	
URS00003677B2	TARBASE	hsa-miR-3177-3p	9606	miRNA	
URS0000367985	TARBASE	hsa-miR-193a-5p	9606	miRNA	
URS000036B845	TARBASE	hsa-miR-5187-5p	9606	miRNA	
URS000036BEF1	TARBASE	hsa-miR-377-5p	9606	miRNA	
URS00003713CD	TARBASE	mmu-miR-221-5p	10090	miRNA	
URS0000372130	TARBASE	hsa-miR-4677-3p	9606	miRNA	
URS00003758F0	TARBASE	hsa-miR-449b-5p	9606	miRNA	
URS0000375E2F	TARBASE	mmu-miR-378b	10090	miRNA	
URS00003768C5	TARBASE	hsa-miR-92a-3p	9606	miRNA	
URS00003776C9	TARBASE	hsa-miR-338-5p	9606	miRNA	
URS0000377E71	TARBASE	hsa-miR-486-3p	9606	miRNA	
URS00003783AB	TARBASE	hsa-miR-3960	9606	miRNA	
URS000037B2E0	TARBASE	hsa-miR-548ak	9606	miRNA	
URS000037C5A8	TARBASE	hsa-miR-144-3p	9606	miRNA	
URS000037C5A8	TARBASE	mmu-miR-144-3p	10090	miRNA	
URS000037D7E5	TARBASE	hsa-miR-519c-3p	9606	miRNA	
URS000037DAEA	TARBASE	hsa-miR-411-3p	9606	miRNA	
URS000037DAEA	TARBASE	mmu-miR-411-3p	10090	piRNA	
URS000037E0D9	TARBASE	mmu-miR-34b-5p	10090	miRNA	
URS000038037E	TARBASE	hsa-miR-548a-3p	9606	miRNA	
URS00003804D8	TARBASE	hsa-miR-2355-3p	9606	miRNA	
URS00003808EC	TARBASE	hsa-miR-3662	9606	miRNA	
URS0000381B86	TARBASE	hsa-miR-3200-3p	9606	miRNA	
URS0000383DF4	TARBASE	hsa-miR-3150b-3p	9606	miRNA	
URS0000384021	TARBASE	hsa-miR-106b-3p	9606	miRNA	
URS0000384021	TARBASE	mmu-miR-106b-3p	10090	piRNA	
URS000038446A	TARBASE	hsa-miR-4485-3p	9606	miRNA	
URS000038718E	TARBASE	hsa-miR-548k	9606	miRNA	
URS000038727B	TARBASE	hsa-miR-205-3p	9606	miRNA	
URS0000388339	TARBASE	mmu-miR-350-5p	10090	miRNA	
URS00003883FE	TARBASE	hsa-miR-519b-3p	9606	miRNA	
URS000038A4CD	TARBASE	mmu-miR-362-3p	10090	miRNA	
URS000038B25B	TARBASE	hsa-miR-526b-3p	9606	miRNA	
URS000038B599	TARBASE	hsa-miR-363-3p	9606	miRNA	
URS000038B599	TARBASE	mmu-miR-363-3p	10090	miRNA	
URS00003904E8	TARBASE	mmu-miR-467h	10090	miRNA	
URS00003911EF	TARBASE	mmu-miR-483-3p	10090	miRNA	
URS000039607D	TARBASE	hsa-miR-539-3p	9606	miRNA	
URS0000396DA9	TARBASE	mmu-miR-669e-5p	10090	piRNA	
URS0000399545	TARBASE	hsa-miR-1285-3p	9606	miRNA	
URS000039A052	TARBASE	hsa-miR-500a-5p	9606	miRNA	
URS000039A25B	TARBASE	hsa-miR-548b-3p	9606	miRNA	
URS000039BFD2	TARBASE	hsa-miR-1915-3p	9606	miRNA	
URS000039D790	TARBASE	hsa-miR-641	9606	miRNA	
URS000039ED8D	TARBASE	hsa-miR-21-5p	9606	miRNA	
URS000039ED8D	TARBASE	mmu-miR-21a-5p	10090	miRNA	
URS000039FBF7	TARBASE	hsa-miR-548d-3p	9606	miRNA	
URS00003A19A3	TARBASE	hsa-miR-362-3p	9606	miRNA	
URS00003A8BB2	TARBASE	hsa-miR-548w	9606	miRNA	
URS00003AA409	TARBASE	hsa-miR-124-5p	9606	miRNA	
URS00003AB8AC	TARBASE	mmu-miR-382-3p	10090	miRNA	
URS00003ABBF3	TARBASE	mmu-miR-743a-3p	10090	miRNA	
URS00003ACE11	TARBASE	hsa-miR-3934-5p	9606	miRNA	
URS00003AD231	TARBASE	hsa-miR-376b-3p	9606	miRNA	
URS00003AF4CD	TARBASE	hsa-miR-3179	9606	miRNA	
URS00003AFD9B	TARBASE	hsa-miR-152-3p	9606	miRNA	
URS00003AFD9B	TARBASE	mmu-miR-152-3p	10090	miRNA	
URS00003B027C	TARBASE	mmu-miR-3473b	10090	miRNA	
URS00003B1C00	TARBASE	mmu-miR-207	10090	miRNA	
URS00003B1F5C	TARBASE	hsa-miR-299-3p	9606	miRNA	
URS00003B59DF	TARBASE	hsa-miR-3622a-5p	9606	miRNA	
URS00003B6938	TARBASE	hsa-miR-4687-5p	9606	miRNA	
URS00003B6B84	TARBASE	hsa-miR-320e	9606	miRNA	
URS00003B7674	TARBASE	hsa-let-7f-5p	9606	miRNA	
URS00003B7674	TARBASE	mmu-let-7f-5p	10090	miRNA	
URS00003B95DA	TARBASE	hsa-miR-27a-3p	9606	misc_RNA	
URS00003B95DA	TARBASE	mmu-miR-27a-3p	10090	piRNA	
URS00003BBF48	TARBASE	hsa-miR-148a-3p	9606	miRNA	
URS00003BBF48	TARBASE	mmu-miR-148a-3p	10090	piRNA	
URS00003C0807	TARBASE	mmu-miR-679-3p	10090	miRNA	
URS00003CA515	TARBASE	hsa-miR-2277-3p	9606	miRNA	
URS00003CC245	TARBASE	hsa-miR-422a	9606	miRNA	
URS00003CC709	TARBASE	hsa-miR-1255a	9606	miRNA	
URS00003CCAB4	TARBASE	hsa-miR-323a-3p	9606	miRNA	
URS00003CCAB4	TARBASE	mmu-miR-323-3p	10090	miRNA	
URS00003CD647	TARBASE	mmu-miR-3473d	10090	miRNA	
URS00003CD8B0	TARBASE	mmu-miR-3068-5p	10090	miRNA	
URS00003CF1AD	TARBASE	hsa-miR-320a	9606	miRNA	
URS00003CF1AD	TARBASE	mmu-miR-320-3p	10090	piRNA	
URS00003CF845	TARBASE	hsa-miR-1273d	9606	miRNA	
URS00003D1AE3	TARBASE	hsa-miR-15a-5p	9606	miRNA	
URS00003D1AE3	TARBASE	mmu-miR-15a-5p	10090	miRNA	
URS00003D2394	TARBASE	hsa-miR-3607-3p	9606	miRNA	
URS00003D4175	TARBASE	hsa-miR-3614-5p	9606	miRNA	
URS00003D5044	TARBASE	mmu-miR-182-5p	10090	miRNA	
URS00003D5391	TARBASE	hsa-miR-615-3p	9606	miRNA	
URS00003D8730	TARBASE	hsa-miR-202-5p	9606	miRNA	
URS00003D8C31	TARBASE	mmu-miR-467b-3p	10090	piRNA	
URS00003DA300	TARBASE	hsa-miR-181a-5p	9606	miRNA	
URS00003DA300	TARBASE	mmu-miR-181a-5p	10090	miRNA	
URS00003DD70F	TARBASE	hsa-miR-1273f	9606	miRNA	
URS00003DDE27	TARBASE	hsa-miR-331-3p	9606	miRNA	
URS00003DE2C6	TARBASE	mmu-miR-3065-5p	10090	miRNA	
URS00003DF3AE	TARBASE	hsa-miR-1298-5p	9606	miRNA	
URS00003E16D3	TARBASE	hsa-miR-548h-5p	9606	miRNA	
URS00003E16E5	TARBASE	hsa-miR-148a-5p	9606	miRNA	
URS00003E16E5	TARBASE	mmu-miR-148a-5p	10090	miRNA	
URS00003E2232	TARBASE	hsa-miR-365b-5p	9606	miRNA	
URS00003E236A	TARBASE	hsa-miR-524-5p	9606	miRNA	
URS00003E24B2	TARBASE	hsa-miR-202-3p	9606	miRNA	
URS00003E3515	TARBASE	mmu-miR-872-3p	10090	miRNA	
URS00003E3B82	TARBASE	hsa-miR-33a-3p	9606	miRNA	
URS00003E3B82	TARBASE	mmu-miR-33-3p	10090	miRNA	
URS00003E47B1	TARBASE	hsa-miR-28-5p	9606	miRNA	
URS00003E47B1	TARBASE	mmu-miR-28a-5p	10090	miRNA	
URS00003E59B7	TARBASE	hsa-miR-539-5p	9606	miRNA	
URS00003E59B7	TARBASE	mmu-miR-539-5p	10090	piRNA	
URS00003E5ECC	TARBASE	hsa-miR-450a-5p	9606	miRNA	
URS00003E5ECC	TARBASE	mmu-miR-450a-5p	10090	piRNA	
URS00003E6479	TARBASE	hsa-miR-151b	9606	miRNA	
URS00003E6EFA	TARBASE	hsa-miR-5585-3p	9606	miRNA	
URS00003E7283	TARBASE	hsa-miR-365a-3p	9606	miRNA	
URS00003E7283	TARBASE	hsa-miR-365b-3p	9606	miRNA	
URS00003E7283	TARBASE	mmu-miR-365-3p	10090	miRNA	
URS00003E93AB	TARBASE	hsa-miR-143-5p	9606	miRNA	
URS00003EB443	TARBASE	hsa-miR-4707-5p	9606	miRNA	
URS00003F0950	TARBASE	mmu-miR-363-5p	10090	miRNA	
URS00003F2D94	TARBASE	hsa-miR-199a-3p	9606	miRNA	
URS00003F2D94	TARBASE	hsa-miR-199b-3p	9606	miRNA	
URS00003F2D94	TARBASE	mmu-miR-199a-3p	10090	miRNA	
URS00003F2D94	TARBASE	mmu-miR-199b-3p	10090	miRNA	
URS00003F4546	TARBASE	hsa-miR-885-3p	9606	miRNA	
URS00003F659E	TARBASE	hsa-miR-500a-3p	9606	miRNA	
URS00003F8C34	TARBASE	mmu-miR-501-5p	10090	miRNA	
URS00003F97C5	TARBASE	mmu-miR-1981-5p	10090	miRNA	
URS00003FA24D	TARBASE	hsa-miR-4517	9606	miRNA	
URS00003FB16B	TARBASE	hsa-miR-3065-5p	9606	miRNA	
URS00003FBC84	TARBASE	hsa-miR-4478	9606	miRNA	
URS00003FE4D4	TARBASE	hsa-miR-106a-5p	9606	miRNA	
URS00003FFA6C	TARBASE	hsa-miR-550a-5p	9606	miRNA	
URS00004023EA	TARBASE	hsa-let-7i-5p	9606	miRNA	
URS00004023EA	TARBASE	mmu-let-7i-5p	10090	piRNA	
URS0000403C02	TARBASE	hsa-miR-29b-2-5p	9606	miRNA	
URS00004060DD	TARBASE	hsa-miR-3145-3p	9606	miRNA	
URS00004065BA	TARBASE	hsa-miR-629-3p	9606	miRNA	
URS000040780F	TARBASE	hsa-miR-138-5p	9606	miRNA	
URS000040780F	TARBASE	mmu-miR-138-5p	10090	miRNA	
URS0000407E35	TARBASE	mmu-miR-376a-5p	10090	piRNA	
URS000040828B	TARBASE	hsa-miR-561-5p	9606	miRNA	
URS0000409B45	TARBASE	hsa-let-7e-3p	9606	miRNA	
URS000040A87D	TARBASE	hsa-miR-130a-5p	9606	miRNA	
URS000040BEF4	TARBASE	hsa-miR-450a-1-3p	9606	miRNA	
URS000040C1ED	TARBASE	mmu-miR-322-5p	10090	piRNA	
URS000040D577	TARBASE	hsa-miR-3158-3p	9606	miRNA	
URS000040D674	TARBASE	hsa-miR-100-5p	9606	miRNA	
URS000040D674	TARBASE	mmu-miR-100-5p	10090	miRNA	
URS000040DCFF	TARBASE	hsa-miR-186-5p	9606	miRNA	
URS000040DCFF	TARBASE	mmu-miR-186-5p	10090	miRNA	
URS000040E14E	TARBASE	mmu-miR-679-5p	10090	miRNA	
URS000040EC3B	TARBASE	hsa-miR-1305	9606	miRNA	
URS000040FA88	TARBASE	hsa-miR-627-5p	9606	miRNA	
URS0000411752	TARBASE	hsa-miR-4772-5p	9606	miRNA	
URS00004131FE	TARBASE	hsa-miR-18a-3p	9606	miRNA	
URS0000416056	TARBASE	hsa-let-7a-5p	9606	miRNA	
URS0000416056	TARBASE	mmu-let-7a-5p	10090	miRNA	
URS0000417307	TARBASE	mmu-miR-676-5p	10090	piRNA	
URS00004176D4	TARBASE	hsa-miR-185-5p	9606	miRNA	
URS00004176D4	TARBASE	mmu-miR-185-5p	10090	miRNA	
URS0000419B5A	TARBASE	hsa-miR-4488	9606	miRNA	
URS000041DFB1	TARBASE	mmu-miR-324-3p	10090	miRNA	
URS000041E11D	TARBASE	hsa-miR-376a-3p	9606	miRNA	
URS000041E210	TARBASE	hsa-miR-217	9606	miRNA	
URS000041E780	TARBASE	hsa-miR-1306-3p	9606	miRNA	
URS000041E949	TARBASE	hsa-miR-302d-3p	9606	miRNA	
URS000041E949	TARBASE	mmu-miR-302d-3p	10090	miRNA	
URS000041F764	TARBASE	mmu-miR-503-5p	10090	piRNA	
URS000041FA2C	TARBASE	hsa-miR-940	9606	miRNA	
URS0000420457	TARBASE	hsa-miR-3687	9606	miRNA	
URS00004208C5	TARBASE	hsa-miR-9-5p	9606	miRNA	
URS00004208C5	TARBASE	mmu-miR-9-5p	10090	miRNA	
URS0000420D03	TARBASE	mmu-miR-378a-3p	10090	miRNA	
URS00004214BB	TARBASE	hsa-miR-589-5p	9606	miRNA	
URS00004216E6	TARBASE	hsa-miR-3173-5p	9606	miRNA	
URS0000422A99	TARBASE	hsa-miR-450b-5p	9606	miRNA	
URS0000423E7F	TARBASE	mmu-miR-193b-3p	10090	miRNA	
URS0000424278	TARBASE	hsa-miR-147b	9606	miRNA	
URS0000424DE0	TARBASE	mmu-miR-3086-5p	10090	miRNA	
URS0000425000	TARBASE	hsa-miR-933	9606	miRNA	
URS000042619A	TARBASE	hsa-miR-1276	9606	miRNA	
URS0000427B68	TARBASE	hsa-miR-1277-5p	9606	miRNA	
URS00004283FE	TARBASE	hsa-miR-548ar-3p	9606	miRNA	
URS000042A173	TARBASE	hsa-miR-3913-5p	9606	miRNA	
URS000042B108	TARBASE	hsa-miR-664b-5p	9606	miRNA	
URS000042BE4B	TARBASE	hsa-miR-3614-3p	9606	miRNA	
URS000042C6A6	TARBASE	hsa-miR-149-3p	9606	miRNA	
URS0000432971	TARBASE	hsa-miR-34b-5p	9606	miRNA	
URS0000435A77	TARBASE	hsa-miR-1224-5p	9606	miRNA	
URS000043908D	TARBASE	mmu-miR-431-5p	10090	miRNA	
URS00004390F6	TARBASE	hsa-miR-324-3p	9606	miRNA	
URS000043B721	TARBASE	mmu-miR-141-5p	10090	miRNA	
URS000043D1A9	TARBASE	hsa-miR-30a-5p	9606	miRNA	
URS000043D1A9	TARBASE	mmu-miR-30a-5p	10090	miRNA	
URS000043D2C1	TARBASE	hsa-miR-548x-3p	9606	miRNA	
URS000043F369	TARBASE	hsa-miR-1290	9606	miRNA	
URS00004407DC	TARBASE	hsa-miR-676-3p	9606	miRNA	
URS0000442977	TARBASE	hsa-miR-1302	9606	miRNA	
URS0000442B0D	TARBASE	hsa-miR-369-3p	9606	miRNA	
URS0000442B0D	TARBASE	mmu-miR-369-3p	10090	piRNA	
URS00004449AE	TARBASE	hsa-miR-106b-5p	9606	miRNA	
URS00004449AE	TARBASE	mmu-miR-106b-5p	10090	piRNA	
URS0000446722	TARBASE	hsa-miR-205-5p	9606	miRNA	
URS0000446722	TARBASE	mmu-miR-205-5p	10090	miRNA	
URS0000447C65	TARBASE	mmu-miR-1960	10090	miRNA	
URS000044878A	TARBASE	hsa-miR-1277-3p	9606	miRNA	
URS000044D459	TARBASE	hsa-miR-4802-5p	9606	miRNA	
URS00004505E4	TARBASE	hsa-miR-421	9606	miRNA	
URS00004505E4	TARBASE	mmu-miR-421-3p	10090	miRNA	
URS0000450F92	TARBASE	hsa-miR-618	9606	miRNA	
URS000045147B	TARBASE	hsa-miR-767-5p	9606	miRNA	
URS0000451A59	TARBASE	hsa-miR-92a-2-5p	9606	miRNA	
URS0000452C23	TARBASE	mmu-miR-467d-5p	10090	miRNA	
URS0000453664	TARBASE	hsa-miR-642b-3p	9606	miRNA	
URS00004556E5	TARBASE	hsa-miR-490-5p	9606	miRNA	
URS00004565E5	TARBASE	hsa-miR-18b-5p	9606	miRNA	
URS0000456F20	TARBASE	mmu-miR-1198-5p	10090	miRNA	
URS0000457382	TARBASE	mmu-miR-670-5p	10090	piRNA	
URS000045A9D7	TARBASE	hsa-miR-15b-3p	9606	miRNA	
URS000045B99E	TARBASE	hsa-miR-889-3p	9606	miRNA	
URS000045C922	TARBASE	mmu-miR-92b-5p	10090	piRNA	
URS000045E0EC	TARBASE	hsa-miR-548v	9606	miRNA	
URS0000461D80	TARBASE	hsa-miR-4803	9606	miRNA	
URS00004625BD	TARBASE	mmu-miR-222-5p	10090	miRNA	
URS00004636A3	TARBASE	hsa-miR-17-3p	9606	miRNA	
URS0000465F56	TARBASE	hsa-miR-509-3-5p	9606	miRNA	
URS00004670D7	TARBASE	mmu-miR-5128	10090	piRNA	
URS000046A7E1	TARBASE	mmu-miR-3066-5p	10090	miRNA	
URS000046CDA6	TARBASE	hsa-miR-216b-5p	9606	miRNA	
URS000046F124	TARBASE	hsa-miR-3074-3p	9606	miRNA	
URS0000470305	TARBASE	hsa-miR-876-5p	9606	miRNA	
URS000047047A	TARBASE	hsa-miR-1254	9606	miRNA	
URS0000471B2D	TARBASE	mmu-miR-467c-5p	10090	miRNA	
URS0000472A9B	TARBASE	hsa-miR-3912-3p	9606	miRNA	
URS000047334C	TARBASE	mmu-miR-703	10090	miRNA	
URS000047456A	TARBASE	hsa-miR-4687-3p	9606	miRNA	
URS0000475586	TARBASE	hsa-miR-4524a-3p	9606	miRNA	
URS0000475E09	TARBASE	hsa-miR-625-3p	9606	miRNA	
URS0000476BE1	TARBASE	hsa-miR-103a-3p	9606	miRNA	
URS0000476BE1	TARBASE	mmu-miR-103-3p	10090	miRNA	
URS0000476C64	TARBASE	hsa-miR-195-3p	9606	miRNA	
URS0000478976	TARBASE	mmu-miR-582-3p	10090	miRNA	
URS0000478EB1	TARBASE	mmu-miR-669k-3p	10090	miRNA	
URS000047A67D	TARBASE	hsa-miR-548s	9606	miRNA	
URS000047E28E	TARBASE	hsa-miR-1291	9606	miRNA	
URS000047E765	TARBASE	hsa-miR-410-3p	9606	miRNA	
URS000047E765	TARBASE	mmu-miR-410-3p	10090	miRNA	
URS000047FD4C	TARBASE	hsa-miR-187-5p	9606	miRNA	
URS0000480E22	TARBASE	hsa-miR-378i	9606	miRNA	
URS0000482389	TARBASE	hsa-miR-5009-5p	9606	miRNA	
URS0000483184	TARBASE	hsa-miR-33a-5p	9606	miRNA	
URS0000483184	TARBASE	mmu-miR-33-5p	10090	miRNA	
URS0000483D37	TARBASE	hsa-miR-5001-3p	9606	miRNA	
URS00004845C2	TARBASE	mmu-miR-669h-5p	10090	miRNA	
URS00004846F3	TARBASE	mmu-miR-3470b	10090	miRNA	
URS0000484751	TARBASE	hsa-miR-1185-2-3p	9606	miRNA	
URS000048521E	TARBASE	hsa-miR-340-3p	9606	miRNA	
URS0000485CBB	TARBASE	hsa-miR-223-5p	9606	miRNA	
URS0000488C83	TARBASE	hsa-miR-135b-3p	9606	miRNA	
URS0000488C83	TARBASE	mmu-miR-135b-3p	10090	miRNA	
URS000048B5E9	TARBASE	hsa-miR-1179	9606	miRNA	
URS000048BA36	TARBASE	hsa-miR-425-5p	9606	miRNA	
URS000048BA36	TARBASE	mmu-miR-425-5p	10090	miRNA	
URS000048D44E	TARBASE	hsa-miR-3194-3p	9606	miRNA	
URS000048E0EE	TARBASE	mmu-miR-493-3p	10090	miRNA	
URS000048F59D	TARBASE	hsa-miR-129-2-3p	9606	miRNA	
URS00004900F1	TARBASE	hsa-miR-370-3p	9606	miRNA	
URS00004900F1	TARBASE	mmu-miR-370-3p	10090	miRNA	
URS00004929F1	TARBASE	hsa-miR-663a	9606	miRNA	
URS0000492EAB	TARBASE	mmu-miR-293-3p	10090	miRNA	
URS00004959F4	TARBASE	hsa-miR-1284	9606	miRNA	
URS0000495F5B	TARBASE	hsa-miR-105-5p	9606	miRNA	
URS0000496C56	TARBASE	hsa-miR-548ab	9606	miRNA	
URS0000496F65	TARBASE	mmu-miR-665-3p	10090	miRNA	
URS000049704B	TARBASE	hsa-miR-3188	9606	miRNA	
URS0000497496	TARBASE	hsa-miR-29c-5p	9606	miRNA	
URS00004977C5	TARBASE	hsa-miR-3117-5p	9606	miRNA	
URS00004996E9	TARBASE	hsa-miR-873-5p	9606	miRNA	
URS000049A7EB	TARBASE	hsa-miR-520c-3p	9606	miRNA	
URS000049B55E	TARBASE	mmu-miR-677-5p	10090	miRNA	
URS000049EEDF	TARBASE	hsa-miR-708-3p	9606	miRNA	
URS000049EEDF	TARBASE	mmu-miR-708-3p	10090	piRNA	
URS000049FAE8	TARBASE	hsa-miR-651-5p	9606	miRNA	
URS00004A5A07	TARBASE	hsa-miR-505-3p	9606	miRNA	
URS00004A6E26	TARBASE	hsa-miR-3659	9606	miRNA	
URS00004AAAFF	TARBASE	hsa-miR-3176	9606	miRNA	
URS00004AB1CD	TARBASE	mmu-miR-465a-3p	10090	miRNA	
URS00004AB1CD	TARBASE	mmu-miR-465b-3p	10090	miRNA	
URS00004AB1CD	TARBASE	mmu-miR-465c-3p	10090	miRNA	
URS00004AC389	TARBASE	hsa-miR-10b-3p	9606	miRNA	
URS00004ACAAA	TARBASE	hsa-miR-219a-2-3p	9606	miRNA	
URS00004AD914	TARBASE	hsa-miR-15b-5p	9606	miRNA	
URS00004AD914	TARBASE	mmu-miR-15b-5p	10090	miRNA	
URS00004AE8D3	TARBASE	hsa-miR-506-3p	9606	miRNA	
URS00004AF715	TARBASE	hsa-miR-1297	9606	miRNA	
URS00004AFF8D	TARBASE	hsa-let-7g-5p	9606	miRNA	
URS00004AFF8D	TARBASE	mmu-let-7g-5p	10090	miRNA	
URS00004B1671	TARBASE	hsa-miR-1307-3p	9606	miRNA	
URS00004B2A47	TARBASE	hsa-miR-30d-3p	9606	miRNA	
URS00004B2A47	TARBASE	mmu-miR-30d-3p	10090	miRNA	
URS00004B4B85	TARBASE	hsa-miR-532-3p	9606	miRNA	
URS00004B4B85	TARBASE	mmu-miR-532-3p	10090	miRNA	
URS00004B6231	TARBASE	hsa-miR-4523	9606	miRNA	
URS00004B83FE	TARBASE	hsa-miR-628-5p	9606	miRNA	
URS00004BAA8A	TARBASE	hsa-miR-378a-5p	9606	miRNA	
URS00004BAA8A	TARBASE	mmu-miR-378a-5p	10090	piRNA	
URS00004BCD9C	TARBASE	hsa-miR-16-5p	9606	miRNA	
URS00004BCD9C	TARBASE	mmu-miR-16-5p	10090	miRNA	
URS00004BCE9B	TARBASE	hsa-miR-513a-3p	9606	miRNA	
URS00004BF1DC	TARBASE	hsa-miR-486-5p	9606	miRNA	
URS00004BF1DC	TARBASE	mmu-miR-486a-5p	10090	miRNA	
URS00004BF1DC	TARBASE	mmu-miR-486b-5p	10090	miRNA	
URS00004BF607	TARBASE	mmu-miR-871-3p	10090	miRNA	
URS00004BFE41	TARBASE	mmu-miR-485-3p	10090	miRNA	
URS00004C1D89	TARBASE	hsa-miR-548i	9606	miRNA	
URS00004C21E4	TARBASE	hsa-miR-526b-5p	9606	miRNA	
URS00004C4520	TARBASE	hsa-miR-545-5p	9606	miRNA	
URS00004C46CF	TARBASE	hsa-miR-329-3p	9606	miRNA	
URS00004C47FB	TARBASE	hsa-miR-32-5p	9606	miRNA	
URS00004C47FB	TARBASE	mmu-miR-32-5p	10090	miRNA	
URS00004C5774	TARBASE	hsa-miR-1287-5p	9606	miRNA	
URS00004C5EF1	TARBASE	hsa-miR-3157-3p	9606	miRNA	
URS00004C7BC0	TARBASE	mmu-miR-345-5p	10090	piRNA	
URS00004C89D9	TARBASE	mmu-miR-92a-1-5p	10090	miRNA	
URS00004C8DD5	TARBASE	hsa-miR-33b-5p	9606	miRNA	
URS00004C9052	TARBASE	hsa-miR-133a-3p	9606	miRNA	
URS00004C9052	TARBASE	mmu-miR-133a-3p	10090	miRNA	
URS00004CBBFA	TARBASE	mmu-miR-330-3p	10090	miRNA	
URS00004CCA62	TARBASE	hsa-miR-498	9606	miRNA	
URS00004CCDA3	TARBASE	hsa-miR-129-1-3p	9606	miRNA	
URS00004CD810	TARBASE	hsa-miR-577	9606	miRNA	
URS00004CEC5C	TARBASE	mmu-miR-383-5p	10090	miRNA	
URS00004D11A8	TARBASE	mmu-miR-467a-5p	10090	miRNA	
URS00004D302A	TARBASE	mmu-miR-101a-5p	10090	miRNA	
URS00004D5A7A	TARBASE	hsa-miR-3150a-5p	9606	miRNA	
URS00004D8280	TARBASE	hsa-miR-615-5p	9606	miRNA	
URS00004D84DB	TARBASE	hsa-miR-4443	9606	miRNA	
URS00004D9660	TARBASE	mmu-miR-466n-3p	10090	miRNA	
URS00004DA9DB	TARBASE	hsa-miR-203a-3p	9606	miRNA	
URS00004DA9DB	TARBASE	mmu-miR-203-3p	10090	miRNA	
URS00004DAA89	TARBASE	hsa-miR-214-5p	9606	miRNA	
URS00004DAA89	TARBASE	mmu-miR-214-5p	10090	piRNA	
URS00004DC583	TARBASE	hsa-miR-610	9606	miRNA	
URS00004DC6A5	TARBASE	hsa-miR-30e-3p	9606	miRNA	
URS00004DC6A5	TARBASE	mmu-miR-30e-3p	10090	miRNA	
URS00004DE2FC	TARBASE	hsa-miR-4449	9606	miRNA	
URS00004DE9D7	TARBASE	mmu-miR-193a-5p	10090	miRNA	
URS00004DEA91	TARBASE	hsa-miR-4518	9606	miRNA	
URS00004DECC9	TARBASE	mmu-miR-199b-5p	10090	miRNA	
URS00004E008F	TARBASE	hsa-miR-769-5p	9606	miRNA	
URS00004E02F2	TARBASE	hsa-miR-4525	9606	miRNA	
URS00004E0808	TARBASE	hsa-miR-98-5p	9606	miRNA	
URS00004E0808	TARBASE	mmu-miR-98-5p	10090	miRNA	
URS00004E1410	TARBASE	hsa-miR-129-5p	9606	miRNA	
URS00004E1410	TARBASE	mmu-miR-129-5p	10090	miRNA	
URS00004E5112	TARBASE	hsa-miR-675-5p	9606	miRNA	
URS00004E6C7F	TARBASE	hsa-miR-624-3p	9606	miRNA	
URS00004E78D3	TARBASE	hsa-miR-4508	9606	miRNA	
URS00004E8341	TARBASE	hsa-miR-532-5p	9606	miRNA	
URS00004E8341	TARBASE	mmu-miR-532-5p	10090	miRNA	
URS00004EAB18	TARBASE	hsa-miR-136-5p	9606	miRNA	
URS00004EAE33	TARBASE	hsa-miR-3613-3p	9606	miRNA	
URS00004F1E01	TARBASE	hsa-miR-1228-5p	9606	miRNA	
URS00004F2EB0	TARBASE	hsa-miR-1910-5p	9606	miRNA	
URS00004F4C18	TARBASE	hsa-miR-519e-3p	9606	miRNA	
URS00004F4FFB	TARBASE	hsa-miR-4708-3p	9606	miRNA	
URS00004F507C	TARBASE	hsa-miR-592	9606	miRNA	
URS00004F77ED	TARBASE	hsa-miR-454-3p	9606	miRNA	
URS00004F859B	TARBASE	hsa-miR-542-3p	9606	miRNA	
URS00004F859B	TARBASE	mmu-miR-542-3p	10090	miRNA	
URS00004F9744	TARBASE	hsa-miR-25-3p	9606	miRNA	
URS00004F9744	TARBASE	mmu-miR-25-3p	10090	miRNA	
URS00004FE139	TARBASE	hsa-miR-4705	9606	miRNA	
URS00004FF449	TARBASE	hsa-miR-20b-3p	9606	miRNA	
URS0000500449	TARBASE	hsa-miR-1306-5p	9606	miRNA	
URS00005030C1	TARBASE	hsa-miR-1973	9606	miRNA	
URS0000504AEF	TARBASE	mmu-miR-344-3p	10090	miRNA	
URS0000506607	TARBASE	mmu-miR-3095-3p	10090	miRNA	
URS0000506EFC	TARBASE	mmu-miR-696	10090	miRNA	
URS0000506FB9	TARBASE	mmu-miR-292a-5p	10090	miRNA	
URS00005070A9	TARBASE	hsa-miR-23a-5p	9606	miRNA	
URS0000507675	TARBASE	mmu-miR-301b-3p	10090	miRNA	
URS0000507F3E	TARBASE	hsa-miR-3117-3p	9606	miRNA	
URS0000508C13	TARBASE	hsa-miR-373-3p	9606	miRNA	
URS00005092C2	TARBASE	hsa-miR-335-3p	9606	miRNA	
URS00005092C2	TARBASE	mmu-miR-335-3p	10090	miRNA	
URS000050A3A3	TARBASE	hsa-miR-1285-5p	9606	miRNA	
URS000050B2E2	TARBASE	hsa-miR-550a-3-5p	9606	miRNA	
URS000050B527	TARBASE	hsa-miR-146a-5p	9606	miRNA	
URS000050B527	TARBASE	mmu-miR-146a-5p	10090	miRNA	
URS000050C722	TARBASE	hsa-miR-542-5p	9606	miRNA	
URS000050CCE0	TARBASE	hsa-miR-146b-3p	9606	miRNA	
URS000050DE77	TARBASE	hsa-let-7c-5p	9606	miRNA	
URS000050DE77	TARBASE	mmu-let-7c-5p	10090	miRNA	
URS000050E4BA	TARBASE	hsa-miR-941	9606	miRNA	
URS000050F244	TARBASE	hsa-miR-3194-5p	9606	miRNA	
URS000050F899	TARBASE	hsa-miR-767-3p	9606	miRNA	
URS000050FB05	TARBASE	hsa-miR-1304-3p	9606	miRNA	
URS0000512C88	TARBASE	hsa-miR-760	9606	miRNA	
URS0000514CEC	TARBASE	hsa-miR-3656	9606	miRNA	
URS00005165DA	TARBASE	hsa-miR-30b-5p	9606	miRNA	
URS00005165DA	TARBASE	mmu-miR-30b-5p	10090	miRNA	
URS0000517429	TARBASE	hsa-miR-374c-5p	9606	miRNA	
URS00005176F0	TARBASE	hsa-miR-96-3p	9606	miRNA	
URS00005194EC	TARBASE	hsa-miR-942-5p	9606	miRNA	
URS000051E731	TARBASE	mmu-miR-1954	10090	miRNA	
URS0000520927	TARBASE	hsa-miR-190a-5p	9606	miRNA	
URS0000520A95	TARBASE	mmu-miR-151-3p	10090	piRNA	
URS0000520B38	TARBASE	mmu-miR-5098	10090	miRNA	
URS0000521626	TARBASE	hsa-miR-148b-3p	9606	miRNA	
URS0000521626	TARBASE	mmu-miR-148b-3p	10090	miRNA	
URS0000521832	TARBASE	hsa-miR-4787-5p	9606	miRNA	
URS00005230E0	TARBASE	mmu-miR-302c-3p	10090	miRNA	
URS00005237AB	TARBASE	hsa-miR-2116-3p	9606	miRNA	
URS00005240FD	TARBASE	hsa-miR-877-5p	9606	miRNA	
URS00005240FD	TARBASE	mmu-miR-877-5p	10090	miRNA	
URS000052429C	TARBASE	mmu-miR-1943-5p	10090	miRNA	
URS0000527228	TARBASE	hsa-miR-30c-2-3p	9606	miRNA	
URS0000527228	TARBASE	mmu-miR-30c-2-3p	10090	miRNA	
URS0000527B00	TARBASE	hsa-miR-219b-5p	9606	miRNA	
URS0000527F89	TARBASE	hsa-miR-145-5p	9606	miRNA	
URS0000527F89	TARBASE	mmu-miR-145a-5p	10090	miRNA	
URS0000528CBC	TARBASE	hsa-miR-183-5p	9606	miRNA	
URS0000528CBC	TARBASE	mmu-miR-183-5p	10090	miRNA	
URS0000528E50	TARBASE	hsa-miR-4726-3p	9606	miRNA	
URS000052E1A6	TARBASE	hsa-miR-196b-3p	9606	miRNA	
URS000052F380	TARBASE	hsa-miR-145-3p	9606	miRNA	
URS0000533C81	TARBASE	mmu-miR-709	10090	miRNA	
URS0000534224	TARBASE	hsa-miR-3177-5p	9606	miRNA	
URS0000534239	TARBASE	hsa-miR-520a-5p	9606	miRNA	
URS00005352B1	TARBASE	mmu-miR-291b-3p	10090	miRNA	
URS0000535FDD	TARBASE	hsa-miR-494-3p	9606	miRNA	
URS0000535FDD	TARBASE	mmu-miR-494-3p	10090	miRNA	
URS00005374D8	TARBASE	mmu-miR-1199-5p	10090	miRNA	
URS0000537D7C	TARBASE	mmu-miR-351-5p	10090	miRNA	
URS00005386B6	TARBASE	mmu-miR-1929-5p	10090	miRNA	
URS000053966D	TARBASE	hsa-miR-3619-5p	9606	miRNA	
URS000053FD11	TARBASE	mmu-miR-500-3p	10090	miRNA	
URS00005416E3	TARBASE	hsa-miR-31-5p	9606	miRNA	
URS0000543D82	TARBASE	hsa-miR-184	9606	miRNA	
URS0000543D82	TARBASE	mmu-miR-184-3p	10090	miRNA	
URS0000544FF1	TARBASE	hsa-miR-502-5p	9606	miRNA	
URS0000545517	TARBASE	mmu-miR-674-5p	10090	miRNA	
URS00005485E8	TARBASE	hsa-miR-4745-5p	9606	miRNA	
URS000054D341	TARBASE	hsa-miR-585-3p	9606	miRNA	
URS000054DF42	TARBASE	hsa-miR-659-5p	9606	miRNA	
URS000054FB91	TARBASE	mmu-miR-16-1-3p	10090	miRNA	
URS0000550C66	TARBASE	hsa-miR-452-5p	9606	miRNA	
URS000055128B	TARBASE	hsa-miR-210-3p	9606	miRNA	
URS000055128B	TARBASE	mmu-miR-210-3p	10090	miRNA	
URS00005517FD	TARBASE	hsa-miR-138-1-3p	9606	miRNA	
URS0000552112	TARBASE	hsa-miR-1283	9606	miRNA	
URS0000553F51	TARBASE	hsa-miR-937-3p	9606	miRNA	
URS00005540D2	TARBASE	hsa-miR-23a-3p	9606	miRNA	
URS00005540D2	TARBASE	mmu-miR-23a-3p	10090	miRNA	
URS0000554A4F	TARBASE	hsa-miR-199a-5p	9606	miRNA	
URS0000554A4F	TARBASE	mmu-miR-199a-5p	10090	miRNA	
URS0000555DA6	TARBASE	hsa-miR-4326	9606	miRNA	
URS00005586D0	TARBASE	hsa-miR-1292-5p	9606	miRNA	
URS000055929F	TARBASE	hsa-miR-5090	9606	miRNA	
URS000055B190	TARBASE	hsa-miR-339-3p	9606	miRNA	
URS000055BB1F	TARBASE	hsa-miR-23b-5p	9606	miRNA	
URS000055BBE5	TARBASE	hsa-miR-429	9606	miRNA	
URS000055C019	TARBASE	hsa-miR-1207-5p	9606	miRNA	
URS000055E199	TARBASE	hsa-miR-141-5p	9606	miRNA	
URS000055E32C	TARBASE	hsa-miR-5006-3p	9606	miRNA	
URS00005606AA	TARBASE	hsa-miR-4422	9606	miRNA	
URS00005609ED	TARBASE	hsa-miR-874-3p	9606	miRNA	
URS000056100C	TARBASE	mmu-miR-450b-5p	10090	miRNA	
URS0000561F50	TARBASE	mmu-miR-298-5p	10090	miRNA	
URS000056215C	TARBASE	hsa-miR-1827	9606	miRNA	
URS0000564D66	TARBASE	hsa-miR-337-3p	9606	miRNA	
URS0000565C8D	TARBASE	hsa-miR-219a-5p	9606	miRNA	
URS00005661CD	TARBASE	mmu-miR-1188-5p	10090	miRNA	
URS00005662FF	TARBASE	mmu-miR-466i-3p	10090	miRNA	
URS0000567AB1	TARBASE	hsa-miR-4423-5p	9606	miRNA	
URS0000568FF8	TARBASE	hsa-miR-1262	9606	miRNA	
URS000056B04E	TARBASE	hsa-miR-425-3p	9606	miRNA	
URS000056B180	TARBASE	hsa-miR-4496	9606	miRNA	
URS000056DB1D	TARBASE	hsa-miR-516a-5p	9606	miRNA	
URS000056F567	TARBASE	mmu-miR-5099	10090	miRNA	
URS0000570FEF	TARBASE	mmu-miR-1968-5p	10090	miRNA	
URS0000572E11	TARBASE	hsa-miR-7-2-3p	9606	miRNA	
URS00005743AE	TARBASE	hsa-miR-107	9606	miRNA	
URS00005743AE	TARBASE	mmu-miR-107-3p	10090	miRNA	
URS000057466C	TARBASE	hsa-miR-574-5p	9606	miRNA	
URS000057466C	TARBASE	mmu-miR-574-5p	10090	miRNA	
URS0000574A2C	TARBASE	hsa-miR-20a-5p	9606	miRNA	
URS0000574A2C	TARBASE	mmu-miR-20a-5p	10090	miRNA	
URS0000576F83	TARBASE	hsa-miR-584-5p	9606	miRNA	
URS0000578557	TARBASE	hsa-miR-548ap-3p	9606	miRNA	
URS000057B50A	TARBASE	hsa-miR-664b-3p	9606	miRNA	
URS000057DF36	TARBASE	hsa-miR-1247-5p	9606	miRNA	
URS000057FDB8	TARBASE	hsa-miR-3928-3p	9606	miRNA	
URS0000586C17	TARBASE	mmu-miR-541-3p	10090	miRNA	
URS000058760A	TARBASE	hsa-miR-10b-5p	9606	miRNA	
URS000058760A	TARBASE	mmu-miR-10b-5p	10090	miRNA	
URS0000589066	TARBASE	hsa-miR-4733-5p	9606	miRNA	
URS000058BB84	TARBASE	hsa-miR-573	9606	miRNA	
URS000058BD24	TARBASE	mmu-miR-466q	10090	miRNA	
URS000058BE2C	TARBASE	mmu-miR-712-5p	10090	miRNA	
URS000058BF17	TARBASE	hsa-miR-320b	9606	miRNA	
URS00005901AD	TARBASE	hsa-miR-4772-3p	9606	miRNA	
URS00005916FD	TARBASE	mmu-miR-1839-5p	10090	miRNA	
URS00005918D5	TARBASE	hsa-let-7b-3p	9606	miRNA	
URS00005918D5	TARBASE	mmu-let-7b-3p	10090	miRNA	
URS0000591950	TARBASE	hsa-miR-7-5p	9606	miRNA	
URS0000591950	TARBASE	mmu-miR-7a-5p	10090	miRNA	
URS000059273E	TARBASE	hsa-miR-24-3p	9606	miRNA	
URS000059273E	TARBASE	mmu-miR-24-3p	10090	miRNA	
URS000059311D	TARBASE	hsa-miR-27b-3p	9606	miRNA	
URS000059311D	TARBASE	mmu-miR-27b-3p	10090	miRNA	
URS0000593537	TARBASE	hsa-miR-221-5p	9606	miRNA	
URS00005977B9	TARBASE	hsa-miR-4317	9606	miRNA	
URS0000597BED	TARBASE	hsa-miR-484	9606	miRNA	
URS0000597BED	TARBASE	mmu-miR-484	10090	miRNA	
URS000059A01D	TARBASE	hsa-miR-204-3p	9606	miRNA	
URS000059C31C	TARBASE	hsa-miR-520h	9606	miRNA	
URS000059E19C	TARBASE	hsa-miR-548b-5p	9606	miRNA	
URS000059EB31	TARBASE	hsa-miR-2278	9606	miRNA	
URS00005A06DD	TARBASE	hsa-miR-4664-5p	9606	miRNA	
URS00005A1F52	TARBASE	hsa-miR-658	9606	miRNA	
URS00005A31EB	TARBASE	hsa-miR-939-5p	9606	miRNA	
URS00005A4DCF	TARBASE	hsa-miR-125a-5p	9606	miRNA	
URS00005A4DCF	TARBASE	mmu-miR-125a-5p	10090	miRNA	
URS00005A7A84	TARBASE	hsa-miR-148b-5p	9606	miRNA	
URS00005A8080	TARBASE	hsa-miR-342-5p	9606	miRNA	
URS00005A8A8D	TARBASE	hsa-miR-1268a	9606	miRNA	
URS00005ACB9D	TARBASE	mmu-miR-18a-3p	10090	miRNA	
URS00005AD224	TARBASE	mmu-miR-136-3p	10090	miRNA	
URS00005AF7FD	TARBASE	mmu-miR-181c-3p	10090	miRNA	
URS00005B165A	TARBASE	mmu-miR-540-3p	10090	miRNA	
URS00005B2C05	TARBASE	mmu-miR-802-5p	10090	miRNA	
URS00005B3525	TARBASE	hsa-miR-195-5p	9606	miRNA	
URS00005B3525	TARBASE	mmu-miR-195a-5p	10090	miRNA	
URS00005B6542	TARBASE	hsa-miR-4792	9606	miRNA	
URS00005B6CAF	TARBASE	hsa-miR-4690-5p	9606	miRNA	
URS00005BE56D	TARBASE	hsa-miR-3929	9606	miRNA	
URS00005C2A6D	TARBASE	hsa-miR-143-3p	9606	miRNA	
URS00005C2A6D	TARBASE	mmu-miR-143-3p	10090	miRNA	
URS00005C2E31	TARBASE	hsa-miR-191-5p	9606	miRNA	
URS00005C2E31	TARBASE	mmu-miR-191-5p	10090	piRNA	
URS00005C62FC	TARBASE	hsa-miR-99a-3p	9606	miRNA	
URS00005C83FD	TARBASE	mmu-miR-467b-5p	10090	miRNA	
URS00005CACA0	TARBASE	hsa-miR-590-5p	9606	miRNA	
URS00005CC20C	TARBASE	hsa-miR-504-5p	9606	miRNA	
URS00005CC853	TARBASE	mmu-miR-467e-5p	10090	miRNA	
URS00005CE113	TARBASE	hsa-miR-1295a	9606	miRNA	
URS00005CF1BF	TARBASE	hsa-miR-518f-5p	9606	miRNA	
URS00005D12AC	TARBASE	hsa-miR-4454	9606	miRNA	
URS00005D3E30	TARBASE	mmu-miR-690	10090	miRNA	
URS00005D7C80	TARBASE	hsa-miR-3130-5p	9606	miRNA	
URS00005D986D	TARBASE	hsa-miR-616-5p	9606	miRNA	
URS00005DBAF3	TARBASE	hsa-miR-193a-3p	9606	miRNA	
URS00005DBAF3	TARBASE	mmu-miR-193a-3p	10090	piRNA	
URS00005E1A16	TARBASE	hsa-miR-655-3p	9606	miRNA	
URS00005E3F32	TARBASE	hsa-miR-616-3p	9606	miRNA	
URS00005E5FB5	TARBASE	mmu-miR-30b-3p	10090	miRNA	
URS00005E640C	TARBASE	hsa-miR-3187-3p	9606	miRNA	
URS00005E651E	TARBASE	hsa-miR-376c-3p	9606	miRNA	
URS00005E6C56	TARBASE	mmu-miR-466d-3p	10090	miRNA	
URS00005E6F45	TARBASE	hsa-miR-507	9606	miRNA	
URS00005E7CB2	TARBASE	hsa-miR-493-3p	9606	miRNA	
URS00005EAAAD	TARBASE	hsa-miR-150-3p	9606	miRNA	
URS00005EAB31	TARBASE	mmu-miR-376b-3p	10090	miRNA	
URS00005ECFE5	TARBASE	hsa-miR-519a-5p	9606	miRNA	
URS00005ECFE5	TARBASE	hsa-miR-522-5p	9606	miRNA	
URS00005EEDFF	TARBASE	mmu-miR-365-2-5p	10090	miRNA	
URS00005F1B8C	TARBASE	hsa-miR-4510	9606	miRNA	
URS00005F2D64	TARBASE	hsa-miR-548d-5p	9606	miRNA	
URS00005F305A	TARBASE	hsa-miR-4448	9606	miRNA	
URS00005F4832	TARBASE	hsa-miR-4676-5p	9606	miRNA	
URS00005F4D44	TARBASE	mmu-miR-134-3p	10090	miRNA	
URS00005F5472	TARBASE	hsa-miR-769-3p	9606	miRNA	
URS00005F5B1B	TARBASE	hsa-miR-548a-5p	9606	miRNA	
URS00005F5B9E	TARBASE	hsa-miR-106a-3p	9606	miRNA	
URS00005F8E5B	TARBASE	hsa-miR-151a-5p	9606	miRNA	
URS00005F8E5B	TARBASE	mmu-miR-151-5p	10090	miRNA	
URS00005F9738	TARBASE	hsa-miR-4651	9606	miRNA	
URS00005F9A1A	TARBASE	hsa-miR-4455	9606	miRNA	
URS00005F9DAE	TARBASE	hsa-miR-589-3p	9606	miRNA	
URS00005FAA14	TARBASE	hsa-miR-744-3p	9606	miRNA	
URS00005FB354	TARBASE	mmu-miR-673-5p	10090	miRNA	
URS00005FDCD1	TARBASE	hsa-miR-1266-5p	9606	miRNA	
URS00005FDE70	TARBASE	hsa-miR-328-3p	9606	miRNA	
URS00005FDE70	TARBASE	mmu-miR-328-3p	10090	miRNA	
URS00005FE063	TARBASE	hsa-miR-3180	9606	miRNA	
URS0000601CC4	TARBASE	hsa-miR-502-3p	9606	miRNA	
URS00006054DA	TARBASE	hsa-miR-132-3p	9606	miRNA	
URS00006054DA	TARBASE	mmu-miR-132-3p	10090	miRNA	
URS0000605E00	TARBASE	hsa-miR-181b-5p	9606	miRNA	
URS0000605E00	TARBASE	mmu-miR-181b-5p	10090	miRNA	
URS00006097A6	TARBASE	hsa-miR-4306	9606	miRNA	
URS0000609C67	TARBASE	hsa-miR-2355-5p	9606	miRNA	
URS000060A0B0	TARBASE	hsa-miR-103a-2-5p	9606	miRNA	
URS000060A1F4	TARBASE	hsa-miR-379-5p	9606	miRNA	
URS000060A1F4	TARBASE	mmu-miR-379-5p	10090	miRNA	
URS000060AABB	TARBASE	hsa-miR-1249-3p	9606	miRNA	
URS000060E0A6	TARBASE	hsa-miR-3116	9606	miRNA	
URS0000610EFA	TARBASE	hsa-miR-3143	9606	miRNA	
URS0000611746	TARBASE	hsa-miR-196b-5p	9606	miRNA	
URS0000611746	TARBASE	mmu-miR-196b-5p	10090	miRNA	
URS000061AB33	TARBASE	hsa-miR-188-3p	9606	miRNA	
URS000061AB33	TARBASE	mmu-miR-188-3p	10090	miRNA	
URS000061B694	TARBASE	hsa-miR-146b-5p	9606	miRNA	
URS000061B694	TARBASE	mmu-miR-146b-5p	10090	piRNA	
URS000061BAF5	TARBASE	hsa-miR-3619-3p	9606	miRNA	
URS000061BE3B	TARBASE	hsa-miR-628-3p	9606	miRNA	
URS000061CB8F	TARBASE	hsa-miR-16-1-3p	9606	miRNA	
URS000061D3E1	TARBASE	mmu-miR-470-5p	10090	miRNA	
URS000061DF98	TARBASE	mmu-miR-711	10090	miRNA	
URS000061E50F	TARBASE	hsa-miR-653-5p	9606	miRNA	
URS000061E740	TARBASE	hsa-miR-197-3p	9606	miRNA	
URS00007455B8	TARBASE	hsa-miR-1911-5p	9606	miRNA	
URS0000759916	TARBASE	hsa-miR-612	9606	miRNA	
URS00007599CB	TARBASE	hsa-miR-606	9606	miRNA	
URS00007599F1	TARBASE	hsa-miR-548at-3p	9606	miRNA	
URS0000759A61	TARBASE	hsa-miR-607	9606	miRNA	
URS0000759B98	TARBASE	hsa-miR-593-5p	9606	miRNA	
URS0000759CD8	TARBASE	hsa-miR-921	9606	miRNA	
URS0000759D24	TARBASE	hsa-miR-3685	9606	miRNA	
URS0000759E8F	TARBASE	hsa-miR-888-3p	9606	miRNA	
URS0000759EB8	TARBASE	hsa-miR-4491	9606	miRNA	
URS0000759EBF	TARBASE	hsa-miR-2681-5p	9606	miRNA	
URS0000759ECA	TARBASE	hsa-miR-372-3p	9606	miRNA	
URS000075A00C	TARBASE	hsa-miR-650	9606	miRNA	
URS000075A073	TARBASE	hsa-miR-936	9606	miRNA	
URS000075A099	TARBASE	hsa-miR-802	9606	miRNA	
URS000075A169	TARBASE	hsa-miR-770-5p	9606	miRNA	
URS000075A17D	TARBASE	hsa-miR-4473	9606	miRNA	
URS000075A29E	TARBASE	hsa-miR-5680	9606	miRNA	
URS000075A2F8	TARBASE	hsa-miR-4632-3p	9606	miRNA	
URS000075A32E	TARBASE	hsa-miR-302d-5p	9606	miRNA	
URS000075A3AC	TARBASE	hsa-miR-541-3p	9606	miRNA	
URS000075A42A	TARBASE	hsa-miR-892b	9606	miRNA	
URS000075A4E8	TARBASE	hsa-miR-661	9606	miRNA	
URS000075A5E2	TARBASE	hsa-miR-562	9606	miRNA	
URS000075A613	TARBASE	hsa-miR-3689f	9606	miRNA	
URS000075A6F1	TARBASE	hsa-miR-603	9606	miRNA	
URS000075A6FD	TARBASE	hsa-miR-552-3p	9606	miRNA	
URS000075A763	TARBASE	hsa-miR-1237-3p	9606	miRNA	
URS000075A76A	TARBASE	hsa-miR-4424	9606	miRNA	
URS000075A79D	TARBASE	hsa-miR-636	9606	miRNA	
URS000075A962	TARBASE	hsa-miR-4482-5p	9606	miRNA	
URS000075A9FF	TARBASE	hsa-miR-4452	9606	miRNA	
URS000075AA94	TARBASE	hsa-miR-138-2-3p	9606	miRNA	
URS000075AB0E	TARBASE	hsa-miR-4487	9606	miRNA	
URS000075AB14	TARBASE	hsa-miR-619-3p	9606	miRNA	
URS000075AB46	TARBASE	hsa-miR-4504	9606	miRNA	
URS000075AC39	TARBASE	hsa-miR-373-5p	9606	miRNA	
URS000075AD14	TARBASE	hsa-miR-5581-5p	9606	miRNA	
URS000075AE29	TARBASE	hsa-miR-559	9606	miRNA	
URS000075AEA5	TARBASE	hsa-miR-548au-3p	9606	miRNA	
URS000075AEB2	TARBASE	hsa-miR-1267	9606	miRNA	
URS000075AF4A	TARBASE	hsa-miR-1825	9606	miRNA	
URS000075AFB4	TARBASE	hsa-miR-630	9606	miRNA	
URS000075B05D	TARBASE	hsa-miR-583	9606	miRNA	
URS000075B0C2	TARBASE	hsa-miR-891a-5p	9606	miRNA	
URS000075B0F6	TARBASE	hsa-miR-4476	9606	miRNA	
URS000075B186	TARBASE	hsa-miR-5690	9606	miRNA	
URS000075B1CE	TARBASE	hsa-miR-642b-5p	9606	miRNA	
URS000075B269	TARBASE	hsa-miR-647	9606	miRNA	
URS000075B33B	TARBASE	hsa-miR-617	9606	miRNA	
URS000075B447	TARBASE	hsa-miR-182-3p	9606	miRNA	
URS000075B452	TARBASE	hsa-miR-371a-3p	9606	miRNA	
URS000075B74D	TARBASE	hsa-miR-611	9606	miRNA	
URS000075B75E	TARBASE	hsa-miR-595	9606	miRNA	
URS000075B7A1	TARBASE	hsa-miR-875-3p	9606	miRNA	
URS000075B84E	TARBASE	hsa-miR-1915-5p	9606	miRNA	
URS000075B8B8	TARBASE	hsa-miR-639	9606	miRNA	
URS000075B8FA	TARBASE	hsa-miR-924	9606	miRNA	
URS000075B9A9	TARBASE	hsa-miR-548ar-5p	9606	miRNA	
URS000075BAE0	TARBASE	mmu-miR-882	10090	miRNA	
URS000075BAE6	TARBASE	hsa-miR-122-3p	9606	miRNA	
URS000075BB29	TARBASE	hsa-miR-1229-3p	9606	miRNA	
URS000075BB59	TARBASE	hsa-miR-499a-3p	9606	miRNA	
URS000075BBD1	TARBASE	hsa-miR-3689a-3p	9606	miRNA	
URS000075BBE1	TARBASE	mmu-miR-1894-5p	10090	miRNA	
URS000075BC35	TARBASE	hsa-miR-597-5p	9606	miRNA	
URS000075BD0D	TARBASE	hsa-miR-1976	9606	miRNA	
URS000075BE5F	TARBASE	hsa-miR-380-5p	9606	miRNA	
URS000075BE7A	TARBASE	mmu-miR-1952	10090	miRNA	
URS000075BF22	TARBASE	hsa-miR-5684	9606	miRNA	
URS000075BFCD	TARBASE	hsa-miR-602	9606	miRNA	
URS000075BFDA	TARBASE	hsa-miR-5094	9606	miRNA	
URS000075C018	TARBASE	hsa-miR-4265	9606	miRNA	
URS000075C04A	TARBASE	hsa-miR-659-3p	9606	miRNA	
URS000075C082	TARBASE	hsa-miR-1913	9606	miRNA	
URS000075C11C	TARBASE	hsa-miR-1914-5p	9606	miRNA	
URS000075C163	TARBASE	hsa-miR-3620-3p	9606	miRNA	
URS000075C165	TARBASE	hsa-miR-1224-3p	9606	miRNA	
URS000075C235	TARBASE	hsa-miR-525-3p	9606	miRNA	
URS000075C267	TARBASE	hsa-miR-557	9606	miRNA	
URS000075C2FC	TARBASE	hsa-miR-325	9606	miRNA	
URS000075C340	TARBASE	hsa-miR-601	9606	miRNA	
URS000075C3F6	TARBASE	hsa-miR-663b	9606	miRNA	
URS000075C49D	TARBASE	hsa-miR-412-3p	9606	miRNA	
URS000075C4C7	TARBASE	hsa-miR-657	9606	miRNA	
URS000075C58E	TARBASE	hsa-miR-4524a-5p	9606	miRNA	
URS000075C59B	TARBASE	hsa-miR-3657	9606	miRNA	
URS000075C59E	TARBASE	hsa-miR-302a-5p	9606	miRNA	
URS000075C5FB	TARBASE	hsa-miR-575	9606	miRNA	
URS000075C61C	TARBASE	hsa-miR-571	9606	miRNA	
URS000075C639	TARBASE	hsa-miR-632	9606	miRNA	
URS000075C77C	TARBASE	hsa-miR-2114-5p	9606	miRNA	
URS000075C7C4	TARBASE	hsa-miR-548g-3p	9606	miRNA	
URS000075C862	TARBASE	hsa-miR-1909-5p	9606	miRNA	
URS000075C986	TARBASE	hsa-miR-662	9606	miRNA	
URS000075CA38	TARBASE	hsa-miR-4999-5p	9606	miRNA	
URS000075CAC3	TARBASE	hsa-miR-198	9606	miRNA	
URS000075CAED	TARBASE	hsa-miR-1288-3p	9606	miRNA	
URS000075CAF3	TARBASE	hsa-miR-548au-5p	9606	miRNA	
URS000075CAF8	TARBASE	hsa-miR-588	9606	miRNA	
URS000075CC1D	TARBASE	hsa-miR-1231	9606	miRNA	
URS000075CCFA	TARBASE	hsa-miR-605-5p	9606	miRNA	
URS000075CCFE	TARBASE	hsa-miR-4254	9606	miRNA	
URS000075CD8F	TARBASE	hsa-miR-3681-5p	9606	miRNA	
URS000075CE29	TARBASE	hsa-miR-634	9606	miRNA	
URS000075CEB8	TARBASE	hsa-miR-572	9606	miRNA	
URS000075CED1	TARBASE	hsa-miR-567	9606	miRNA	
URS000075CFA8	TARBASE	hsa-miR-1227-3p	9606	miRNA	
URS000075CFC2	TARBASE	hsa-miR-300	9606	miRNA	
URS000075D046	TARBASE	hsa-miR-609	9606	miRNA	
URS000075D04C	TARBASE	hsa-miR-323b-5p	9606	miRNA	
URS000075D0D9	TARBASE	hsa-miR-4479	9606	miRNA	
URS000075D0F5	TARBASE	hsa-miR-1225-5p	9606	miRNA	
URS000075D126	TARBASE	hsa-miR-5582-3p	9606	miRNA	
URS000075D139	TARBASE	hsa-miR-4279	9606	miRNA	
URS000075D1A9	TARBASE	mmu-miR-343	10090	miRNA	
URS000075D1DD	TARBASE	hsa-miR-561-3p	9606	miRNA	
URS000075D202	TARBASE	mmu-miR-105	10090	miRNA	
URS000075D269	TARBASE	hsa-miR-548at-5p	9606	miRNA	
URS000075D2C7	TARBASE	hsa-miR-5008-3p	9606	miRNA	
URS000075D311	TARBASE	hsa-miR-548ax	9606	miRNA	
URS000075D33D	TARBASE	hsa-miR-3689a-5p	9606	miRNA	
URS000075D33D	TARBASE	hsa-miR-3689b-5p	9606	miRNA	
URS000075D33D	TARBASE	hsa-miR-3689e	9606	miRNA	
URS000075D35F	TARBASE	hsa-miR-922	9606	miRNA	
URS000075D407	TARBASE	hsa-miR-593-3p	9606	miRNA	
URS000075D491	TARBASE	hsa-miR-3923	9606	miRNA	
URS000075D4D2	TARBASE	hsa-miR-670-5p	9606	miRNA	
URS000075D549	TARBASE	hsa-miR-2115-5p	9606	miRNA	
URS000075D58E	TARBASE	hsa-miR-19b-2-5p	9606	miRNA	
URS000075D5EB	TARBASE	hsa-miR-3924	9606	miRNA	
URS000075D612	TARBASE	hsa-miR-5682	9606	miRNA	
URS000075D760	TARBASE	hsa-miR-297	9606	miRNA	
URS000075D7E6	TARBASE	hsa-miR-5586-3p	9606	miRNA	
URS000075D89C	TARBASE	hsa-miR-587	9606	miRNA	
URS000075D8A7	TARBASE	hsa-miR-1236-3p	9606	miRNA	
URS000075D962	TARBASE	hsa-miR-520d-3p	9606	miRNA	
URS000075D9A5	TARBASE	hsa-miR-580-3p	9606	miRNA	
URS000075DAD2	TARBASE	hsa-miR-943	9606	miRNA	
URS000075DB2F	TARBASE	hsa-miR-638	9606	miRNA	
URS000075DB77	TARBASE	hsa-miR-604	9606	miRNA	
URS000075DC15	TARBASE	hsa-miR-302c-5p	9606	miRNA	
URS000075DC55	TARBASE	hsa-miR-635	9606	miRNA	
URS000075DC5B	TARBASE	hsa-miR-515-3p	9606	miRNA	
URS000075DD5B	TARBASE	hsa-miR-649	9606	miRNA	
URS000075DD84	TARBASE	hsa-miR-548an	9606	miRNA	
URS000075DDAA	TARBASE	hsa-miR-591	9606	miRNA	
URS000075DDC1	TARBASE	hsa-miR-1182	9606	miRNA	
URS000075DDFA	TARBASE	hsa-miR-4301	9606	miRNA	
URS000075DF76	TARBASE	hsa-miR-4287	9606	miRNA	
URS000075E072	TARBASE	hsa-miR-5196-3p	9606	miRNA	
URS000075E096	TARBASE	hsa-miR-1243	9606	miRNA	
URS000075E0A8	TARBASE	hsa-miR-621	9606	miRNA	
URS000075E148	TARBASE	hsa-miR-631	9606	miRNA	
URS000075E194	TARBASE	hsa-miR-1234-3p	9606	miRNA	
URS000075E34C	TARBASE	hsa-miR-1914-3p	9606	miRNA	
URS000075E3D4	TARBASE	hsa-miR-4513	9606	miRNA	
URS000075E3D9	TARBASE	hsa-miR-5008-5p	9606	miRNA	
URS000075E498	TARBASE	hsa-miR-648	9606	miRNA	
URS000075E566	TARBASE	hsa-miR-302e	9606	miRNA	
URS000075E57D	TARBASE	hsa-miR-518e-3p	9606	miRNA	
URS000075E5BD	TARBASE	hsa-miR-614	9606	miRNA	
URS000075E661	TARBASE	hsa-miR-522-3p	9606	miRNA	
URS000075E7A3	TARBASE	hsa-miR-1281	9606	miRNA	
URS000075E887	TARBASE	hsa-miR-626	9606	miRNA	
URS000075E8C2	TARBASE	hsa-miR-1282	9606	miRNA	
URS000075E8D3	TARBASE	hsa-miR-3667-5p	9606	miRNA	
URS000075E8E6	TARBASE	hsa-miR-4511	9606	miRNA	
URS000075E8EC	TARBASE	hsa-miR-1263	9606	miRNA	
URS000075E8F5	TARBASE	hsa-miR-298	9606	miRNA	
URS000075E909	TARBASE	hsa-miR-1202	9606	miRNA	
URS000075E944	TARBASE	hsa-miR-622	9606	miRNA	
URS000075E9BD	TARBASE	hsa-miR-518f-3p	9606	miRNA	
URS000075EAB0	TARBASE	hsa-miR-1226-5p	9606	miRNA	
URS000075EB18	TARBASE	hsa-miR-4437	9606	miRNA	
URS000075EBEF	TARBASE	hsa-miR-608	9606	miRNA	
URS000075ED17	TARBASE	hsa-miR-564	9606	miRNA	
URS000075ED39	TARBASE	hsa-miR-558	9606	miRNA	
URS000075EDCB	TARBASE	hsa-miR-3943	9606	miRNA	
URS000075EDEB	TARBASE	mmu-miR-2861	10090	miRNA	
URS000075EE0B	TARBASE	hsa-miR-4420	9606	miRNA	
URS000075EE93	TARBASE	hsa-miR-920	9606	miRNA	
URS000075EF97	TARBASE	hsa-miR-637	9606	miRNA	
URS0000762B8A	TARBASE	mmu-miR-101b-3p	10090	miRNA	
URS00007640F1	TARBASE	mmu-miR-337-3p	10090	miRNA	
URS000077505C	TARBASE	mmu-miR-337-5p	10090	miRNA	
URS00007E385E	TARBASE	hsa-miR-4537	9606	miRNA	
URS00007E410F	TARBASE	hsa-miR-3181	9606	miRNA	
